timestamp,machine_id,cpu_rate,memory_rate
300,borg_cluster_agg,0.85,0.85
600,borg_cluster_agg,0.10754,0.24621
900,borg_cluster_agg,0.12777,0.10188
1200,borg_cluster_agg,0.16064,0.1322
1500,borg_cluster_agg,0.42051,0.24766
1800,borg_cluster_agg,0.19067,0.28361
2100,borg_cluster_agg,0.10145,0.11836
2400,borg_cluster_agg,0.34101,0.28686
2700,borg_cluster_agg,0.58058,0.45536
3000,borg_cluster_agg,0.82014,0.62386
3300,borg_cluster_agg,0.45967,0.85
3600,borg_cluster_agg,0.1,0.85
3900,borg_cluster_agg,0.10006,0.85
4200,borg_cluster_agg,0.10091,0.69725
4500,borg_cluster_agg,0.10177,0.41528
4800,borg_cluster_agg,0.10263,0.13332
5100,borg_cluster_agg,0.12249,0.13175
5400,borg_cluster_agg,0.14235,0.13019
5700,borg_cluster_agg,0.16221,0.12863
6000,borg_cluster_agg,0.18207,0.12706
6300,borg_cluster_agg,0.13744,0.11058
6600,borg_cluster_agg,0.20619,0.24337
6900,borg_cluster_agg,0.28497,0.20848
7200,borg_cluster_agg,0.36374,0.17358
7500,borg_cluster_agg,0.66152,0.16989
7800,borg_cluster_agg,0.26173,0.12264
8100,borg_cluster_agg,0.10331,0.10638
8400,borg_cluster_agg,0.12781,0.16195
8700,borg_cluster_agg,0.15231,0.21753
9000,borg_cluster_agg,0.1,0.15733
9300,borg_cluster_agg,0.52783,0.2716
9600,borg_cluster_agg,0.15624,0.24562
9900,borg_cluster_agg,0.18957,0.24217
10200,borg_cluster_agg,0.10046,0.12974
10500,borg_cluster_agg,0.10588,0.11213
10800,borg_cluster_agg,0.12961,0.1419
11100,borg_cluster_agg,0.15333,0.17168
11400,borg_cluster_agg,0.17706,0.20145
11700,borg_cluster_agg,0.20078,0.23123
12000,borg_cluster_agg,0.22451,0.26101
12300,borg_cluster_agg,0.10728,0.11428
12600,borg_cluster_agg,0.1031,0.10565
12900,borg_cluster_agg,0.1,0.1
13200,borg_cluster_agg,0.10121,0.10302
13500,borg_cluster_agg,0.10349,0.10903
13800,borg_cluster_agg,0.10577,0.11503
14100,borg_cluster_agg,0.10806,0.12103
14400,borg_cluster_agg,0.26255,0.18741
14700,borg_cluster_agg,0.41704,0.25379
15000,borg_cluster_agg,0.11231,0.14252
15300,borg_cluster_agg,0.11111,0.12921
15600,borg_cluster_agg,0.10991,0.11589
15900,borg_cluster_agg,0.13853,0.25504
16200,borg_cluster_agg,0.10661,0.33352
16500,borg_cluster_agg,0.14635,0.29059
16800,borg_cluster_agg,0.18609,0.24766
17100,borg_cluster_agg,0.30074,0.342
17400,borg_cluster_agg,0.34653,0.35308
17700,borg_cluster_agg,0.14246,0.22694
18000,borg_cluster_agg,0.15221,0.22538
18300,borg_cluster_agg,0.15272,0.2421
18600,borg_cluster_agg,0.15322,0.25883
18900,borg_cluster_agg,0.15373,0.27555
19200,borg_cluster_agg,0.14477,0.24751
19500,borg_cluster_agg,0.13582,0.21946
19800,borg_cluster_agg,0.10503,0.18064
20100,borg_cluster_agg,0.16192,0.14289
20400,borg_cluster_agg,0.80506,0.15403
20700,borg_cluster_agg,0.45472,0.85
21000,borg_cluster_agg,0.10437,0.85
21300,borg_cluster_agg,0.20423,0.22161
21600,borg_cluster_agg,0.12973,0.22663
21900,borg_cluster_agg,0.84809,0.40941
22200,borg_cluster_agg,0.66344,0.38286
22500,borg_cluster_agg,0.47879,0.35631
22800,borg_cluster_agg,0.29414,0.32976
23100,borg_cluster_agg,0.10949,0.30322
23400,borg_cluster_agg,0.45858,0.1968
23700,borg_cluster_agg,0.10467,0.13802
24000,borg_cluster_agg,0.10732,0.14993
24300,borg_cluster_agg,0.10996,0.16183
24600,borg_cluster_agg,0.11261,0.17373
24900,borg_cluster_agg,0.11044,0.10075
25200,borg_cluster_agg,0.77946,0.13857
25500,borg_cluster_agg,0.11254,0.14072
25800,borg_cluster_agg,0.11214,0.31091
26100,borg_cluster_agg,0.21668,0.36293
26400,borg_cluster_agg,0.12584,0.2856
26700,borg_cluster_agg,0.85,0.85
27000,borg_cluster_agg,0.85,0.85
27300,borg_cluster_agg,0.85,0.85
27600,borg_cluster_agg,0.83471,0.85
27900,borg_cluster_agg,0.59077,0.62755
28200,borg_cluster_agg,0.34682,0.36319
28500,borg_cluster_agg,0.10288,0.1
28800,borg_cluster_agg,0.10723,0.19577
29100,borg_cluster_agg,0.11158,0.29271
29400,borg_cluster_agg,0.23753,0.22997
29700,borg_cluster_agg,0.36349,0.16722
30000,borg_cluster_agg,0.35302,0.18357
30300,borg_cluster_agg,0.34256,0.19993
30600,borg_cluster_agg,0.33209,0.21628
30900,borg_cluster_agg,0.32163,0.23263
31200,borg_cluster_agg,0.31116,0.24898
31500,borg_cluster_agg,0.3007,0.26533
31800,borg_cluster_agg,0.29023,0.28168
32100,borg_cluster_agg,0.27977,0.29804
32400,borg_cluster_agg,0.2693,0.31439
32700,borg_cluster_agg,0.31894,0.31983
33000,borg_cluster_agg,0.36858,0.32526
33300,borg_cluster_agg,0.41822,0.3307
33600,borg_cluster_agg,0.35238,0.63333
33900,borg_cluster_agg,0.27031,0.46021
34200,borg_cluster_agg,0.18825,0.28709
34500,borg_cluster_agg,0.10618,0.11397
34800,borg_cluster_agg,0.85,0.37685
35100,borg_cluster_agg,0.14237,0.20638
35400,borg_cluster_agg,0.1,0.11024
35700,borg_cluster_agg,0.39377,0.14878
36000,borg_cluster_agg,0.85,0.85
36300,borg_cluster_agg,0.85,0.85
36600,borg_cluster_agg,0.85,0.85
36900,borg_cluster_agg,0.13668,0.14231
37200,borg_cluster_agg,0.18571,0.15752
37500,borg_cluster_agg,0.23474,0.17272
37800,borg_cluster_agg,0.28378,0.18792
38100,borg_cluster_agg,0.33281,0.20312
38400,borg_cluster_agg,0.22848,0.28586
38700,borg_cluster_agg,0.23616,0.25595
39000,borg_cluster_agg,0.24383,0.22603
39300,borg_cluster_agg,0.25151,0.19612
39600,borg_cluster_agg,0.25918,0.16621
39900,borg_cluster_agg,0.26686,0.1363
40200,borg_cluster_agg,0.10103,0.10031
40500,borg_cluster_agg,0.10224,0.1
40800,borg_cluster_agg,0.10747,0.1059
41100,borg_cluster_agg,0.11269,0.11722
41400,borg_cluster_agg,0.11792,0.12854
41700,borg_cluster_agg,0.11202,0.10809
42000,borg_cluster_agg,0.11207,0.1046
42300,borg_cluster_agg,0.20347,0.12786
42600,borg_cluster_agg,0.29488,0.15113
42900,borg_cluster_agg,0.12963,0.16666
43200,borg_cluster_agg,0.20551,0.15356
43500,borg_cluster_agg,0.21035,0.16905
43800,borg_cluster_agg,0.21519,0.18454
44100,borg_cluster_agg,0.28855,0.14096
44400,borg_cluster_agg,0.36191,0.1
44700,borg_cluster_agg,0.29902,0.10595
45000,borg_cluster_agg,0.23614,0.11452
45300,borg_cluster_agg,0.17325,0.12309
45600,borg_cluster_agg,0.11037,0.13167
45900,borg_cluster_agg,0.12545,0.1691
46200,borg_cluster_agg,0.14054,0.20654
46500,borg_cluster_agg,0.17079,0.12813
46800,borg_cluster_agg,0.20245,0.1786
47100,borg_cluster_agg,0.2341,0.22906
47400,borg_cluster_agg,0.26576,0.27953
47700,borg_cluster_agg,0.19713,0.22487
48000,borg_cluster_agg,0.1285,0.1702
48300,borg_cluster_agg,0.1187,0.14708
48600,borg_cluster_agg,0.1089,0.12395
48900,borg_cluster_agg,0.1,0.10082
49200,borg_cluster_agg,0.10312,0.13516
49500,borg_cluster_agg,0.10714,0.1695
49800,borg_cluster_agg,0.10844,0.18394
50100,borg_cluster_agg,0.10973,0.19839
50400,borg_cluster_agg,0.10068,0.11907
50700,borg_cluster_agg,0.33297,0.21156
51000,borg_cluster_agg,0.15185,0.13622
51300,borg_cluster_agg,0.1581,0.13515
51600,borg_cluster_agg,0.16435,0.13408
51900,borg_cluster_agg,0.1706,0.13301
52200,borg_cluster_agg,0.17685,0.13194
52500,borg_cluster_agg,0.11005,0.20685
52800,borg_cluster_agg,0.1,0.11621
53100,borg_cluster_agg,0.18866,0.32834
53400,borg_cluster_agg,0.10158,0.11911
53700,borg_cluster_agg,0.14444,0.18173
54000,borg_cluster_agg,0.18731,0.24436
54300,borg_cluster_agg,0.23017,0.30698
54600,borg_cluster_agg,0.18701,0.26128
54900,borg_cluster_agg,0.14385,0.21559
55200,borg_cluster_agg,0.10068,0.16989
55500,borg_cluster_agg,0.11037,0.85
55800,borg_cluster_agg,0.12005,0.85
56100,borg_cluster_agg,0.12973,0.85
56400,borg_cluster_agg,0.13144,0.85
56700,borg_cluster_agg,0.13314,0.85
57000,borg_cluster_agg,0.13484,0.12841
57300,borg_cluster_agg,0.24268,0.12931
57600,borg_cluster_agg,0.2435,0.2147
57900,borg_cluster_agg,0.24432,0.30009
58200,borg_cluster_agg,0.21882,0.32124
58500,borg_cluster_agg,0.19332,0.34239
58800,borg_cluster_agg,0.16782,0.36354
59100,borg_cluster_agg,0.14233,0.38469
59400,borg_cluster_agg,0.1452,0.12678
59700,borg_cluster_agg,0.15762,0.23573
60000,borg_cluster_agg,0.15225,0.22581
60300,borg_cluster_agg,0.14688,0.21588
60600,borg_cluster_agg,0.14151,0.20595
60900,borg_cluster_agg,0.13614,0.19602
61200,borg_cluster_agg,0.10208,0.10228
61500,borg_cluster_agg,0.10014,0.12802
61800,borg_cluster_agg,0.17531,0.12854
62100,borg_cluster_agg,0.25047,0.12906
62400,borg_cluster_agg,0.32564,0.12959
62700,borg_cluster_agg,0.30648,0.15602
63000,borg_cluster_agg,0.28731,0.18246
63300,borg_cluster_agg,0.26814,0.20889
63600,borg_cluster_agg,0.10233,0.1
63900,borg_cluster_agg,0.10018,0.1
64200,borg_cluster_agg,0.1,0.1
64500,borg_cluster_agg,0.77653,0.28643
64800,borg_cluster_agg,0.43968,0.193
65100,borg_cluster_agg,0.10284,0.1
65400,borg_cluster_agg,0.10151,0.1252
65700,borg_cluster_agg,0.1,0.10479
66000,borg_cluster_agg,0.15093,0.11857
66300,borg_cluster_agg,0.20208,0.13235
66600,borg_cluster_agg,0.25324,0.14614
66900,borg_cluster_agg,0.3044,0.15992
67200,borg_cluster_agg,0.32135,0.42326
67500,borg_cluster_agg,0.24166,0.23759
67800,borg_cluster_agg,0.27502,0.26722
68100,borg_cluster_agg,0.30837,0.29686
68400,borg_cluster_agg,0.34173,0.32649
68700,borg_cluster_agg,0.37509,0.35613
69000,borg_cluster_agg,0.12256,0.15086
69300,borg_cluster_agg,0.26448,0.32128
69600,borg_cluster_agg,0.1628,0.1941
69900,borg_cluster_agg,0.13037,0.14578
70200,borg_cluster_agg,0.1,0.1
70500,borg_cluster_agg,0.10952,0.17201
70800,borg_cluster_agg,0.1037,0.102
71100,borg_cluster_agg,0.14146,0.20732
71400,borg_cluster_agg,0.24468,0.16705
71700,borg_cluster_agg,0.34791,0.12677
72000,borg_cluster_agg,0.11295,0.24013
72300,borg_cluster_agg,0.21477,0.20214
72600,borg_cluster_agg,0.3796,0.10003
72900,borg_cluster_agg,0.24053,0.12003
73200,borg_cluster_agg,0.10147,0.14003
73500,borg_cluster_agg,0.18985,0.27859
73800,borg_cluster_agg,0.1,0.13771
74100,borg_cluster_agg,0.11316,0.12511
74400,borg_cluster_agg,0.12658,0.11252
74700,borg_cluster_agg,0.10233,0.10283
75000,borg_cluster_agg,0.1,0.10312
75300,borg_cluster_agg,0.1,0.1
75600,borg_cluster_agg,0.1,0.1
75900,borg_cluster_agg,0.59559,0.6396
76200,borg_cluster_agg,0.40582,0.47754
76500,borg_cluster_agg,0.21605,0.31548
76800,borg_cluster_agg,0.1871,0.26157
77100,borg_cluster_agg,0.15815,0.20766
77400,borg_cluster_agg,0.1292,0.15375
77700,borg_cluster_agg,0.10025,0.1
78000,borg_cluster_agg,0.10895,0.1
78300,borg_cluster_agg,0.25276,0.17224
78600,borg_cluster_agg,0.11969,0.1
78900,borg_cluster_agg,0.12743,0.16803
79200,borg_cluster_agg,0.13517,0.24128
79500,borg_cluster_agg,0.12676,0.15333
79800,borg_cluster_agg,0.22959,0.17584
80100,borg_cluster_agg,0.33242,0.19835
80400,borg_cluster_agg,0.21453,0.26841
80700,borg_cluster_agg,0.36855,0.24819
81000,borg_cluster_agg,0.52257,0.22798
81300,borg_cluster_agg,0.67658,0.20776
81600,borg_cluster_agg,0.15579,0.13214
81900,borg_cluster_agg,0.10114,0.11028
82200,borg_cluster_agg,0.21142,0.28678
82500,borg_cluster_agg,0.21397,0.26773
82800,borg_cluster_agg,0.85,0.22114
83100,borg_cluster_agg,0.12068,0.1584
83400,borg_cluster_agg,0.12171,0.56643
83700,borg_cluster_agg,0.12275,0.85
84000,borg_cluster_agg,0.20186,0.63829
84300,borg_cluster_agg,0.28096,0.30213
84600,borg_cluster_agg,0.18921,0.19793
84900,borg_cluster_agg,0.1,0.1
85200,borg_cluster_agg,0.14838,0.19843
85500,borg_cluster_agg,0.19931,0.30314
85800,borg_cluster_agg,0.14874,0.10954
86100,borg_cluster_agg,0.20915,0.30644
86400,borg_cluster_agg,0.15589,0.2094
86700,borg_cluster_agg,0.10263,0.11236
87000,borg_cluster_agg,0.10462,0.1454
87300,borg_cluster_agg,0.13324,0.12556
87600,borg_cluster_agg,0.16733,0.21846
87900,borg_cluster_agg,0.20142,0.31137
88200,borg_cluster_agg,0.19397,0.26699
88500,borg_cluster_agg,0.18652,0.22262
88800,borg_cluster_agg,0.17907,0.17824
89100,borg_cluster_agg,0.17163,0.13387
89400,borg_cluster_agg,0.13442,0.15456
89700,borg_cluster_agg,0.24378,0.50901
90000,borg_cluster_agg,0.42711,0.69528
90300,borg_cluster_agg,0.61045,0.85
90600,borg_cluster_agg,0.79378,0.85
90900,borg_cluster_agg,0.85,0.85
91200,borg_cluster_agg,0.85,0.85
91500,borg_cluster_agg,0.85,0.85
91800,borg_cluster_agg,0.85,0.85
92100,borg_cluster_agg,0.85,0.85
92400,borg_cluster_agg,0.40879,0.85
92700,borg_cluster_agg,0.29831,0.59644
93000,borg_cluster_agg,0.18783,0.30841
93300,borg_cluster_agg,0.10142,0.12245
93600,borg_cluster_agg,0.1025,0.1303
93900,borg_cluster_agg,0.10359,0.13815
94200,borg_cluster_agg,0.10468,0.146
94500,borg_cluster_agg,0.10576,0.15386
94800,borg_cluster_agg,0.10485,0.10204
95100,borg_cluster_agg,0.16298,0.17294
95400,borg_cluster_agg,0.22111,0.24385
95700,borg_cluster_agg,0.32094,0.37886
96000,borg_cluster_agg,0.10941,0.14799
96300,borg_cluster_agg,0.10702,0.13893
96600,borg_cluster_agg,0.10463,0.12986
96900,borg_cluster_agg,0.10224,0.1208
97200,borg_cluster_agg,0.37675,0.16712
97500,borg_cluster_agg,0.65126,0.21345
97800,borg_cluster_agg,0.31763,0.38174
98100,borg_cluster_agg,0.25281,0.29326
98400,borg_cluster_agg,0.18798,0.20478
98700,borg_cluster_agg,0.12315,0.11631
99000,borg_cluster_agg,0.12706,0.16951
99300,borg_cluster_agg,0.13097,0.22271
99600,borg_cluster_agg,0.29896,0.18103
99900,borg_cluster_agg,0.46696,0.13936
100200,borg_cluster_agg,0.42692,0.13903
100500,borg_cluster_agg,0.38688,0.1387
100800,borg_cluster_agg,0.34684,0.13836
101100,borg_cluster_agg,0.3068,0.13803
101400,borg_cluster_agg,0.26675,0.1377
101700,borg_cluster_agg,0.22671,0.13737
102000,borg_cluster_agg,0.18667,0.13704
102300,borg_cluster_agg,0.14663,0.13671
102600,borg_cluster_agg,0.10659,0.13638
102900,borg_cluster_agg,0.1,0.1
103200,borg_cluster_agg,0.1,0.1
103500,borg_cluster_agg,0.1,0.1
103800,borg_cluster_agg,0.10098,0.1
104100,borg_cluster_agg,0.10274,0.1
104400,borg_cluster_agg,0.10149,0.18927
104700,borg_cluster_agg,0.11463,0.1
105000,borg_cluster_agg,0.10952,0.18849
105300,borg_cluster_agg,0.1252,0.12963
105600,borg_cluster_agg,0.83801,0.85
105900,borg_cluster_agg,0.85,0.85
106200,borg_cluster_agg,0.85,0.85
106500,borg_cluster_agg,0.82606,0.85
106800,borg_cluster_agg,0.46368,0.60762
107100,borg_cluster_agg,0.1013,0.10012
107400,borg_cluster_agg,0.14107,0.14251
107700,borg_cluster_agg,0.18083,0.18491
108000,borg_cluster_agg,0.2206,0.22731
108300,borg_cluster_agg,0.26037,0.2697
108600,borg_cluster_agg,0.30013,0.3121
108900,borg_cluster_agg,0.2131,0.21861
109200,borg_cluster_agg,0.12608,0.12511
109500,borg_cluster_agg,0.11869,0.1
109800,borg_cluster_agg,0.17336,0.16571
110100,borg_cluster_agg,0.22803,0.23526
110400,borg_cluster_agg,0.20766,0.21253
110700,borg_cluster_agg,0.18729,0.18981
111000,borg_cluster_agg,0.16693,0.16708
111300,borg_cluster_agg,0.14656,0.14435
111600,borg_cluster_agg,0.19271,0.15979
111900,borg_cluster_agg,0.23886,0.17523
112200,borg_cluster_agg,0.25012,0.20076
112500,borg_cluster_agg,0.18052,0.32469
112800,borg_cluster_agg,0.14509,0.23219
113100,borg_cluster_agg,0.10967,0.13969
113400,borg_cluster_agg,0.11068,0.13841
113700,borg_cluster_agg,0.11168,0.13713
114000,borg_cluster_agg,0.11269,0.13584
114300,borg_cluster_agg,0.11369,0.13456
114600,borg_cluster_agg,0.11469,0.13328
114900,borg_cluster_agg,0.20539,0.14459
115200,borg_cluster_agg,0.18338,0.12961
115500,borg_cluster_agg,0.16136,0.11463
115800,borg_cluster_agg,0.13935,0.1
116100,borg_cluster_agg,0.30138,0.12469
116400,borg_cluster_agg,0.1,0.12559
116700,borg_cluster_agg,0.16411,0.13043
117000,borg_cluster_agg,0.22942,0.13528
117300,borg_cluster_agg,0.16288,0.27877
117600,borg_cluster_agg,0.14107,0.21698
117900,borg_cluster_agg,0.11926,0.1552
118200,borg_cluster_agg,0.1,0.1
118500,borg_cluster_agg,0.27245,0.135
118800,borg_cluster_agg,0.38205,0.79406
119100,borg_cluster_agg,0.10535,0.10793
119400,borg_cluster_agg,0.10153,0.10126
119700,borg_cluster_agg,0.10432,0.13525
120000,borg_cluster_agg,0.10712,0.16925
120300,borg_cluster_agg,0.10991,0.20324
120600,borg_cluster_agg,0.11803,0.18473
120900,borg_cluster_agg,0.12614,0.16622
121200,borg_cluster_agg,0.13426,0.14771
121500,borg_cluster_agg,0.14237,0.1292
121800,borg_cluster_agg,0.13743,0.12364
122100,borg_cluster_agg,0.13248,0.11808
122400,borg_cluster_agg,0.12754,0.11252
122700,borg_cluster_agg,0.24362,0.1414
123000,borg_cluster_agg,0.35971,0.17028
123300,borg_cluster_agg,0.18756,0.20246
123600,borg_cluster_agg,0.10925,0.10044
123900,borg_cluster_agg,0.10937,0.12285
124200,borg_cluster_agg,0.10948,0.14525
124500,borg_cluster_agg,0.10959,0.16765
124800,borg_cluster_agg,0.1097,0.19006
125100,borg_cluster_agg,0.17523,0.23978
125400,borg_cluster_agg,0.24075,0.28951
125700,borg_cluster_agg,0.14819,0.27388
126000,borg_cluster_agg,0.15211,0.22224
126300,borg_cluster_agg,0.15603,0.17059
126600,borg_cluster_agg,0.15995,0.11895
126900,borg_cluster_agg,0.15038,0.11525
127200,borg_cluster_agg,0.14082,0.11156
127500,borg_cluster_agg,0.13126,0.10786
127800,borg_cluster_agg,0.12169,0.10417
128100,borg_cluster_agg,0.11213,0.10047
128400,borg_cluster_agg,0.10119,0.12331
128700,borg_cluster_agg,0.10421,0.11648
129000,borg_cluster_agg,0.35614,0.12994
129300,borg_cluster_agg,0.28535,0.12055
129600,borg_cluster_agg,0.21455,0.11117
129900,borg_cluster_agg,0.14376,0.10179
130200,borg_cluster_agg,0.11563,0.1153
130500,borg_cluster_agg,0.11308,0.14228
130800,borg_cluster_agg,0.11052,0.16925
131100,borg_cluster_agg,0.10797,0.19623
131400,borg_cluster_agg,0.10541,0.2232
131700,borg_cluster_agg,0.10286,0.25018
132000,borg_cluster_agg,0.19022,0.12252
132300,borg_cluster_agg,0.14991,0.19045
132600,borg_cluster_agg,0.10961,0.25837
132900,borg_cluster_agg,0.51156,0.37427
133200,borg_cluster_agg,0.85,0.49017
133500,borg_cluster_agg,0.72278,0.39247
133800,borg_cluster_agg,0.53204,0.29477
134100,borg_cluster_agg,0.3413,0.19707
134400,borg_cluster_agg,0.15057,0.1
134700,borg_cluster_agg,0.14883,0.22286
135000,borg_cluster_agg,0.81975,0.72248
135300,borg_cluster_agg,0.10609,0.13983
135600,borg_cluster_agg,0.85,0.70239
135900,borg_cluster_agg,0.17063,0.28101
136200,borg_cluster_agg,0.17261,0.3187
136500,borg_cluster_agg,0.17459,0.35638
136800,borg_cluster_agg,0.17657,0.39407
137100,borg_cluster_agg,0.17856,0.43175
137400,borg_cluster_agg,0.18054,0.46944
137700,borg_cluster_agg,0.18252,0.50713
138000,borg_cluster_agg,0.11756,0.1
138300,borg_cluster_agg,0.1,0.10659
138600,borg_cluster_agg,0.10622,0.1108
138900,borg_cluster_agg,0.11368,0.10942
139200,borg_cluster_agg,0.12115,0.10804
139500,borg_cluster_agg,0.2716,0.39147
139800,borg_cluster_agg,0.11136,0.13626
140100,borg_cluster_agg,0.12611,0.10247
140400,borg_cluster_agg,0.11269,0.23013
140700,borg_cluster_agg,0.3731,0.30229
141000,borg_cluster_agg,0.31797,0.26051
141300,borg_cluster_agg,0.26284,0.21874
141600,borg_cluster_agg,0.20771,0.17696
141900,borg_cluster_agg,0.15259,0.13518
142200,borg_cluster_agg,0.1,0.1
142500,borg_cluster_agg,0.85,0.58435
142800,borg_cluster_agg,0.10224,0.12033
143100,borg_cluster_agg,0.1676,0.14211
143400,borg_cluster_agg,0.39846,0.85
143700,borg_cluster_agg,0.10242,0.10273
144000,borg_cluster_agg,0.12346,0.6372
144300,borg_cluster_agg,0.14451,0.85
144600,borg_cluster_agg,0.16556,0.85
144900,borg_cluster_agg,0.1866,0.85
145200,borg_cluster_agg,0.38681,0.36586
145500,borg_cluster_agg,0.44267,0.54181
145800,borg_cluster_agg,0.38037,0.72122
146100,borg_cluster_agg,0.31262,0.60626
146400,borg_cluster_agg,0.24488,0.4913
146700,borg_cluster_agg,0.17713,0.37634
147000,borg_cluster_agg,0.10939,0.26138
147300,borg_cluster_agg,0.1,0.1
147600,borg_cluster_agg,0.15176,0.13543
147900,borg_cluster_agg,0.12748,0.13245
148200,borg_cluster_agg,0.1032,0.12947
148500,borg_cluster_agg,0.11041,0.1488
148800,borg_cluster_agg,0.11762,0.16812
149100,borg_cluster_agg,0.39103,0.17226
149400,borg_cluster_agg,0.66445,0.1764
149700,borg_cluster_agg,0.68386,0.45258
150000,borg_cluster_agg,0.70327,0.72876
150300,borg_cluster_agg,0.37106,0.3307
150600,borg_cluster_agg,0.85,0.19362
150900,borg_cluster_agg,0.7233,0.41652
151200,borg_cluster_agg,0.23532,0.63942
151500,borg_cluster_agg,0.27308,0.68293
151800,borg_cluster_agg,0.1459,0.22585
152100,borg_cluster_agg,0.16371,0.18731
152400,borg_cluster_agg,0.18152,0.14878
152700,borg_cluster_agg,0.27784,0.18473
153000,borg_cluster_agg,0.37416,0.22069
153300,borg_cluster_agg,0.13181,0.1218
153600,borg_cluster_agg,0.2515,0.13918
153900,borg_cluster_agg,0.23315,0.75149
154200,borg_cluster_agg,0.85,0.85
154500,borg_cluster_agg,0.85,0.68222
154800,borg_cluster_agg,0.53567,0.38801
155100,borg_cluster_agg,0.10086,0.1
155400,borg_cluster_agg,0.23386,0.15692
155700,borg_cluster_agg,0.27159,0.13537
156000,borg_cluster_agg,0.24139,0.83766
156300,borg_cluster_agg,0.21118,0.85
156600,borg_cluster_agg,0.17414,0.83713
156900,borg_cluster_agg,0.1371,0.13432
157200,borg_cluster_agg,0.10954,0.23448
157500,borg_cluster_agg,0.20418,0.18739
157800,borg_cluster_agg,0.12686,0.10213
158100,borg_cluster_agg,0.14152,0.22744
158400,borg_cluster_agg,0.15618,0.35275
158700,borg_cluster_agg,0.24238,0.41832
159000,borg_cluster_agg,0.32857,0.4839
159300,borg_cluster_agg,0.11027,0.13557
159600,borg_cluster_agg,0.18646,0.12456
159900,borg_cluster_agg,0.11499,0.1279
160200,borg_cluster_agg,0.16716,0.13814
160500,borg_cluster_agg,0.21933,0.14838
160800,borg_cluster_agg,0.10121,0.12292
161100,borg_cluster_agg,0.15009,0.27621
161400,borg_cluster_agg,0.36154,0.36586
161700,borg_cluster_agg,0.16915,0.42012
162000,borg_cluster_agg,0.19227,0.33975
162300,borg_cluster_agg,0.21538,0.25938
162600,borg_cluster_agg,0.23849,0.17901
162900,borg_cluster_agg,0.47546,0.74725
163200,borg_cluster_agg,0.23865,0.28486
163500,borg_cluster_agg,0.10636,0.14328
163800,borg_cluster_agg,0.17507,0.1892
164100,borg_cluster_agg,0.24378,0.23511
164400,borg_cluster_agg,0.26756,0.22687
164700,borg_cluster_agg,0.29134,0.21863
165000,borg_cluster_agg,0.31512,0.2104
165300,borg_cluster_agg,0.3389,0.20216
165600,borg_cluster_agg,0.36268,0.19392
165900,borg_cluster_agg,0.1074,0.11525
166200,borg_cluster_agg,0.85,0.42085
166500,borg_cluster_agg,0.59317,0.36793
166800,borg_cluster_agg,0.1081,0.315
167100,borg_cluster_agg,0.37069,0.28908
167400,borg_cluster_agg,0.63329,0.26316
167700,borg_cluster_agg,0.85,0.23724
168000,borg_cluster_agg,0.1,0.1
168300,borg_cluster_agg,0.39198,0.62271
168600,borg_cluster_agg,0.36303,0.50717
168900,borg_cluster_agg,0.33408,0.39162
169200,borg_cluster_agg,0.30513,0.27607
169500,borg_cluster_agg,0.52673,0.18833
169800,borg_cluster_agg,0.47655,0.44523
170100,borg_cluster_agg,0.42638,0.70214
170400,borg_cluster_agg,0.10124,0.15821
170700,borg_cluster_agg,0.1077,0.14201
171000,borg_cluster_agg,0.11416,0.12581
171300,borg_cluster_agg,0.12062,0.10961
171600,borg_cluster_agg,0.12708,0.1
171900,borg_cluster_agg,0.1103,0.14422
172200,borg_cluster_agg,0.45184,0.226
172500,borg_cluster_agg,0.79337,0.30778
172800,borg_cluster_agg,0.46217,0.42912
173100,borg_cluster_agg,0.13097,0.55045
173400,borg_cluster_agg,0.17245,0.24986
173700,borg_cluster_agg,0.13986,0.17511
174000,borg_cluster_agg,0.10728,0.10035
174300,borg_cluster_agg,0.10551,0.1074
174600,borg_cluster_agg,0.10375,0.11444
174900,borg_cluster_agg,0.85,0.85
175200,borg_cluster_agg,0.32701,0.2253
175500,borg_cluster_agg,0.24346,0.18998
175800,borg_cluster_agg,0.15991,0.15466
176100,borg_cluster_agg,0.14637,0.15015
176400,borg_cluster_agg,0.13284,0.14564
176700,borg_cluster_agg,0.11931,0.14112
177000,borg_cluster_agg,0.55383,0.13265
177300,borg_cluster_agg,0.32679,0.23057
177600,borg_cluster_agg,0.1,0.3285
177900,borg_cluster_agg,0.10303,0.24562
178200,borg_cluster_agg,0.10632,0.16275
178500,borg_cluster_agg,0.17849,0.12994
178800,borg_cluster_agg,0.10149,0.14964
179100,borg_cluster_agg,0.84905,0.85
179400,borg_cluster_agg,0.68954,0.73338
179700,borg_cluster_agg,0.53002,0.53081
180000,borg_cluster_agg,0.37051,0.32824
180300,borg_cluster_agg,0.211,0.12566
180600,borg_cluster_agg,0.82265,0.50472
180900,borg_cluster_agg,0.85,0.85
181200,borg_cluster_agg,0.85,0.69737
181500,borg_cluster_agg,0.77352,0.51097
181800,borg_cluster_agg,0.44312,0.32458
182100,borg_cluster_agg,0.11273,0.13818
182400,borg_cluster_agg,0.10087,0.12374
182700,borg_cluster_agg,0.10403,0.12829
183000,borg_cluster_agg,0.85,0.66648
183300,borg_cluster_agg,0.85,0.85
183600,borg_cluster_agg,0.20546,0.18119
183900,borg_cluster_agg,0.13399,0.15239
184200,borg_cluster_agg,0.13168,0.1449
184500,borg_cluster_agg,0.12937,0.13742
184800,borg_cluster_agg,0.12706,0.12994
185100,borg_cluster_agg,0.28188,0.1443
185400,borg_cluster_agg,0.27272,0.14562
185700,borg_cluster_agg,0.26356,0.14693
186000,borg_cluster_agg,0.2544,0.14825
186300,borg_cluster_agg,0.24525,0.14956
186600,borg_cluster_agg,0.10103,0.12853
186900,borg_cluster_agg,0.12827,0.21062
187200,borg_cluster_agg,0.76336,0.53059
187500,borg_cluster_agg,0.85,0.85
187800,borg_cluster_agg,0.35165,0.13112
188100,borg_cluster_agg,0.22952,0.12631
188400,borg_cluster_agg,0.10739,0.1215
188700,borg_cluster_agg,0.10647,0.16604
189000,borg_cluster_agg,0.10554,0.21057
189300,borg_cluster_agg,0.10462,0.2551
189600,borg_cluster_agg,0.11536,0.2937
189900,borg_cluster_agg,0.19517,0.21765
190200,borg_cluster_agg,0.27497,0.14159
190500,borg_cluster_agg,0.10579,0.32662
190800,borg_cluster_agg,0.10766,0.27303
191100,borg_cluster_agg,0.10953,0.21945
191400,borg_cluster_agg,0.1114,0.16587
191700,borg_cluster_agg,0.11328,0.11228
192000,borg_cluster_agg,0.23273,0.2519
192300,borg_cluster_agg,0.1672,0.18214
192600,borg_cluster_agg,0.10167,0.11238
192900,borg_cluster_agg,0.11093,0.11398
193200,borg_cluster_agg,0.12019,0.11558
193500,borg_cluster_agg,0.11577,0.14009
193800,borg_cluster_agg,0.11135,0.1646
194100,borg_cluster_agg,0.10693,0.18912
194400,borg_cluster_agg,0.51647,0.20795
194700,borg_cluster_agg,0.10508,0.13716
195000,borg_cluster_agg,0.10721,0.14234
195300,borg_cluster_agg,0.12023,0.26791
195600,borg_cluster_agg,0.13324,0.39348
195900,borg_cluster_agg,0.14626,0.51906
196200,borg_cluster_agg,0.25622,0.75603
196500,borg_cluster_agg,0.1,0.1199
196800,borg_cluster_agg,0.10381,0.12786
197100,borg_cluster_agg,0.10796,0.13583
197400,borg_cluster_agg,0.11211,0.14379
197700,borg_cluster_agg,0.8278,0.85
198000,borg_cluster_agg,0.4886,0.68599
198300,borg_cluster_agg,0.14939,0.1447
198600,borg_cluster_agg,0.10277,0.12366
198900,borg_cluster_agg,0.24122,0.49582
199200,borg_cluster_agg,0.25141,0.41745
199500,borg_cluster_agg,0.26161,0.33907
199800,borg_cluster_agg,0.2718,0.26069
200100,borg_cluster_agg,0.2752,0.23982
200400,borg_cluster_agg,0.2786,0.21894
200700,borg_cluster_agg,0.28201,0.19806
201000,borg_cluster_agg,0.28541,0.17719
201300,borg_cluster_agg,0.28881,0.15631
201600,borg_cluster_agg,0.29221,0.13543
201900,borg_cluster_agg,0.29561,0.11456
202200,borg_cluster_agg,0.16352,0.49789
202500,borg_cluster_agg,0.14244,0.30046
202800,borg_cluster_agg,0.12136,0.10302
203100,borg_cluster_agg,0.11236,0.10202
203400,borg_cluster_agg,0.10336,0.10102
203700,borg_cluster_agg,0.10146,0.10012
204000,borg_cluster_agg,0.10169,0.10821
204300,borg_cluster_agg,0.10193,0.11629
204600,borg_cluster_agg,0.10216,0.12438
204900,borg_cluster_agg,0.13625,0.15502
205200,borg_cluster_agg,0.17035,0.18566
205500,borg_cluster_agg,0.16501,0.18709
205800,borg_cluster_agg,0.15968,0.18852
206100,borg_cluster_agg,0.15435,0.18995
206400,borg_cluster_agg,0.14099,0.17003
206700,borg_cluster_agg,0.12763,0.15012
207000,borg_cluster_agg,0.11427,0.1302
207300,borg_cluster_agg,0.10091,0.11028
207600,borg_cluster_agg,0.1459,0.2563
207900,borg_cluster_agg,0.12394,0.17885
208200,borg_cluster_agg,0.10199,0.10141
208500,borg_cluster_agg,0.13606,0.10502
208800,borg_cluster_agg,0.17014,0.10863
209100,borg_cluster_agg,0.20421,0.11224
209400,borg_cluster_agg,0.23829,0.11585
209700,borg_cluster_agg,0.1,0.1
210000,borg_cluster_agg,0.1076,0.14395
210300,borg_cluster_agg,0.11745,0.1945
210600,borg_cluster_agg,0.113,0.18407
210900,borg_cluster_agg,0.10855,0.17364
211200,borg_cluster_agg,0.10409,0.16321
211500,borg_cluster_agg,0.12717,0.10055
211800,borg_cluster_agg,0.14638,0.11537
212100,borg_cluster_agg,0.1656,0.13019
212400,borg_cluster_agg,0.18481,0.14501
212700,borg_cluster_agg,0.1,0.1
213000,borg_cluster_agg,0.13436,0.3226
213300,borg_cluster_agg,0.16874,0.54798
213600,borg_cluster_agg,0.20312,0.77336
213900,borg_cluster_agg,0.10027,0.12198
214200,borg_cluster_agg,0.14314,0.12925
214500,borg_cluster_agg,0.186,0.13653
214800,borg_cluster_agg,0.18928,0.49618
215100,borg_cluster_agg,0.19255,0.85
215400,borg_cluster_agg,0.19582,0.85
215700,borg_cluster_agg,0.1991,0.85
216000,borg_cluster_agg,0.10682,0.10063
216300,borg_cluster_agg,0.10503,0.12405
216600,borg_cluster_agg,0.22217,0.20183
216900,borg_cluster_agg,0.85,0.23518
217200,borg_cluster_agg,0.10904,0.11173
217500,borg_cluster_agg,0.10316,0.24296
217800,borg_cluster_agg,0.11561,0.23648
218100,borg_cluster_agg,0.12807,0.23001
218400,borg_cluster_agg,0.14052,0.22354
218700,borg_cluster_agg,0.15298,0.21706
219000,borg_cluster_agg,0.16544,0.21059
219300,borg_cluster_agg,0.17789,0.20411
219600,borg_cluster_agg,0.19035,0.19764
219900,borg_cluster_agg,0.2028,0.19117
220200,borg_cluster_agg,0.21526,0.18469
220500,borg_cluster_agg,0.22772,0.17822
220800,borg_cluster_agg,0.13466,0.13914
221100,borg_cluster_agg,0.25323,0.24857
221400,borg_cluster_agg,0.37179,0.35801
221700,borg_cluster_agg,0.2348,0.22583
222000,borg_cluster_agg,0.1,0.1
222300,borg_cluster_agg,0.15636,0.10451
222600,borg_cluster_agg,0.2149,0.11536
222900,borg_cluster_agg,0.22194,0.13345
223200,borg_cluster_agg,0.22898,0.15153
223500,borg_cluster_agg,0.23601,0.16962
223800,borg_cluster_agg,0.24305,0.1877
224100,borg_cluster_agg,0.11025,0.1022
224400,borg_cluster_agg,0.25592,0.37342
224700,borg_cluster_agg,0.40158,0.64464
225000,borg_cluster_agg,0.54724,0.85
225300,borg_cluster_agg,0.1,0.12201
225600,borg_cluster_agg,0.12964,0.2218
225900,borg_cluster_agg,0.15945,0.32159
226200,borg_cluster_agg,0.12921,0.20752
226500,borg_cluster_agg,0.1,0.1
226800,borg_cluster_agg,0.26265,0.15066
227100,borg_cluster_agg,0.22545,0.1828
227400,borg_cluster_agg,0.18826,0.21494
227700,borg_cluster_agg,0.15106,0.24708
228000,borg_cluster_agg,0.11387,0.27921
228300,borg_cluster_agg,0.15172,0.26108
228600,borg_cluster_agg,0.18957,0.24296
228900,borg_cluster_agg,0.11325,0.21235
229200,borg_cluster_agg,0.11394,0.21564
229500,borg_cluster_agg,0.11463,0.21894
229800,borg_cluster_agg,0.11142,0.1995
230100,borg_cluster_agg,0.1082,0.18005
230400,borg_cluster_agg,0.10499,0.16061
230700,borg_cluster_agg,0.10178,0.14116
231000,borg_cluster_agg,0.28855,0.2349
231300,borg_cluster_agg,0.1,0.1
231600,borg_cluster_agg,0.1,0.1
231900,borg_cluster_agg,0.22254,0.85
232200,borg_cluster_agg,0.1,0.10761
232500,borg_cluster_agg,0.20825,0.16104
232800,borg_cluster_agg,0.31698,0.21447
233100,borg_cluster_agg,0.2089,0.15721
233400,borg_cluster_agg,0.10082,0.1
233700,borg_cluster_agg,0.11813,0.21941
234000,borg_cluster_agg,0.11681,0.23738
234300,borg_cluster_agg,0.1155,0.25536
234600,borg_cluster_agg,0.15235,0.24029
234900,borg_cluster_agg,0.18921,0.22522
235200,borg_cluster_agg,0.1006,0.10126
235500,borg_cluster_agg,0.85,0.76769
235800,borg_cluster_agg,0.58924,0.51886
236100,borg_cluster_agg,0.2635,0.27003
236400,borg_cluster_agg,0.10994,0.11785
236700,borg_cluster_agg,0.13832,0.20212
237000,borg_cluster_agg,0.69228,0.22349
237300,borg_cluster_agg,0.10222,0.10181
237600,borg_cluster_agg,0.12626,0.13282
237900,borg_cluster_agg,0.15029,0.16383
238200,borg_cluster_agg,0.17433,0.19484
238500,borg_cluster_agg,0.19836,0.22585
238800,borg_cluster_agg,0.17492,0.10263
239100,borg_cluster_agg,0.53687,0.22374
239400,borg_cluster_agg,0.10199,0.10114
239700,borg_cluster_agg,0.11405,0.13831
240000,borg_cluster_agg,0.1261,0.17549
240300,borg_cluster_agg,0.13816,0.21266
240600,borg_cluster_agg,0.15017,0.75916
240900,borg_cluster_agg,0.21851,0.22789
241200,borg_cluster_agg,0.32683,0.18551
241500,borg_cluster_agg,0.43516,0.14313
241800,borg_cluster_agg,0.10217,0.17279
242100,borg_cluster_agg,0.35308,0.44141
242400,borg_cluster_agg,0.604,0.71003
242700,borg_cluster_agg,0.85,0.85
243000,borg_cluster_agg,0.62701,0.71545
243300,borg_cluster_agg,0.3991,0.45226
243600,borg_cluster_agg,0.1712,0.18906
243900,borg_cluster_agg,0.14958,0.31773
244200,borg_cluster_agg,0.18935,0.49032
244500,borg_cluster_agg,0.22911,0.66291
244800,borg_cluster_agg,0.26887,0.8355
245100,borg_cluster_agg,0.14365,0.17154
245400,borg_cluster_agg,0.1,0.1
245700,borg_cluster_agg,0.10245,0.85
246000,borg_cluster_agg,0.33788,0.23976
246300,borg_cluster_agg,0.22085,0.18581
246600,borg_cluster_agg,0.10382,0.13186
246900,borg_cluster_agg,0.14056,0.12714
247200,borg_cluster_agg,0.1773,0.12241
247500,borg_cluster_agg,0.31172,0.31029
247800,borg_cluster_agg,0.23547,0.1685
248100,borg_cluster_agg,0.46519,0.28298
248400,borg_cluster_agg,0.51721,0.29648
248700,borg_cluster_agg,0.41721,0.25351
249000,borg_cluster_agg,0.31721,0.21054
249300,borg_cluster_agg,0.21721,0.16757
249600,borg_cluster_agg,0.11721,0.1246
249900,borg_cluster_agg,0.27308,0.15749
250200,borg_cluster_agg,0.1,0.1
250500,borg_cluster_agg,0.36245,0.17502
250800,borg_cluster_agg,0.62553,0.25003
251100,borg_cluster_agg,0.85,0.32505
251400,borg_cluster_agg,0.55197,0.21641
251700,borg_cluster_agg,0.21533,0.10777
252000,borg_cluster_agg,0.38992,0.74928
252300,borg_cluster_agg,0.56452,0.85
252600,borg_cluster_agg,0.73911,0.85
252900,borg_cluster_agg,0.43632,0.85
253200,borg_cluster_agg,0.13353,0.13104
253500,borg_cluster_agg,0.1155,0.11244
253800,borg_cluster_agg,0.1,0.1
254100,borg_cluster_agg,0.1795,0.31751
254400,borg_cluster_agg,0.22107,0.13226
254700,borg_cluster_agg,0.16458,0.31343
255000,borg_cluster_agg,0.37766,0.85
255300,borg_cluster_agg,0.1203,0.10491
255600,borg_cluster_agg,0.66225,0.20026
255900,borg_cluster_agg,0.1,0.1
256200,borg_cluster_agg,0.17987,0.23987
256500,borg_cluster_agg,0.26228,0.3863
256800,borg_cluster_agg,0.34469,0.53273
257100,borg_cluster_agg,0.4271,0.67916
257400,borg_cluster_agg,0.57947,0.56656
257700,borg_cluster_agg,0.73184,0.45397
258000,borg_cluster_agg,0.85,0.34137
258300,borg_cluster_agg,0.10255,0.14994
258600,borg_cluster_agg,0.51609,0.44563
258900,borg_cluster_agg,0.85,0.74132
259200,borg_cluster_agg,0.19566,0.22665
259500,borg_cluster_agg,0.16037,0.19602
259800,borg_cluster_agg,0.12508,0.16538
260100,borg_cluster_agg,0.39638,0.26462
260400,borg_cluster_agg,0.10233,0.85
260700,borg_cluster_agg,0.67104,0.28047
261000,borg_cluster_agg,0.38377,0.13333
261300,borg_cluster_agg,0.85,0.85
261600,borg_cluster_agg,0.29048,0.44371
261900,borg_cluster_agg,0.19507,0.15969
262200,borg_cluster_agg,0.17134,0.18791
262500,borg_cluster_agg,0.14762,0.21614
262800,borg_cluster_agg,0.20769,0.2087
263100,borg_cluster_agg,0.26777,0.20126
263400,borg_cluster_agg,0.32784,0.19383
263700,borg_cluster_agg,0.1,0.1
264000,borg_cluster_agg,0.13147,0.21376
264300,borg_cluster_agg,0.26158,0.22061
264600,borg_cluster_agg,0.16558,0.15042
264900,borg_cluster_agg,0.14633,0.19693
265200,borg_cluster_agg,0.12708,0.24343
265500,borg_cluster_agg,0.11227,0.16842
265800,borg_cluster_agg,0.1,0.1
266100,borg_cluster_agg,0.24662,0.14231
266400,borg_cluster_agg,0.39579,0.19122
266700,borg_cluster_agg,0.25123,0.14606
267000,borg_cluster_agg,0.10668,0.1009
267300,borg_cluster_agg,0.25227,0.18991
267600,borg_cluster_agg,0.1,0.11126
267900,borg_cluster_agg,0.28913,0.17627
268200,borg_cluster_agg,0.47973,0.24127
268500,borg_cluster_agg,0.55707,0.85
268800,borg_cluster_agg,0.63441,0.85
269100,borg_cluster_agg,0.10887,0.1
269400,borg_cluster_agg,0.85,0.33227
269700,borg_cluster_agg,0.60944,0.26731
270000,borg_cluster_agg,0.35666,0.20235
270300,borg_cluster_agg,0.10387,0.1374
270600,borg_cluster_agg,0.10325,0.12501
270900,borg_cluster_agg,0.10263,0.11262
271200,borg_cluster_agg,0.10201,0.10024
271500,borg_cluster_agg,0.38377,0.20737
271800,borg_cluster_agg,0.66552,0.3145
272100,borg_cluster_agg,0.52422,0.26591
272400,borg_cluster_agg,0.38292,0.21731
272700,borg_cluster_agg,0.24162,0.16872
273000,borg_cluster_agg,0.10032,0.12013
273300,borg_cluster_agg,0.1,0.10677
273600,borg_cluster_agg,0.1,0.1
273900,borg_cluster_agg,0.4304,0.5404
274200,borg_cluster_agg,0.35672,0.47259
274500,borg_cluster_agg,0.28303,0.40479
274800,borg_cluster_agg,0.20935,0.33698
275100,borg_cluster_agg,0.18953,0.3108
275400,borg_cluster_agg,0.1697,0.28461
275700,borg_cluster_agg,0.14988,0.25843
276000,borg_cluster_agg,0.13006,0.23225
276300,borg_cluster_agg,0.11023,0.20607
276600,borg_cluster_agg,0.10155,0.10228
276900,borg_cluster_agg,0.10239,0.10559
277200,borg_cluster_agg,0.10323,0.10891
277500,borg_cluster_agg,0.21474,0.37992
277800,borg_cluster_agg,0.40563,0.33013
278100,borg_cluster_agg,0.30573,0.26401
278400,borg_cluster_agg,0.20583,0.1979
278700,borg_cluster_agg,0.10593,0.13179
279000,borg_cluster_agg,0.10048,0.63575
279300,borg_cluster_agg,0.10545,0.13277
279600,borg_cluster_agg,0.1203,0.11674
279900,borg_cluster_agg,0.12645,0.12996
280200,borg_cluster_agg,0.1326,0.14319
280500,borg_cluster_agg,0.13875,0.15642
280800,borg_cluster_agg,0.10865,0.1
281100,borg_cluster_agg,0.16128,0.24688
281400,borg_cluster_agg,0.14136,0.20252
281700,borg_cluster_agg,0.12143,0.15817
282000,borg_cluster_agg,0.10151,0.11381
282300,borg_cluster_agg,0.35971,0.30244
282600,borg_cluster_agg,0.28179,0.25643
282900,borg_cluster_agg,0.20387,0.21042
283200,borg_cluster_agg,0.85,0.85
283500,borg_cluster_agg,0.23783,0.16008
283800,borg_cluster_agg,0.16764,0.12674
284100,borg_cluster_agg,0.1,0.1
284400,borg_cluster_agg,0.1,0.11668
284700,borg_cluster_agg,0.35176,0.20752
285000,borg_cluster_agg,0.60438,0.29836
285300,borg_cluster_agg,0.6824,0.23488
285600,borg_cluster_agg,0.55439,0.31246
285900,borg_cluster_agg,0.42637,0.39003
286200,borg_cluster_agg,0.32981,0.32371
286500,borg_cluster_agg,0.23325,0.25738
286800,borg_cluster_agg,0.13669,0.19106
287100,borg_cluster_agg,0.13623,0.24424
287400,borg_cluster_agg,0.13577,0.29743
287700,borg_cluster_agg,0.1353,0.35061
288000,borg_cluster_agg,0.13484,0.40379
288300,borg_cluster_agg,0.1,0.1
288600,borg_cluster_agg,0.29237,0.26597
288900,borg_cluster_agg,0.48571,0.43806
289200,borg_cluster_agg,0.10002,0.1
289500,borg_cluster_agg,0.10446,0.16936
289800,borg_cluster_agg,0.10306,0.1599
290100,borg_cluster_agg,0.10166,0.15044
290400,borg_cluster_agg,0.10026,0.14098
290700,borg_cluster_agg,0.1,0.13151
291000,borg_cluster_agg,0.1,0.12205
291300,borg_cluster_agg,0.15736,0.59192
291600,borg_cluster_agg,0.21727,0.85
291900,borg_cluster_agg,0.27717,0.85
292200,borg_cluster_agg,0.74698,0.85
292500,borg_cluster_agg,0.85,0.85
292800,borg_cluster_agg,0.10185,0.1257
293100,borg_cluster_agg,0.23763,0.38355
293400,borg_cluster_agg,0.37341,0.64139
293700,borg_cluster_agg,0.50919,0.85
294000,borg_cluster_agg,0.64497,0.85
294300,borg_cluster_agg,0.78075,0.85
294600,borg_cluster_agg,0.61267,0.85
294900,borg_cluster_agg,0.4446,0.77343
295200,borg_cluster_agg,0.27652,0.45269
295500,borg_cluster_agg,0.10845,0.13194
295800,borg_cluster_agg,0.30953,0.32693
296100,borg_cluster_agg,0.21851,0.2138
296400,borg_cluster_agg,0.12749,0.10067
296700,borg_cluster_agg,0.12095,0.11843
297000,borg_cluster_agg,0.63221,0.28518
297300,borg_cluster_agg,0.39382,0.25755
297600,borg_cluster_agg,0.15542,0.22993
297900,borg_cluster_agg,0.63597,0.85
298200,borg_cluster_agg,0.45879,0.63117
298500,borg_cluster_agg,0.2816,0.36627
298800,borg_cluster_agg,0.10442,0.10137
299100,borg_cluster_agg,0.16146,0.11479
299400,borg_cluster_agg,0.21851,0.12821
299700,borg_cluster_agg,0.25513,0.26679
300000,borg_cluster_agg,0.17706,0.1801
300300,borg_cluster_agg,0.1,0.1
300600,borg_cluster_agg,0.22126,0.21706
300900,borg_cluster_agg,0.10167,0.12347
301200,borg_cluster_agg,0.10945,0.20528
301500,borg_cluster_agg,0.37486,0.2873
301800,borg_cluster_agg,0.64027,0.36931
302100,borg_cluster_agg,0.37818,0.23575
302400,borg_cluster_agg,0.11609,0.1022
302700,borg_cluster_agg,0.12379,0.10827
303000,borg_cluster_agg,0.1315,0.11433
303300,borg_cluster_agg,0.13521,0.11586
303600,borg_cluster_agg,0.13892,0.11739
303900,borg_cluster_agg,0.14263,0.11892
304200,borg_cluster_agg,0.14634,0.12045
304500,borg_cluster_agg,0.15551,0.14399
304800,borg_cluster_agg,0.28975,0.14422
305100,borg_cluster_agg,0.23924,0.19707
305400,borg_cluster_agg,0.18873,0.24991
305700,borg_cluster_agg,0.13823,0.30276
306000,borg_cluster_agg,0.15731,0.1432
306300,borg_cluster_agg,0.1,0.1
306600,borg_cluster_agg,0.76847,0.13078
306900,borg_cluster_agg,0.85,0.16816
307200,borg_cluster_agg,0.77021,0.1454
307500,borg_cluster_agg,0.10094,0.12264
307800,borg_cluster_agg,0.14583,0.13686
308100,borg_cluster_agg,0.19072,0.15109
308400,borg_cluster_agg,0.23562,0.16531
308700,borg_cluster_agg,0.28051,0.17953
309000,borg_cluster_agg,0.3254,0.19375
309300,borg_cluster_agg,0.26566,0.17874
309600,borg_cluster_agg,0.20592,0.16373
309900,borg_cluster_agg,0.14618,0.14872
310200,borg_cluster_agg,0.12859,0.17593
310500,borg_cluster_agg,0.12362,0.1382
310800,borg_cluster_agg,0.11865,0.10047
311100,borg_cluster_agg,0.11458,0.10952
311400,borg_cluster_agg,0.1105,0.11857
311700,borg_cluster_agg,0.10642,0.12761
312000,borg_cluster_agg,0.10234,0.13666
312300,borg_cluster_agg,0.10769,0.14273
312600,borg_cluster_agg,0.10963,0.13847
312900,borg_cluster_agg,0.11157,0.1342
313200,borg_cluster_agg,0.11351,0.12993
313500,borg_cluster_agg,0.11545,0.12566
313800,borg_cluster_agg,0.23813,0.13369
314100,borg_cluster_agg,0.36081,0.14171
314400,borg_cluster_agg,0.70327,0.31061
314700,borg_cluster_agg,0.78642,0.41443
315000,borg_cluster_agg,0.1,0.1
315300,borg_cluster_agg,0.3132,0.11682
315600,borg_cluster_agg,0.52893,0.1381
315900,borg_cluster_agg,0.25605,0.14666
316200,borg_cluster_agg,0.20706,0.15154
316500,borg_cluster_agg,0.15808,0.15643
316800,borg_cluster_agg,0.10909,0.16131
317100,borg_cluster_agg,0.31984,0.18957
317400,borg_cluster_agg,0.5306,0.21782
317700,borg_cluster_agg,0.1,0.1
318000,borg_cluster_agg,0.15521,0.20316
318300,borg_cluster_agg,0.12476,0.16311
318600,borg_cluster_agg,0.1166,0.14586
318900,borg_cluster_agg,0.10843,0.1286
319200,borg_cluster_agg,0.10027,0.11134
319500,borg_cluster_agg,0.18602,0.13993
319800,borg_cluster_agg,0.27176,0.16853
320100,borg_cluster_agg,0.35751,0.19712
320400,borg_cluster_agg,0.62196,0.28863
320700,borg_cluster_agg,0.36137,0.20487
321000,borg_cluster_agg,0.10078,0.12111
321300,borg_cluster_agg,0.1,0.12143
321600,borg_cluster_agg,0.12427,0.14487
321900,borg_cluster_agg,0.14884,0.16832
322200,borg_cluster_agg,0.12553,0.14444
322500,borg_cluster_agg,0.10222,0.12056
322800,borg_cluster_agg,0.15402,0.13616
323100,borg_cluster_agg,0.20582,0.15175
323400,borg_cluster_agg,0.20484,0.1284
323700,borg_cluster_agg,0.37567,0.1958
324000,borg_cluster_agg,0.54651,0.2632
324300,borg_cluster_agg,0.32358,0.19459
324600,borg_cluster_agg,0.10066,0.12598
324900,borg_cluster_agg,0.85,0.34922
325200,borg_cluster_agg,0.85,0.32222
325500,borg_cluster_agg,0.16027,0.16761
325800,borg_cluster_agg,0.38123,0.16624
326100,borg_cluster_agg,0.60218,0.16487
326400,borg_cluster_agg,0.37656,0.14964
326700,borg_cluster_agg,0.47069,0.85
327000,borg_cluster_agg,0.36186,0.68616
327300,borg_cluster_agg,0.25304,0.16136
327600,borg_cluster_agg,0.42344,0.29805
327900,borg_cluster_agg,0.34245,0.25267
328200,borg_cluster_agg,0.26147,0.20729
328500,borg_cluster_agg,0.18048,0.1619
328800,borg_cluster_agg,0.1,0.11652
329100,borg_cluster_agg,0.36117,0.29868
329400,borg_cluster_agg,0.23047,0.21192
329700,borg_cluster_agg,0.1,0.12515
330000,borg_cluster_agg,0.26915,0.12152
330300,borg_cluster_agg,0.24754,0.14967
330600,borg_cluster_agg,0.22593,0.17781
330900,borg_cluster_agg,0.20432,0.20596
331200,borg_cluster_agg,0.18271,0.23411
331500,borg_cluster_agg,0.1611,0.26226
331800,borg_cluster_agg,0.65712,0.40918
332100,borg_cluster_agg,0.42028,0.26585
332400,borg_cluster_agg,0.18344,0.12252
332700,borg_cluster_agg,0.15668,0.1984
333000,borg_cluster_agg,0.12992,0.27428
333300,borg_cluster_agg,0.10316,0.35016
333600,borg_cluster_agg,0.31414,0.17894
333900,borg_cluster_agg,0.22095,0.15655
334200,borg_cluster_agg,0.12775,0.13417
334500,borg_cluster_agg,0.17351,0.17959
334800,borg_cluster_agg,0.21927,0.22501
335100,borg_cluster_agg,0.26503,0.27042
335400,borg_cluster_agg,0.20816,0.26399
335700,borg_cluster_agg,0.1513,0.25755
336000,borg_cluster_agg,0.10151,0.12292
336300,borg_cluster_agg,0.19392,0.13104
336600,borg_cluster_agg,0.28634,0.13916
336900,borg_cluster_agg,0.37875,0.14729
337200,borg_cluster_agg,0.85,0.61072
337500,borg_cluster_agg,0.62977,0.43842
337800,borg_cluster_agg,0.36506,0.26611
338100,borg_cluster_agg,0.10036,0.1
338400,borg_cluster_agg,0.10168,0.10814
338700,borg_cluster_agg,0.103,0.12249
339000,borg_cluster_agg,0.10906,0.13486
339300,borg_cluster_agg,0.11512,0.14723
339600,borg_cluster_agg,0.12118,0.1596
339900,borg_cluster_agg,0.12724,0.17197
340200,borg_cluster_agg,0.1333,0.18434
340500,borg_cluster_agg,0.13936,0.19671
340800,borg_cluster_agg,0.14542,0.20908
341100,borg_cluster_agg,0.15148,0.22145
341400,borg_cluster_agg,0.24992,0.17821
341700,borg_cluster_agg,0.34835,0.13496
342000,borg_cluster_agg,0.10249,0.12209
342300,borg_cluster_agg,0.10064,0.11939
342600,borg_cluster_agg,0.1,0.1083
342900,borg_cluster_agg,0.1,0.1
343200,borg_cluster_agg,0.12454,0.11178
343500,borg_cluster_agg,0.15161,0.12634
343800,borg_cluster_agg,0.17869,0.1409
344100,borg_cluster_agg,0.13532,0.13449
344400,borg_cluster_agg,0.12944,0.15864
344700,borg_cluster_agg,0.12355,0.18279
345000,borg_cluster_agg,0.11767,0.20693
345300,borg_cluster_agg,0.68203,0.14611
345600,borg_cluster_agg,0.10155,0.18786
345900,borg_cluster_agg,0.43941,0.29758
346200,borg_cluster_agg,0.77726,0.4073
346500,borg_cluster_agg,0.85,0.17369
346800,borg_cluster_agg,0.10469,0.19901
347100,borg_cluster_agg,0.10619,0.16778
347400,borg_cluster_agg,0.10769,0.13656
347700,borg_cluster_agg,0.10918,0.10533
348000,borg_cluster_agg,0.12489,0.12046
348300,borg_cluster_agg,0.14059,0.13559
348600,borg_cluster_agg,0.10263,0.10055
348900,borg_cluster_agg,0.10776,0.10574
349200,borg_cluster_agg,0.11289,0.11094
349500,borg_cluster_agg,0.11801,0.11613
349800,borg_cluster_agg,0.12549,0.16671
350100,borg_cluster_agg,0.13296,0.21729
350400,borg_cluster_agg,0.11275,0.11775
350700,borg_cluster_agg,0.11052,0.11644
351000,borg_cluster_agg,0.10829,0.11513
351300,borg_cluster_agg,0.10457,0.13509
351600,borg_cluster_agg,0.10085,0.15506
351900,borg_cluster_agg,0.10019,0.12786
352200,borg_cluster_agg,0.1,0.10067
352500,borg_cluster_agg,0.10318,0.10035
352800,borg_cluster_agg,0.10682,0.10004
353100,borg_cluster_agg,0.11046,0.1
353400,borg_cluster_agg,0.1141,0.1
353700,borg_cluster_agg,0.10927,0.15788
354000,borg_cluster_agg,0.10261,0.1414
354300,borg_cluster_agg,0.22403,0.48953
354600,borg_cluster_agg,0.34546,0.83766
354900,borg_cluster_agg,0.10194,0.12092
355200,borg_cluster_agg,0.10075,0.12198
355500,borg_cluster_agg,0.19214,0.13018
355800,borg_cluster_agg,0.41964,0.85
356100,borg_cluster_agg,0.41759,0.81641
356400,borg_cluster_agg,0.41554,0.72892
356700,borg_cluster_agg,0.4135,0.64143
357000,borg_cluster_agg,0.41145,0.55393
357300,borg_cluster_agg,0.4094,0.46644
357600,borg_cluster_agg,0.40736,0.37895
357900,borg_cluster_agg,0.40531,0.29146
358200,borg_cluster_agg,0.4287,0.29106
358500,borg_cluster_agg,0.4521,0.29067
358800,borg_cluster_agg,0.4755,0.29028
359100,borg_cluster_agg,0.49889,0.28989
359400,borg_cluster_agg,0.20532,0.47573
359700,borg_cluster_agg,0.17909,0.32528
360000,borg_cluster_agg,0.15286,0.17483
360300,borg_cluster_agg,0.20569,0.22239
360600,borg_cluster_agg,0.16741,0.18731
360900,borg_cluster_agg,0.12914,0.15223
361200,borg_cluster_agg,0.14471,0.12217
361500,borg_cluster_agg,0.13483,0.11669
361800,borg_cluster_agg,0.12496,0.1112
362100,borg_cluster_agg,0.11509,0.10572
362400,borg_cluster_agg,0.10522,0.10024
362700,borg_cluster_agg,0.13925,0.10901
363000,borg_cluster_agg,0.17328,0.11778
363300,borg_cluster_agg,0.16165,0.15124
363600,borg_cluster_agg,0.15002,0.1847
363900,borg_cluster_agg,0.13839,0.21815
364200,borg_cluster_agg,0.46112,0.48853
364500,borg_cluster_agg,0.78385,0.7589
364800,borg_cluster_agg,0.55703,0.54145
365100,borg_cluster_agg,0.33021,0.324
365400,borg_cluster_agg,0.10339,0.10655
365700,borg_cluster_agg,0.10306,0.1043
366000,borg_cluster_agg,0.10273,0.10205
366300,borg_cluster_agg,0.1024,0.1
366600,borg_cluster_agg,0.10313,0.10571
366900,borg_cluster_agg,0.10386,0.11162
367200,borg_cluster_agg,0.10459,0.11753
367500,borg_cluster_agg,0.10531,0.12344
367800,borg_cluster_agg,0.10604,0.12935
368100,borg_cluster_agg,0.10347,0.11891
368400,borg_cluster_agg,0.10089,0.10848
368700,borg_cluster_agg,0.10054,0.1056
369000,borg_cluster_agg,0.10019,0.10273
369300,borg_cluster_agg,0.1,0.1
369600,borg_cluster_agg,0.1,0.1
369900,borg_cluster_agg,0.65642,0.26681
370200,borg_cluster_agg,0.38328,0.18348
370500,borg_cluster_agg,0.11014,0.10016
370800,borg_cluster_agg,0.10934,0.10024
371100,borg_cluster_agg,0.10854,0.10031
371400,borg_cluster_agg,0.10774,0.10039
371700,borg_cluster_agg,0.4249,0.12296
372000,borg_cluster_agg,0.11744,0.25724
372300,borg_cluster_agg,0.10912,0.18053
372600,borg_cluster_agg,0.10079,0.10383
372900,borg_cluster_agg,0.21543,0.11238
373200,borg_cluster_agg,0.20371,0.12214
373500,borg_cluster_agg,0.19198,0.13191
373800,borg_cluster_agg,0.18026,0.14167
374100,borg_cluster_agg,0.16853,0.15144
374400,borg_cluster_agg,0.15681,0.1612
374700,borg_cluster_agg,0.14508,0.17097
375000,borg_cluster_agg,0.13336,0.18073
375300,borg_cluster_agg,0.12163,0.1905
375600,borg_cluster_agg,0.10991,0.20026
375900,borg_cluster_agg,0.10706,0.15123
376200,borg_cluster_agg,0.10421,0.1022
376500,borg_cluster_agg,0.10657,0.10218
376800,borg_cluster_agg,0.10893,0.10217
377100,borg_cluster_agg,0.11128,0.10216
377400,borg_cluster_agg,0.45384,0.24186
377700,borg_cluster_agg,0.36918,0.21211
378000,borg_cluster_agg,0.28452,0.18237
378300,borg_cluster_agg,0.19986,0.15262
378600,borg_cluster_agg,0.1152,0.12288
378900,borg_cluster_agg,0.24264,0.23733
379200,borg_cluster_agg,0.37008,0.35179
379500,borg_cluster_agg,0.49752,0.46624
379800,borg_cluster_agg,0.45574,0.42474
380100,borg_cluster_agg,0.41396,0.38325
380400,borg_cluster_agg,0.37218,0.34175
380700,borg_cluster_agg,0.33041,0.30025
381000,borg_cluster_agg,0.11595,0.11378
381300,borg_cluster_agg,0.25001,0.17303
381600,borg_cluster_agg,0.10007,0.46757
381900,borg_cluster_agg,0.10059,0.34912
382200,borg_cluster_agg,0.1011,0.23066
382500,borg_cluster_agg,0.10162,0.1122
382800,borg_cluster_agg,0.85,0.15435
383100,borg_cluster_agg,0.15414,0.12935
383400,borg_cluster_agg,0.12754,0.1257
383700,borg_cluster_agg,0.10094,0.12205
384000,borg_cluster_agg,0.1,0.10075
384300,borg_cluster_agg,0.10148,0.13542
384600,borg_cluster_agg,0.10331,0.17008
384900,borg_cluster_agg,0.10513,0.20475
385200,borg_cluster_agg,0.10696,0.23942
385500,borg_cluster_agg,0.10878,0.27409
385800,borg_cluster_agg,0.11061,0.30876
386100,borg_cluster_agg,0.11243,0.34343
386400,borg_cluster_agg,0.11426,0.3781
386700,borg_cluster_agg,0.61024,0.25284
387000,borg_cluster_agg,0.10284,0.1786
387300,borg_cluster_agg,0.10428,0.16481
387600,borg_cluster_agg,0.10572,0.15102
387900,borg_cluster_agg,0.10716,0.13723
388200,borg_cluster_agg,0.1086,0.12344
388500,borg_cluster_agg,0.11004,0.10965
388800,borg_cluster_agg,0.10957,0.1102
389100,borg_cluster_agg,0.1091,0.11074
389400,borg_cluster_agg,0.10863,0.11129
389700,borg_cluster_agg,0.10816,0.11184
390000,borg_cluster_agg,0.10769,0.11238
390300,borg_cluster_agg,0.12621,0.1
390600,borg_cluster_agg,0.17126,0.11479
390900,borg_cluster_agg,0.21631,0.13304
391200,borg_cluster_agg,0.26136,0.15129
391500,borg_cluster_agg,0.13999,0.2271
391800,borg_cluster_agg,0.10746,0.10024
392100,borg_cluster_agg,0.18872,0.12249
392400,borg_cluster_agg,0.26998,0.14474
392700,borg_cluster_agg,0.71536,0.66211
393000,borg_cluster_agg,0.85,0.85
393300,borg_cluster_agg,0.14191,0.30653
393600,borg_cluster_agg,0.1063,0.1
393900,borg_cluster_agg,0.1473,0.19445
394200,borg_cluster_agg,0.18829,0.28895
394500,borg_cluster_agg,0.16175,0.24922
394800,borg_cluster_agg,0.13521,0.2095
395100,borg_cluster_agg,0.10867,0.16977
395400,borg_cluster_agg,0.18493,0.17309
395700,borg_cluster_agg,0.26118,0.1764
396000,borg_cluster_agg,0.21086,0.2045
396300,borg_cluster_agg,0.16053,0.2326
396600,borg_cluster_agg,0.11021,0.26069
396900,borg_cluster_agg,0.10383,0.18005
397200,borg_cluster_agg,0.1,0.1
397500,borg_cluster_agg,0.12964,0.11691
397800,borg_cluster_agg,0.52158,0.17711
398100,borg_cluster_agg,0.85,0.2373
398400,borg_cluster_agg,0.15606,0.27137
398700,borg_cluster_agg,0.13757,0.2194
399000,borg_cluster_agg,0.11908,0.16743
399300,borg_cluster_agg,0.10059,0.11546
399600,borg_cluster_agg,0.17283,0.24035
399900,borg_cluster_agg,0.24506,0.36523
400200,borg_cluster_agg,0.20435,0.28755
400500,borg_cluster_agg,0.16363,0.20986
400800,borg_cluster_agg,0.12291,0.13218
401100,borg_cluster_agg,0.1241,0.13428
401400,borg_cluster_agg,0.12529,0.13638
401700,borg_cluster_agg,0.1,0.49645
402000,borg_cluster_agg,0.39462,0.47083
402300,borg_cluster_agg,0.3473,0.30521
402600,borg_cluster_agg,0.29998,0.13958
402900,borg_cluster_agg,0.37033,0.1753
403200,borg_cluster_agg,0.11857,0.16875
403500,borg_cluster_agg,0.1,0.1
403800,borg_cluster_agg,0.10169,0.10283
404100,borg_cluster_agg,0.10444,0.10594
404400,borg_cluster_agg,0.10719,0.10904
404700,borg_cluster_agg,0.10606,0.11347
405000,borg_cluster_agg,0.10493,0.1179
405300,borg_cluster_agg,0.10379,0.12234
405600,borg_cluster_agg,0.10266,0.12677
405900,borg_cluster_agg,0.10153,0.1312
406200,borg_cluster_agg,0.10161,0.14948
406500,borg_cluster_agg,0.10169,0.16777
406800,borg_cluster_agg,0.24213,0.30161
407100,borg_cluster_agg,0.38257,0.43546
407400,borg_cluster_agg,0.33561,0.38272
407700,borg_cluster_agg,0.28864,0.32998
408000,borg_cluster_agg,0.24168,0.27725
408300,borg_cluster_agg,0.19471,0.22451
408600,borg_cluster_agg,0.14775,0.17177
408900,borg_cluster_agg,0.10078,0.11904
409200,borg_cluster_agg,0.10189,0.1
409500,borg_cluster_agg,0.12905,0.1053
409800,borg_cluster_agg,0.85,0.85
410100,borg_cluster_agg,0.17785,0.1261
410400,borg_cluster_agg,0.37204,0.13441
410700,borg_cluster_agg,0.56622,0.14273
411000,borg_cluster_agg,0.76041,0.15105
411300,borg_cluster_agg,0.54381,0.13681
411600,borg_cluster_agg,0.3272,0.12256
411900,borg_cluster_agg,0.1106,0.10832
412200,borg_cluster_agg,0.13893,0.12493
412500,borg_cluster_agg,0.23125,0.13846
412800,borg_cluster_agg,0.32356,0.15199
413100,borg_cluster_agg,0.10135,0.1215
413400,borg_cluster_agg,0.10103,0.11214
413700,borg_cluster_agg,0.10071,0.10277
414000,borg_cluster_agg,0.10039,0.1
414300,borg_cluster_agg,0.14645,0.2676
414600,borg_cluster_agg,0.33402,0.29774
414900,borg_cluster_agg,0.5216,0.32787
415200,borg_cluster_agg,0.13408,0.21925
415500,borg_cluster_agg,0.54358,0.73953
415800,borg_cluster_agg,0.85,0.85
416100,borg_cluster_agg,0.81115,0.85
416400,borg_cluster_agg,0.66922,0.85
416700,borg_cluster_agg,0.52729,0.69026
417000,borg_cluster_agg,0.38536,0.50041
417300,borg_cluster_agg,0.24344,0.31057
417600,borg_cluster_agg,0.10151,0.12072
417900,borg_cluster_agg,0.10134,0.11056
418200,borg_cluster_agg,0.10117,0.10039
418500,borg_cluster_agg,0.10313,0.53852
418800,borg_cluster_agg,0.11508,0.18111
419100,borg_cluster_agg,0.31969,0.1691
419400,borg_cluster_agg,0.5243,0.1571
419700,borg_cluster_agg,0.72891,0.14509
420000,borg_cluster_agg,0.51843,0.12791
420300,borg_cluster_agg,0.30796,0.11074
420600,borg_cluster_agg,0.1,0.1
420900,borg_cluster_agg,0.1,0.1
421200,borg_cluster_agg,0.10174,0.10404
421500,borg_cluster_agg,0.21613,0.30025
421800,borg_cluster_agg,0.17242,0.29221
422100,borg_cluster_agg,0.10794,0.1323
422400,borg_cluster_agg,0.11542,0.18588
422700,borg_cluster_agg,0.12289,0.23947
423000,borg_cluster_agg,0.13037,0.29306
423300,borg_cluster_agg,0.11803,0.256
423600,borg_cluster_agg,0.1057,0.21894
423900,borg_cluster_agg,0.11496,0.19289
424200,borg_cluster_agg,0.12422,0.16685
424500,borg_cluster_agg,0.13348,0.1408
424800,borg_cluster_agg,0.14274,0.11475
425100,borg_cluster_agg,0.13502,0.13955
425400,borg_cluster_agg,0.12731,0.16434
425700,borg_cluster_agg,0.11959,0.18913
426000,borg_cluster_agg,0.11188,0.21392
426300,borg_cluster_agg,0.10416,0.23872
426600,borg_cluster_agg,0.38559,0.7423
426900,borg_cluster_agg,0.24314,0.43157
427200,borg_cluster_agg,0.10068,0.12084
427500,borg_cluster_agg,0.13655,0.1409
427800,borg_cluster_agg,0.17242,0.16096
428100,borg_cluster_agg,0.20829,0.18103
428400,borg_cluster_agg,0.24416,0.20109
428700,borg_cluster_agg,0.19764,0.21766
429000,borg_cluster_agg,0.15112,0.23423
429300,borg_cluster_agg,0.1046,0.2508
429600,borg_cluster_agg,0.30028,0.20744
429900,borg_cluster_agg,0.49596,0.16408
430200,borg_cluster_agg,0.13376,0.10051
430500,borg_cluster_agg,0.12928,0.16961
430800,borg_cluster_agg,0.12479,0.23872
431100,borg_cluster_agg,0.20862,0.13755
431400,borg_cluster_agg,0.1,0.44805
431700,borg_cluster_agg,0.12187,0.359
432000,borg_cluster_agg,0.14429,0.26994
432300,borg_cluster_agg,0.16671,0.18088
432600,borg_cluster_agg,0.27403,0.20256
432900,borg_cluster_agg,0.10198,0.10699
433200,borg_cluster_agg,0.29311,0.12357
433500,borg_cluster_agg,0.48424,0.14016
433800,borg_cluster_agg,0.67537,0.15675
434100,borg_cluster_agg,0.48504,0.14631
434400,borg_cluster_agg,0.2947,0.13587
434700,borg_cluster_agg,0.10437,0.12543
435000,borg_cluster_agg,0.10426,0.10514
435300,borg_cluster_agg,0.26389,0.34913
435600,borg_cluster_agg,0.26411,0.27105
435900,borg_cluster_agg,0.1,0.85
436200,borg_cluster_agg,0.1016,0.12111
436500,borg_cluster_agg,0.12387,0.18302
436800,borg_cluster_agg,0.14615,0.24493
437100,borg_cluster_agg,0.16842,0.30684
437400,borg_cluster_agg,0.10169,0.1786
437700,borg_cluster_agg,0.11637,0.13104
438000,borg_cluster_agg,0.11341,0.15396
438300,borg_cluster_agg,0.11045,0.17687
438600,borg_cluster_agg,0.10749,0.19979
438900,borg_cluster_agg,0.10454,0.22271
439200,borg_cluster_agg,0.10158,0.24562
439500,borg_cluster_agg,0.26434,0.19112
439800,borg_cluster_agg,0.4271,0.13661
440100,borg_cluster_agg,0.46703,0.15174
440400,borg_cluster_agg,0.50695,0.16687
440700,borg_cluster_agg,0.54687,0.18199
441000,borg_cluster_agg,0.5868,0.19712
441300,borg_cluster_agg,0.10034,0.1
441600,borg_cluster_agg,0.28792,0.26697
441900,borg_cluster_agg,0.19778,0.18356
442200,borg_cluster_agg,0.10764,0.10016
442500,borg_cluster_agg,0.42234,0.13496
442800,borg_cluster_agg,0.85,0.53098
443100,borg_cluster_agg,0.85,0.46978
443400,borg_cluster_agg,0.78643,0.40858
443700,borg_cluster_agg,0.64891,0.34737
444000,borg_cluster_agg,0.51138,0.28617
444300,borg_cluster_agg,0.37386,0.22496
444600,borg_cluster_agg,0.23633,0.16376
444900,borg_cluster_agg,0.1,0.10255
445200,borg_cluster_agg,0.11172,0.13879
445500,borg_cluster_agg,0.12464,0.17503
445800,borg_cluster_agg,0.13756,0.21127
446100,borg_cluster_agg,0.15047,0.24751
446400,borg_cluster_agg,0.1076,0.10141
446700,borg_cluster_agg,0.10899,0.11315
447000,borg_cluster_agg,0.11037,0.12488
447300,borg_cluster_agg,0.42718,0.20899
447600,borg_cluster_agg,0.74399,0.2931
447900,borg_cluster_agg,0.85,0.37721
448200,borg_cluster_agg,0.85,0.46132
448500,borg_cluster_agg,0.85,0.54543
448800,borg_cluster_agg,0.1,0.1
449100,borg_cluster_agg,0.12504,0.10243
449400,borg_cluster_agg,0.15259,0.11135
449700,borg_cluster_agg,0.18015,0.12027
450000,borg_cluster_agg,0.2077,0.1292
450300,borg_cluster_agg,0.1,0.10004
450600,borg_cluster_agg,0.1,0.1
450900,borg_cluster_agg,0.1,0.1
451200,borg_cluster_agg,0.1,0.1
451500,borg_cluster_agg,0.1,0.1
451800,borg_cluster_agg,0.1,0.1
452100,borg_cluster_agg,0.1,0.1
452400,borg_cluster_agg,0.1,0.1
452700,borg_cluster_agg,0.1,0.1
453000,borg_cluster_agg,0.1,0.1
453300,borg_cluster_agg,0.1174,0.11978
453600,borg_cluster_agg,0.16391,0.17779
453900,borg_cluster_agg,0.21042,0.2358
454200,borg_cluster_agg,0.25693,0.29382
454500,borg_cluster_agg,0.21034,0.20833
454800,borg_cluster_agg,0.16375,0.12284
455100,borg_cluster_agg,0.12224,0.30887
455400,borg_cluster_agg,0.25141,0.12457
455700,borg_cluster_agg,0.22521,0.1645
456000,borg_cluster_agg,0.19901,0.20443
456300,borg_cluster_agg,0.3321,0.17978
456600,borg_cluster_agg,0.46519,0.15513
456900,borg_cluster_agg,0.41373,0.14772
457200,borg_cluster_agg,0.36227,0.14031
457500,borg_cluster_agg,0.3108,0.1329
457800,borg_cluster_agg,0.25934,0.12549
458100,borg_cluster_agg,0.20787,0.11808
458400,borg_cluster_agg,0.15641,0.11067
458700,borg_cluster_agg,0.10494,0.10326
459000,borg_cluster_agg,0.11678,0.13226
459300,borg_cluster_agg,0.19319,0.1435
459600,borg_cluster_agg,0.2696,0.15474
459900,borg_cluster_agg,0.1149,0.10188
460200,borg_cluster_agg,0.11312,0.12763
460500,borg_cluster_agg,0.10319,0.17018
460800,borg_cluster_agg,0.10177,0.1337
461100,borg_cluster_agg,0.10034,0.1
461400,borg_cluster_agg,0.10394,0.1363
461700,borg_cluster_agg,0.12219,0.13606
462000,borg_cluster_agg,0.14045,0.13583
462300,borg_cluster_agg,0.28176,0.21066
462600,borg_cluster_agg,0.42307,0.28549
462900,borg_cluster_agg,0.26942,0.13077
463200,borg_cluster_agg,0.23652,0.12564
463500,borg_cluster_agg,0.20362,0.12052
463800,borg_cluster_agg,0.17072,0.11539
464100,borg_cluster_agg,0.13782,0.11027
464400,borg_cluster_agg,0.10492,0.10514
464700,borg_cluster_agg,0.11145,0.11137
465000,borg_cluster_agg,0.11798,0.11759
465300,borg_cluster_agg,0.10881,0.13755
465600,borg_cluster_agg,0.10085,0.11884
465900,borg_cluster_agg,0.10556,0.13621
466200,borg_cluster_agg,0.11027,0.15359
466500,borg_cluster_agg,0.11498,0.17097
466800,borg_cluster_agg,0.11969,0.18835
467100,borg_cluster_agg,0.1244,0.20573
467400,borg_cluster_agg,0.12911,0.22311
467700,borg_cluster_agg,0.13382,0.24049
468000,borg_cluster_agg,0.13853,0.25787
468300,borg_cluster_agg,0.17071,0.39348
468600,borg_cluster_agg,0.20939,0.17475
468900,borg_cluster_agg,0.20073,0.17281
469200,borg_cluster_agg,0.19206,0.17086
469500,borg_cluster_agg,0.18339,0.16892
469800,borg_cluster_agg,0.17472,0.16698
470100,borg_cluster_agg,0.16605,0.16504
470400,borg_cluster_agg,0.15738,0.1631
470700,borg_cluster_agg,0.14871,0.16116
471000,borg_cluster_agg,0.14004,0.15922
471300,borg_cluster_agg,0.13138,0.15728
471600,borg_cluster_agg,0.12271,0.15534
471900,borg_cluster_agg,0.11404,0.15339
472200,borg_cluster_agg,0.10537,0.15145
472500,borg_cluster_agg,0.85,0.52092
472800,borg_cluster_agg,0.85,0.85
473100,borg_cluster_agg,0.13468,0.1199
473400,borg_cluster_agg,0.12787,0.16264
473700,borg_cluster_agg,0.12107,0.20539
474000,borg_cluster_agg,0.11426,0.24814
474300,borg_cluster_agg,0.58188,0.46987
474600,borg_cluster_agg,0.85,0.69161
474900,borg_cluster_agg,0.85,0.85
475200,borg_cluster_agg,0.85,0.64243
475500,borg_cluster_agg,0.58034,0.37151
475800,borg_cluster_agg,0.11195,0.10059
476100,borg_cluster_agg,0.19751,0.26203
476400,borg_cluster_agg,0.28308,0.42346
476700,borg_cluster_agg,0.36864,0.5849
477000,borg_cluster_agg,0.45421,0.74634
477300,borg_cluster_agg,0.11142,0.12111
477600,borg_cluster_agg,0.1,0.11083
477900,borg_cluster_agg,0.31136,0.17083
478200,borg_cluster_agg,0.10055,0.12186
478500,borg_cluster_agg,0.1,0.10765
478800,borg_cluster_agg,0.1,0.1
479100,borg_cluster_agg,0.18188,0.1197
479400,borg_cluster_agg,0.26631,0.14595
479700,borg_cluster_agg,0.15615,0.2833
480000,borg_cluster_agg,0.23247,0.2043
480300,borg_cluster_agg,0.3088,0.12531
480600,borg_cluster_agg,0.20494,0.1414
480900,borg_cluster_agg,0.10107,0.15749
481200,borg_cluster_agg,0.7851,0.3369
481500,borg_cluster_agg,0.10048,0.1237
481800,borg_cluster_agg,0.426,0.26195
482100,borg_cluster_agg,0.26279,0.1898
482400,borg_cluster_agg,0.1,0.11766
482700,borg_cluster_agg,0.10011,0.1
483000,borg_cluster_agg,0.11254,0.11319
483300,borg_cluster_agg,0.12497,0.12692
483600,borg_cluster_agg,0.33493,0.24217
483900,borg_cluster_agg,0.15661,0.22046
484200,borg_cluster_agg,0.10966,0.17656
484500,borg_cluster_agg,0.13109,0.12649
484800,borg_cluster_agg,0.17186,0.26862
485100,borg_cluster_agg,0.15766,0.23914
485400,borg_cluster_agg,0.14346,0.20966
485700,borg_cluster_agg,0.12926,0.18019
486000,borg_cluster_agg,0.11507,0.15071
486300,borg_cluster_agg,0.10087,0.12123
486600,borg_cluster_agg,0.25886,0.22471
486900,borg_cluster_agg,0.41685,0.32819
487200,borg_cluster_agg,0.29587,0.26759
487500,borg_cluster_agg,0.17489,0.20699
487800,borg_cluster_agg,0.11776,0.12107
488100,borg_cluster_agg,0.11101,0.11538
488400,borg_cluster_agg,0.10427,0.1097
488700,borg_cluster_agg,0.1,0.10401
489000,borg_cluster_agg,0.10687,0.11317
489300,borg_cluster_agg,0.11623,0.12233
489600,borg_cluster_agg,0.1142,0.18245
489900,borg_cluster_agg,0.22317,0.11207
490200,borg_cluster_agg,0.28723,0.13599
490500,borg_cluster_agg,0.35128,0.15992
490800,borg_cluster_agg,0.22715,0.73316
491100,borg_cluster_agg,0.10302,0.85
491400,borg_cluster_agg,0.1,0.12927
491700,borg_cluster_agg,0.1,0.1287
492000,borg_cluster_agg,0.1,0.12813
492300,borg_cluster_agg,0.1,0.12756
492600,borg_cluster_agg,0.1,0.12699
492900,borg_cluster_agg,0.1,0.12642
493200,borg_cluster_agg,0.1,0.12585
493500,borg_cluster_agg,0.1,0.12528
493800,borg_cluster_agg,0.10005,0.12471
494100,borg_cluster_agg,0.10038,0.12414
494400,borg_cluster_agg,0.1007,0.12357
494700,borg_cluster_agg,0.10103,0.123
495000,borg_cluster_agg,0.10135,0.12243
495300,borg_cluster_agg,0.10168,0.12186
495600,borg_cluster_agg,0.102,0.12129
495900,borg_cluster_agg,0.13097,0.25851
496200,borg_cluster_agg,0.16632,0.14721
496500,borg_cluster_agg,0.1,0.15207
496800,borg_cluster_agg,0.39355,0.22906
497100,borg_cluster_agg,0.6875,0.30606
497400,borg_cluster_agg,0.85,0.38305
497700,borg_cluster_agg,0.85,0.46004
498000,borg_cluster_agg,0.14809,0.129
498300,borg_cluster_agg,0.21958,0.13776
498600,borg_cluster_agg,0.29107,0.14652
498900,borg_cluster_agg,0.36256,0.15528
499200,borg_cluster_agg,0.85,0.85
499500,borg_cluster_agg,0.85,0.85
499800,borg_cluster_agg,0.85,0.85
500100,borg_cluster_agg,0.78972,0.85
500400,borg_cluster_agg,0.44526,0.69796
500700,borg_cluster_agg,0.1008,0.48138
501000,borg_cluster_agg,0.25081,0.2243
501300,borg_cluster_agg,0.17572,0.16239
501600,borg_cluster_agg,0.10064,0.10047
501900,borg_cluster_agg,0.10038,0.10579
502200,borg_cluster_agg,0.10011,0.11111
502500,borg_cluster_agg,0.1,0.11642
502800,borg_cluster_agg,0.1,0.12174
503100,borg_cluster_agg,0.37692,0.35895
503400,borg_cluster_agg,0.3403,0.16055
503700,borg_cluster_agg,0.85,0.85
504000,borg_cluster_agg,0.85,0.85
504300,borg_cluster_agg,0.1084,0.11699
504600,borg_cluster_agg,0.10432,0.12099
504900,borg_cluster_agg,0.75821,0.33133
505200,borg_cluster_agg,0.33883,0.30967
505500,borg_cluster_agg,0.29762,0.28361
505800,borg_cluster_agg,0.25642,0.25755
506100,borg_cluster_agg,0.21521,0.2315
506400,borg_cluster_agg,0.22688,0.30811
506700,borg_cluster_agg,0.23854,0.38472
507000,borg_cluster_agg,0.30147,0.33321
507300,borg_cluster_agg,0.17944,0.24019
507600,borg_cluster_agg,0.30448,0.211
507900,borg_cluster_agg,0.42952,0.18181
508200,borg_cluster_agg,0.55456,0.15262
508500,borg_cluster_agg,0.85,0.23526
508800,borg_cluster_agg,0.11321,0.16361
509100,borg_cluster_agg,0.85,0.85
509400,borg_cluster_agg,0.81975,0.24018
509700,borg_cluster_agg,0.58639,0.1996
510000,borg_cluster_agg,0.35304,0.15902
510300,borg_cluster_agg,0.11969,0.11844
510600,borg_cluster_agg,0.13941,0.13975
510900,borg_cluster_agg,0.15914,0.16106
511200,borg_cluster_agg,0.17886,0.18237
511500,borg_cluster_agg,0.29115,0.21193
511800,borg_cluster_agg,0.40345,0.24149
512100,borg_cluster_agg,0.51574,0.27105
512400,borg_cluster_agg,0.10135,0.12123
512700,borg_cluster_agg,0.11705,0.85
513000,borg_cluster_agg,0.13275,0.85
513300,borg_cluster_agg,0.14569,0.85
513600,borg_cluster_agg,0.15862,0.35267
513900,borg_cluster_agg,0.32986,0.32222
514200,borg_cluster_agg,0.50109,0.29177
514500,borg_cluster_agg,0.49444,0.29173
514800,borg_cluster_agg,0.4878,0.29168
515100,borg_cluster_agg,0.48115,0.29164
515400,borg_cluster_agg,0.47451,0.29159
515700,borg_cluster_agg,0.46786,0.29155
516000,borg_cluster_agg,0.46122,0.2915
516300,borg_cluster_agg,0.45457,0.29146
516600,borg_cluster_agg,0.40424,0.26677
516900,borg_cluster_agg,0.35391,0.24209
517200,borg_cluster_agg,0.30358,0.21741
517500,borg_cluster_agg,0.25324,0.19273
517800,borg_cluster_agg,0.20291,0.16804
518100,borg_cluster_agg,0.15258,0.14336
518400,borg_cluster_agg,0.10432,0.12241
518700,borg_cluster_agg,0.17795,0.17938
519000,borg_cluster_agg,0.13897,0.11152
519300,borg_cluster_agg,0.40011,0.22753
519600,borg_cluster_agg,0.45497,0.26948
519900,borg_cluster_agg,0.6476,0.27576
520200,borg_cluster_agg,0.1,0.1
520500,borg_cluster_agg,0.31466,0.1918
520800,borg_cluster_agg,0.53186,0.2902
521100,borg_cluster_agg,0.85,0.85
521400,borg_cluster_agg,0.28334,0.17499
521700,borg_cluster_agg,0.1,0.1
522000,borg_cluster_agg,0.85,0.85
522300,borg_cluster_agg,0.85,0.85
522600,borg_cluster_agg,0.85,0.85
522900,borg_cluster_agg,0.8007,0.84052
523200,borg_cluster_agg,0.66653,0.61064
523500,borg_cluster_agg,0.53236,0.38075
523800,borg_cluster_agg,0.39818,0.15087
524100,borg_cluster_agg,0.33164,0.14675
524400,borg_cluster_agg,0.26509,0.14262
524700,borg_cluster_agg,0.19855,0.1385
525000,borg_cluster_agg,0.15753,0.12162
525300,borg_cluster_agg,0.1165,0.10475
525600,borg_cluster_agg,0.10698,0.1
525900,borg_cluster_agg,0.1,0.1
526200,borg_cluster_agg,0.85,0.85
526500,borg_cluster_agg,0.61826,0.81577
526800,borg_cluster_agg,0.35839,0.45476
527100,borg_cluster_agg,0.1,0.1
527400,borg_cluster_agg,0.12992,0.6396
527700,borg_cluster_agg,0.15725,0.27388
528000,borg_cluster_agg,0.10126,0.11495
528300,borg_cluster_agg,0.1022,0.11145
528600,borg_cluster_agg,0.10315,0.10794
528900,borg_cluster_agg,0.1041,0.10443
529200,borg_cluster_agg,0.10769,0.85
529500,borg_cluster_agg,0.23179,0.3493
529800,borg_cluster_agg,0.18879,0.28078
530100,borg_cluster_agg,0.14579,0.21227
530400,borg_cluster_agg,0.10279,0.14375
530700,borg_cluster_agg,0.11368,0.16815
531000,borg_cluster_agg,0.12457,0.19254
531300,borg_cluster_agg,0.13547,0.21693
531600,borg_cluster_agg,0.14636,0.24132
531900,borg_cluster_agg,0.15725,0.26572
532200,borg_cluster_agg,0.10618,0.11362
532500,borg_cluster_agg,0.10197,0.10243
532800,borg_cluster_agg,0.17437,0.14443
533100,borg_cluster_agg,0.24677,0.18643
533400,borg_cluster_agg,0.31917,0.22843
533700,borg_cluster_agg,0.39157,0.27042
534000,borg_cluster_agg,0.25274,0.26713
534300,borg_cluster_agg,0.11392,0.26383
534600,borg_cluster_agg,0.15286,0.23689
534900,borg_cluster_agg,0.1918,0.20994
535200,borg_cluster_agg,0.20055,0.24137
535500,borg_cluster_agg,0.10822,0.13547
535800,borg_cluster_agg,0.11188,0.13975
536100,borg_cluster_agg,0.11553,0.14403
536400,borg_cluster_agg,0.11918,0.14831
536700,borg_cluster_agg,0.12283,0.15259
537000,borg_cluster_agg,0.13201,0.17268
537300,borg_cluster_agg,0.14119,0.19277
537600,borg_cluster_agg,0.15037,0.21287
537900,borg_cluster_agg,0.15955,0.23296
538200,borg_cluster_agg,0.16873,0.25305
538500,borg_cluster_agg,0.15186,0.23333
538800,borg_cluster_agg,0.135,0.2136
539100,borg_cluster_agg,0.26081,0.25127
539400,borg_cluster_agg,0.22965,0.26299
539700,borg_cluster_agg,0.19849,0.27471
540000,borg_cluster_agg,0.16732,0.28643
540300,borg_cluster_agg,0.28355,0.33925
540600,borg_cluster_agg,0.39977,0.39207
540900,borg_cluster_agg,0.51599,0.44489
541200,borg_cluster_agg,0.63221,0.49771
541500,borg_cluster_agg,0.57163,0.46412
541800,borg_cluster_agg,0.51104,0.43053
542100,borg_cluster_agg,0.45045,0.39694
542400,borg_cluster_agg,0.38986,0.36335
542700,borg_cluster_agg,0.32928,0.32976
543000,borg_cluster_agg,0.26869,0.29617
543300,borg_cluster_agg,0.23486,0.25898
543600,borg_cluster_agg,0.20103,0.2218
543900,borg_cluster_agg,0.1672,0.18461
544200,borg_cluster_agg,0.13337,0.14743
544500,borg_cluster_agg,0.1,0.11024
544800,borg_cluster_agg,0.1,0.10182
545100,borg_cluster_agg,0.1,0.1
545400,borg_cluster_agg,0.10112,0.11073
545700,borg_cluster_agg,0.10478,0.12806
546000,borg_cluster_agg,0.11282,0.1253
546300,borg_cluster_agg,0.12087,0.12255
546600,borg_cluster_agg,0.12891,0.1198
546900,borg_cluster_agg,0.13695,0.11704
547200,borg_cluster_agg,0.85,0.85
547500,borg_cluster_agg,0.67778,0.61403
547800,borg_cluster_agg,0.20001,0.28895
548100,borg_cluster_agg,0.10998,0.11134
548400,borg_cluster_agg,0.17891,0.15794
548700,borg_cluster_agg,0.24785,0.20454
549000,borg_cluster_agg,0.31678,0.25114
549300,borg_cluster_agg,0.38571,0.29774
549600,borg_cluster_agg,0.10254,0.26226
549900,borg_cluster_agg,0.20523,0.2084
550200,borg_cluster_agg,0.30793,0.15453
550500,borg_cluster_agg,0.41062,0.10067
550800,borg_cluster_agg,0.37094,0.13418
551100,borg_cluster_agg,0.33126,0.16769
551400,borg_cluster_agg,0.29158,0.2012
551700,borg_cluster_agg,0.25331,0.20984
552000,borg_cluster_agg,0.21503,0.21847
552300,borg_cluster_agg,0.42097,0.46549
552600,borg_cluster_agg,0.62692,0.7125
552900,borg_cluster_agg,0.10078,0.11699
553200,borg_cluster_agg,0.1013,0.11825
553500,borg_cluster_agg,0.10182,0.1195
553800,borg_cluster_agg,0.10234,0.12076
554100,borg_cluster_agg,0.10286,0.12201
554400,borg_cluster_agg,0.10016,0.10771
554700,borg_cluster_agg,0.1,0.1
555000,borg_cluster_agg,0.17135,0.13022
555300,borg_cluster_agg,0.27029,0.47407
555600,borg_cluster_agg,0.36923,0.81792
555900,borg_cluster_agg,0.10201,0.1
556200,borg_cluster_agg,0.11085,0.1
556500,borg_cluster_agg,0.11969,0.1
556800,borg_cluster_agg,0.12852,0.1
557100,borg_cluster_agg,0.13736,0.1
557400,borg_cluster_agg,0.1462,0.1
557700,borg_cluster_agg,0.15503,0.1005
558000,borg_cluster_agg,0.16375,0.12469
558300,borg_cluster_agg,0.17246,0.14887
558600,borg_cluster_agg,0.18117,0.17305
558900,borg_cluster_agg,0.18988,0.19724
559200,borg_cluster_agg,0.1986,0.22142
559500,borg_cluster_agg,0.20731,0.2456
559800,borg_cluster_agg,0.21602,0.26979
560100,borg_cluster_agg,0.22474,0.29397
560400,borg_cluster_agg,0.29781,0.85
560700,borg_cluster_agg,0.21089,0.56151
561000,borg_cluster_agg,0.12397,0.21219
561300,borg_cluster_agg,0.1726,0.18083
561600,borg_cluster_agg,0.22124,0.14948
561900,borg_cluster_agg,0.40769,0.39129
562200,borg_cluster_agg,0.25476,0.24706
562500,borg_cluster_agg,0.10183,0.10283
562800,borg_cluster_agg,0.85,0.16606
563100,borg_cluster_agg,0.85,0.2293
563400,borg_cluster_agg,0.85,0.30789
563700,borg_cluster_agg,0.85,0.38647
564000,borg_cluster_agg,0.34249,0.46506
564300,borg_cluster_agg,0.10483,0.34671
564600,borg_cluster_agg,0.26139,0.25335
564900,borg_cluster_agg,0.41795,0.16
565200,borg_cluster_agg,0.10927,0.10876
565500,borg_cluster_agg,0.22071,0.14407
565800,borg_cluster_agg,0.16481,0.14148
566100,borg_cluster_agg,0.10891,0.13889
566400,borg_cluster_agg,0.69063,0.2316
566700,borg_cluster_agg,0.55669,0.38791
567000,borg_cluster_agg,0.42275,0.54422
567300,borg_cluster_agg,0.28881,0.70053
567600,borg_cluster_agg,0.15487,0.85
567900,borg_cluster_agg,0.1536,0.13748
568200,borg_cluster_agg,0.14355,0.15129
568500,borg_cluster_agg,0.13351,0.1651
568800,borg_cluster_agg,0.12346,0.17891
569100,borg_cluster_agg,0.18884,0.2056
569400,borg_cluster_agg,0.85,0.58059
569700,borg_cluster_agg,0.69909,0.3501
570000,borg_cluster_agg,0.10815,0.11962
570300,borg_cluster_agg,0.28158,0.15201
570600,borg_cluster_agg,0.455,0.1844
570900,borg_cluster_agg,0.62843,0.21678
571200,borg_cluster_agg,0.1,0.11436
571500,borg_cluster_agg,0.1,0.11412
571800,borg_cluster_agg,0.1,0.11389
572100,borg_cluster_agg,0.34835,0.14776
572400,borg_cluster_agg,0.25727,0.1501
572700,borg_cluster_agg,0.20524,0.14207
573000,borg_cluster_agg,0.15322,0.13405
573300,borg_cluster_agg,0.10119,0.12602
573600,borg_cluster_agg,0.11964,0.13941
573900,borg_cluster_agg,0.1381,0.15281
574200,borg_cluster_agg,0.15655,0.1662
574500,borg_cluster_agg,0.17501,0.17959
574800,borg_cluster_agg,0.19346,0.19299
575100,borg_cluster_agg,0.21192,0.20638
575400,borg_cluster_agg,0.10048,0.11632
575700,borg_cluster_agg,0.1,0.1
576000,borg_cluster_agg,0.28064,0.34426
576300,borg_cluster_agg,0.46181,0.5913
576600,borg_cluster_agg,0.64297,0.83834
576900,borg_cluster_agg,0.82414,0.85
577200,borg_cluster_agg,0.58907,0.76377
577500,borg_cluster_agg,0.35401,0.44216
577800,borg_cluster_agg,0.11894,0.12056
578100,borg_cluster_agg,0.11964,0.20162
578400,borg_cluster_agg,0.12034,0.28268
578700,borg_cluster_agg,0.11604,0.23687
579000,borg_cluster_agg,0.11175,0.19107
579300,borg_cluster_agg,0.10745,0.14526
579600,borg_cluster_agg,0.10316,0.1
579900,borg_cluster_agg,0.10669,0.24132
580200,borg_cluster_agg,0.1022,0.12284
580500,borg_cluster_agg,0.50126,0.78242
580800,borg_cluster_agg,0.85,0.85
581100,borg_cluster_agg,0.13569,0.20889
581400,borg_cluster_agg,0.14729,0.22993
581700,borg_cluster_agg,0.1589,0.25096
582000,borg_cluster_agg,0.1421,0.2373
582300,borg_cluster_agg,0.17046,0.23432
582600,borg_cluster_agg,0.19882,0.23134
582900,borg_cluster_agg,0.12891,0.12347
583200,borg_cluster_agg,0.10906,0.14815
583500,borg_cluster_agg,0.14015,0.14838
583800,borg_cluster_agg,0.17123,0.14862
584100,borg_cluster_agg,0.20231,0.14886
584400,borg_cluster_agg,0.23339,0.14909
584700,borg_cluster_agg,0.26448,0.14933
585000,borg_cluster_agg,0.28767,0.18572
585300,borg_cluster_agg,0.31087,0.22211
585600,borg_cluster_agg,0.33407,0.25849
585900,borg_cluster_agg,0.10002,0.1
586200,borg_cluster_agg,0.43415,0.44796
586500,borg_cluster_agg,0.76828,0.79773
586800,borg_cluster_agg,0.85,0.85
587100,borg_cluster_agg,0.85,0.85
587400,borg_cluster_agg,0.42468,0.24082
587700,borg_cluster_agg,0.31776,0.19998
588000,borg_cluster_agg,0.21083,0.15913
588300,borg_cluster_agg,0.10391,0.11829
588600,borg_cluster_agg,0.10046,0.11982
588900,borg_cluster_agg,0.12539,0.85
589200,borg_cluster_agg,0.11659,0.85
589500,borg_cluster_agg,0.1078,0.72876
589800,borg_cluster_agg,0.1,0.1
590100,borg_cluster_agg,0.19323,0.14009
590400,borg_cluster_agg,0.28744,0.18304
590700,borg_cluster_agg,0.38165,0.226
591000,borg_cluster_agg,0.47587,0.26895
591300,borg_cluster_agg,0.32659,0.15838
591600,borg_cluster_agg,0.85,0.85
591900,borg_cluster_agg,0.31649,0.36146
592200,borg_cluster_agg,0.23145,0.20294
592500,borg_cluster_agg,0.23209,0.24456
592800,borg_cluster_agg,0.23274,0.28618
593100,borg_cluster_agg,0.45956,0.21645
593400,borg_cluster_agg,0.51695,0.26572
593700,borg_cluster_agg,0.57434,0.315
594000,borg_cluster_agg,0.33993,0.1476
594300,borg_cluster_agg,0.1,0.1
594600,borg_cluster_agg,0.19067,0.19932
594900,borg_cluster_agg,0.2245,0.26925
595200,borg_cluster_agg,0.25833,0.33918
595500,borg_cluster_agg,0.10309,0.10855
595800,borg_cluster_agg,0.10263,0.12178
596100,borg_cluster_agg,0.12236,0.11861
596400,borg_cluster_agg,0.16624,0.17359
596700,borg_cluster_agg,0.21012,0.22856
597000,borg_cluster_agg,0.254,0.28354
597300,borg_cluster_agg,0.29788,0.33851
597600,borg_cluster_agg,0.34176,0.39348
597900,borg_cluster_agg,0.28337,0.32333
598200,borg_cluster_agg,0.22497,0.25317
598500,borg_cluster_agg,0.16658,0.18302
598800,borg_cluster_agg,0.10819,0.11287
599100,borg_cluster_agg,0.1562,0.23523
599400,borg_cluster_agg,0.2042,0.3576
599700,borg_cluster_agg,0.25221,0.47996
600000,borg_cluster_agg,0.30022,0.60233
600300,borg_cluster_agg,0.34823,0.7247
600600,borg_cluster_agg,0.39623,0.84706
600900,borg_cluster_agg,0.44424,0.85
601200,borg_cluster_agg,0.49225,0.85
601500,borg_cluster_agg,0.54025,0.85
601800,borg_cluster_agg,0.58826,0.85
602100,borg_cluster_agg,0.40476,0.26085
602400,borg_cluster_agg,0.25643,0.18197
602700,borg_cluster_agg,0.1081,0.1031
603000,borg_cluster_agg,0.10563,0.20565
603300,borg_cluster_agg,0.10316,0.3082
603600,borg_cluster_agg,0.10068,0.41075
603900,borg_cluster_agg,0.11144,0.362
604200,borg_cluster_agg,0.1222,0.31325
604500,borg_cluster_agg,0.13295,0.2645
604800,borg_cluster_agg,0.14371,0.21575
605100,borg_cluster_agg,0.15446,0.167
605400,borg_cluster_agg,0.16522,0.11825
605700,borg_cluster_agg,0.13586,0.1197
606000,borg_cluster_agg,0.1065,0.12116
606300,borg_cluster_agg,0.37888,0.13803
606600,borg_cluster_agg,0.65126,0.1549
606900,borg_cluster_agg,0.55005,0.22114
607200,borg_cluster_agg,0.44883,0.28738
607500,borg_cluster_agg,0.34762,0.35362
607800,borg_cluster_agg,0.33529,0.30094
608100,borg_cluster_agg,0.32295,0.24827
608400,borg_cluster_agg,0.31062,0.19559
608700,borg_cluster_agg,0.25136,0.17741
609000,borg_cluster_agg,0.19211,0.15922
609300,borg_cluster_agg,0.13286,0.14104
609600,borg_cluster_agg,0.82194,0.85
609900,borg_cluster_agg,0.12074,0.10804
610200,borg_cluster_agg,0.12207,0.10992
610500,borg_cluster_agg,0.12341,0.11179
610800,borg_cluster_agg,0.12474,0.11367
611100,borg_cluster_agg,0.12607,0.11554
611400,borg_cluster_agg,0.11653,0.11243
611700,borg_cluster_agg,0.107,0.10931
612000,borg_cluster_agg,0.1,0.1062
612300,borg_cluster_agg,0.1,0.10572
612600,borg_cluster_agg,0.1,0.10525
612900,borg_cluster_agg,0.10083,0.10477
613200,borg_cluster_agg,0.10196,0.10429
613500,borg_cluster_agg,0.10308,0.10382
613800,borg_cluster_agg,0.10421,0.10334
614100,borg_cluster_agg,0.10533,0.10286
614400,borg_cluster_agg,0.26919,0.21598
614700,borg_cluster_agg,0.43305,0.32909
615000,borg_cluster_agg,0.59691,0.4422
615300,borg_cluster_agg,0.76077,0.55532
615600,borg_cluster_agg,0.85,0.66843
615900,borg_cluster_agg,0.85,0.78155
616200,borg_cluster_agg,0.75948,0.55404
616500,borg_cluster_agg,0.43047,0.32653
616800,borg_cluster_agg,0.10146,0.1
617100,borg_cluster_agg,0.1591,0.31563
617400,borg_cluster_agg,0.21673,0.53224
617700,borg_cluster_agg,0.27437,0.74885
618000,borg_cluster_agg,0.25637,0.62893
618300,borg_cluster_agg,0.23838,0.50901
618600,borg_cluster_agg,0.22039,0.38909
618900,borg_cluster_agg,0.20239,0.26917
619200,borg_cluster_agg,0.17557,0.25238
619500,borg_cluster_agg,0.14874,0.23559
619800,borg_cluster_agg,0.12192,0.21881
620100,borg_cluster_agg,0.11562,0.18632
620400,borg_cluster_agg,0.10932,0.15383
620700,borg_cluster_agg,0.10302,0.12135
621000,borg_cluster_agg,0.10093,0.10897
621300,borg_cluster_agg,0.1,0.1
621600,borg_cluster_agg,0.10052,0.16971
621900,borg_cluster_agg,0.1022,0.24282
622200,borg_cluster_agg,0.10389,0.31594
622500,borg_cluster_agg,0.10067,0.20468
622800,borg_cluster_agg,0.1,0.1
623100,borg_cluster_agg,0.10704,0.11927
623400,borg_cluster_agg,0.11661,0.14513
623700,borg_cluster_agg,0.12619,0.17099
624000,borg_cluster_agg,0.13577,0.19685
624300,borg_cluster_agg,0.14535,0.22271
624600,borg_cluster_agg,0.14577,0.10598
624900,borg_cluster_agg,0.13676,0.11608
625200,borg_cluster_agg,0.12774,0.12618
625500,borg_cluster_agg,0.11872,0.13627
625800,borg_cluster_agg,0.1097,0.14637
626100,borg_cluster_agg,0.10068,0.15647
626400,borg_cluster_agg,0.31251,0.51203
626700,borg_cluster_agg,0.52433,0.85
627000,borg_cluster_agg,0.73615,0.85
627300,borg_cluster_agg,0.43839,0.73643
627600,borg_cluster_agg,0.14063,0.2497
627900,borg_cluster_agg,0.14125,0.1877
628200,borg_cluster_agg,0.14187,0.1257
628500,borg_cluster_agg,0.16961,0.72939
628800,borg_cluster_agg,0.13484,0.42354
629100,borg_cluster_agg,0.10007,0.1177
629400,borg_cluster_agg,0.36777,0.48766
629700,borg_cluster_agg,0.32601,0.15576
630000,borg_cluster_agg,0.27006,0.20854
630300,borg_cluster_agg,0.21411,0.26132
630600,borg_cluster_agg,0.1,0.1
630900,borg_cluster_agg,0.4334,0.13824
631200,borg_cluster_agg,0.76774,0.17782
631500,borg_cluster_agg,0.61048,0.17036
631800,borg_cluster_agg,0.45323,0.1629
632100,borg_cluster_agg,0.29598,0.15545
632400,borg_cluster_agg,0.24638,0.13995
632700,borg_cluster_agg,0.19678,0.12446
633000,borg_cluster_agg,0.14718,0.10896
633300,borg_cluster_agg,0.1,0.1
633600,borg_cluster_agg,0.1,0.19724
633900,borg_cluster_agg,0.10102,0.30101
634200,borg_cluster_agg,0.10275,0.40479
634500,borg_cluster_agg,0.1026,0.25906
634800,borg_cluster_agg,0.10245,0.11334
635100,borg_cluster_agg,0.10234,0.10946
635400,borg_cluster_agg,0.10223,0.10557
635700,borg_cluster_agg,0.10212,0.10169
636000,borg_cluster_agg,0.10201,0.1
636300,borg_cluster_agg,0.1019,0.1
636600,borg_cluster_agg,0.85,0.85
636900,borg_cluster_agg,0.11289,0.13265
637200,borg_cluster_agg,0.11438,0.13179
637500,borg_cluster_agg,0.11588,0.13092
637800,borg_cluster_agg,0.11737,0.13006
638100,borg_cluster_agg,0.1159,0.13162
638400,borg_cluster_agg,0.11443,0.13319
638700,borg_cluster_agg,0.11295,0.13476
639000,borg_cluster_agg,0.11148,0.13632
639300,borg_cluster_agg,0.11001,0.13789
639600,borg_cluster_agg,0.10853,0.13946
639900,borg_cluster_agg,0.10706,0.14102
640200,borg_cluster_agg,0.12698,0.21811
640500,borg_cluster_agg,0.1469,0.29519
640800,borg_cluster_agg,0.16682,0.37228
641100,borg_cluster_agg,0.18674,0.44936
641400,borg_cluster_agg,0.29268,0.47071
641700,borg_cluster_agg,0.18088,0.20481
642000,borg_cluster_agg,0.40213,0.27662
642300,borg_cluster_agg,0.62338,0.34844
642600,borg_cluster_agg,0.84463,0.42025
642900,borg_cluster_agg,0.85,0.49206
643200,borg_cluster_agg,0.12442,0.21285
643500,borg_cluster_agg,0.10455,0.11817
643800,borg_cluster_agg,0.15459,0.12981
644100,borg_cluster_agg,0.20462,0.14145
644400,borg_cluster_agg,0.25466,0.15309
644700,borg_cluster_agg,0.30469,0.16473
645000,borg_cluster_agg,0.35473,0.17638
645300,borg_cluster_agg,0.40476,0.18802
645600,borg_cluster_agg,0.11788,0.10047
645900,borg_cluster_agg,0.13732,0.13567
646200,borg_cluster_agg,0.10105,0.1549
646500,borg_cluster_agg,0.10323,0.1
646800,borg_cluster_agg,0.10734,0.1
647100,borg_cluster_agg,0.11145,0.1
647400,borg_cluster_agg,0.11556,0.1
647700,borg_cluster_agg,0.11967,0.1
648000,borg_cluster_agg,0.12378,0.1
648300,borg_cluster_agg,0.11895,0.10779
648600,borg_cluster_agg,0.11412,0.11836
648900,borg_cluster_agg,0.18326,0.19769
649200,borg_cluster_agg,0.25239,0.27702
649500,borg_cluster_agg,0.19122,0.24107
649800,borg_cluster_agg,0.28863,0.16955
650100,borg_cluster_agg,0.13321,0.1321
650400,borg_cluster_agg,0.12647,0.11554
650700,borg_cluster_agg,0.11973,0.1
651000,borg_cluster_agg,0.10643,0.14085
651300,borg_cluster_agg,0.10585,0.1265
651600,borg_cluster_agg,0.1228,0.12594
651900,borg_cluster_agg,0.13974,0.12538
652200,borg_cluster_agg,0.15669,0.12482
652500,borg_cluster_agg,0.17363,0.12427
652800,borg_cluster_agg,0.19058,0.12371
653100,borg_cluster_agg,0.20752,0.12315
653400,borg_cluster_agg,0.18001,0.11573
653700,borg_cluster_agg,0.15249,0.1083
654000,borg_cluster_agg,0.12497,0.10087
654300,borg_cluster_agg,0.1,0.1
654600,borg_cluster_agg,0.1,0.10689
654900,borg_cluster_agg,0.10217,0.12033
655200,borg_cluster_agg,0.18609,0.12735
655500,borg_cluster_agg,0.15798,0.12598
655800,borg_cluster_agg,0.12987,0.1246
656100,borg_cluster_agg,0.10176,0.12323
656400,borg_cluster_agg,0.15052,0.22776
656700,borg_cluster_agg,0.19929,0.33228
657000,borg_cluster_agg,0.24805,0.43681
657300,borg_cluster_agg,0.57877,0.49708
657600,borg_cluster_agg,0.85,0.55736
657900,borg_cluster_agg,0.85,0.61763
658200,borg_cluster_agg,0.85,0.50928
658500,borg_cluster_agg,0.67304,0.40094
658800,borg_cluster_agg,0.38945,0.2926
659100,borg_cluster_agg,0.10586,0.18425
659400,borg_cluster_agg,0.15589,0.10686
659700,borg_cluster_agg,0.1984,0.20138
660000,borg_cluster_agg,0.2409,0.2959
660300,borg_cluster_agg,0.21386,0.25739
660600,borg_cluster_agg,0.18682,0.21889
660900,borg_cluster_agg,0.15977,0.18038
661200,borg_cluster_agg,0.13273,0.14188
661500,borg_cluster_agg,0.10569,0.10338
661800,borg_cluster_agg,0.10525,0.10832
662100,borg_cluster_agg,0.1048,0.11326
662400,borg_cluster_agg,0.10436,0.11821
662700,borg_cluster_agg,0.10391,0.12315
663000,borg_cluster_agg,0.1057,0.129
663300,borg_cluster_agg,0.10563,0.12084
663600,borg_cluster_agg,0.10245,0.30658
663900,borg_cluster_agg,0.10483,0.15349
664200,borg_cluster_agg,0.27935,0.16514
664500,borg_cluster_agg,0.45386,0.17679
664800,borg_cluster_agg,0.62838,0.18845
665100,borg_cluster_agg,0.8029,0.2001
665400,borg_cluster_agg,0.10581,0.10294
665700,borg_cluster_agg,0.10483,0.10224
666000,borg_cluster_agg,0.10385,0.10153
666300,borg_cluster_agg,0.10287,0.10082
666600,borg_cluster_agg,0.10189,0.10012
666900,borg_cluster_agg,0.10091,0.1
667200,borg_cluster_agg,0.1,0.1
667500,borg_cluster_agg,0.62026,0.29161
667800,borg_cluster_agg,0.85,0.48452
668100,borg_cluster_agg,0.6235,0.31303
668400,borg_cluster_agg,0.1064,0.14154
668700,borg_cluster_agg,0.10139,0.1
669000,borg_cluster_agg,0.10173,0.13173
669300,borg_cluster_agg,0.10207,0.1653
669600,borg_cluster_agg,0.10241,0.19887
669900,borg_cluster_agg,0.10275,0.23244
670200,borg_cluster_agg,0.85,0.85
670500,borg_cluster_agg,0.17859,0.19602
670800,borg_cluster_agg,0.11559,0.1103
671100,borg_cluster_agg,0.10653,0.10186
671400,borg_cluster_agg,0.1,0.1
671700,borg_cluster_agg,0.24287,0.2334
672000,borg_cluster_agg,0.38828,0.37339
672300,borg_cluster_agg,0.1,0.1
672600,borg_cluster_agg,0.17847,0.2025
672900,borg_cluster_agg,0.25946,0.30546
673200,borg_cluster_agg,0.85,0.81753
673500,borg_cluster_agg,0.85,0.7555
673800,borg_cluster_agg,0.85,0.69346
674100,borg_cluster_agg,0.66317,0.63143
674400,borg_cluster_agg,0.42436,0.56939
674700,borg_cluster_agg,0.18556,0.50736
675000,borg_cluster_agg,0.85,0.85
675300,borg_cluster_agg,0.85,0.85
675600,borg_cluster_agg,0.85,0.85
675900,borg_cluster_agg,0.66645,0.85
676200,borg_cluster_agg,0.1,0.1
676500,borg_cluster_agg,0.11807,0.1085
676800,borg_cluster_agg,0.13641,0.1226
677100,borg_cluster_agg,0.15475,0.13671
677400,borg_cluster_agg,0.17309,0.15082
677700,borg_cluster_agg,0.10059,0.1
678000,borg_cluster_agg,0.19891,0.13575
678300,borg_cluster_agg,0.13294,0.12272
678600,borg_cluster_agg,0.20063,0.20097
678900,borg_cluster_agg,0.26832,0.27921
679200,borg_cluster_agg,0.23464,0.24434
679500,borg_cluster_agg,0.20096,0.20947
679800,borg_cluster_agg,0.16727,0.17461
680100,borg_cluster_agg,0.13359,0.13974
680400,borg_cluster_agg,0.1,0.10487
680700,borg_cluster_agg,0.10082,0.11275
681000,borg_cluster_agg,0.10174,0.12064
681300,borg_cluster_agg,0.13329,0.12742
681600,borg_cluster_agg,0.16484,0.1342
681900,borg_cluster_agg,0.19638,0.14098
682200,borg_cluster_agg,0.2612,0.52654
682500,borg_cluster_agg,0.32601,0.85
682800,borg_cluster_agg,0.30484,0.72216
683100,borg_cluster_agg,0.28366,0.53223
683400,borg_cluster_agg,0.26249,0.3423
683700,borg_cluster_agg,0.24132,0.15237
684000,borg_cluster_agg,0.17214,0.13003
684300,borg_cluster_agg,0.10297,0.10769
684600,borg_cluster_agg,0.17048,0.17826
684900,borg_cluster_agg,0.23799,0.24883
685200,borg_cluster_agg,0.3055,0.3194
685500,borg_cluster_agg,0.10167,0.15097
685800,borg_cluster_agg,0.48351,0.35613
686100,borg_cluster_agg,0.29268,0.15984
686400,borg_cluster_agg,0.10291,0.1301
686700,borg_cluster_agg,0.10398,0.12346
687000,borg_cluster_agg,0.10505,0.11682
687300,borg_cluster_agg,0.13646,0.2632
687600,borg_cluster_agg,0.10183,0.12064
687900,borg_cluster_agg,0.1155,0.10239
688200,borg_cluster_agg,0.53625,0.68607
688500,borg_cluster_agg,0.33524,0.41734
688800,borg_cluster_agg,0.13422,0.14862
689100,borg_cluster_agg,0.5868,0.27482
689400,borg_cluster_agg,0.67543,0.27702
689700,borg_cluster_agg,0.12138,0.1293
690000,borg_cluster_agg,0.11238,0.28706
690300,borg_cluster_agg,0.11735,0.10483
690600,borg_cluster_agg,0.34762,0.4908
690900,borg_cluster_agg,0.33197,0.45709
691200,borg_cluster_agg,0.31632,0.42338
691500,borg_cluster_agg,0.30067,0.38967
691800,borg_cluster_agg,0.28502,0.35596
692100,borg_cluster_agg,0.26937,0.32224
692400,borg_cluster_agg,0.25372,0.28853
692700,borg_cluster_agg,0.23807,0.25482
693000,borg_cluster_agg,0.22242,0.22111
693300,borg_cluster_agg,0.20677,0.1874
693600,borg_cluster_agg,0.19112,0.15369
693900,borg_cluster_agg,0.17547,0.11997
694200,borg_cluster_agg,0.29085,0.29334
694500,borg_cluster_agg,0.1369,0.25135
694800,borg_cluster_agg,0.2657,0.19991
695100,borg_cluster_agg,0.3945,0.14846
695400,borg_cluster_agg,0.47655,0.85
695700,borg_cluster_agg,0.37546,0.1
696000,borg_cluster_agg,0.23831,0.12433
696300,borg_cluster_agg,0.10117,0.15129
696600,borg_cluster_agg,0.10444,0.1228
696900,borg_cluster_agg,0.14127,0.12519
697200,borg_cluster_agg,0.13376,0.1404
697500,borg_cluster_agg,0.12626,0.1556
697800,borg_cluster_agg,0.23078,0.12292
698100,borg_cluster_agg,0.19936,0.16866
698400,borg_cluster_agg,0.16794,0.21441
698700,borg_cluster_agg,0.13652,0.26015
699000,borg_cluster_agg,0.1051,0.3059
699300,borg_cluster_agg,0.10891,0.29634
699600,borg_cluster_agg,0.11273,0.28679
699900,borg_cluster_agg,0.11654,0.27723
700200,borg_cluster_agg,0.12035,0.26768
700500,borg_cluster_agg,0.12416,0.25812
700800,borg_cluster_agg,0.12797,0.24857
701100,borg_cluster_agg,0.13178,0.23901
701400,borg_cluster_agg,0.1356,0.22946
701700,borg_cluster_agg,0.40549,0.33509
702000,borg_cluster_agg,0.36429,0.39214
702300,borg_cluster_agg,0.32309,0.44918
702600,borg_cluster_agg,0.28189,0.50623
702900,borg_cluster_agg,0.2407,0.56327
703200,borg_cluster_agg,0.1995,0.62032
703500,borg_cluster_agg,0.1583,0.67737
703800,borg_cluster_agg,0.1171,0.73441
704100,borg_cluster_agg,0.13326,0.16118
704400,borg_cluster_agg,0.12279,0.14897
704700,borg_cluster_agg,0.11232,0.13677
705000,borg_cluster_agg,0.10185,0.12456
705300,borg_cluster_agg,0.20148,0.13428
705600,borg_cluster_agg,0.3011,0.14399
705900,borg_cluster_agg,0.30843,0.24513
706200,borg_cluster_agg,0.31576,0.34628
706500,borg_cluster_agg,0.32308,0.44742
706800,borg_cluster_agg,0.33041,0.54856
707100,borg_cluster_agg,0.27846,0.43544
707400,borg_cluster_agg,0.22652,0.32232
707700,borg_cluster_agg,0.17458,0.2092
708000,borg_cluster_agg,0.12264,0.1
708300,borg_cluster_agg,0.15276,0.11403
708600,borg_cluster_agg,0.18289,0.13198
708900,borg_cluster_agg,0.14626,0.12241
709200,borg_cluster_agg,0.18115,0.19806
709500,borg_cluster_agg,0.23486,0.20598
709800,borg_cluster_agg,0.28856,0.2139
710100,borg_cluster_agg,0.34227,0.22181
710400,borg_cluster_agg,0.22209,0.17278
710700,borg_cluster_agg,0.10192,0.12374
711000,borg_cluster_agg,0.16445,0.19943
711300,borg_cluster_agg,0.23681,0.22017
711600,borg_cluster_agg,0.30916,0.24091
711900,borg_cluster_agg,0.27739,0.25698
712200,borg_cluster_agg,0.24561,0.27304
712500,borg_cluster_agg,0.21384,0.2891
712800,borg_cluster_agg,0.18207,0.30517
713100,borg_cluster_agg,0.15029,0.32123
713400,borg_cluster_agg,0.11852,0.33729
713700,borg_cluster_agg,0.16201,0.41593
714000,borg_cluster_agg,0.20551,0.49457
714300,borg_cluster_agg,0.18385,0.30861
714600,borg_cluster_agg,0.1622,0.12264
714900,borg_cluster_agg,0.12575,0.21546
715200,borg_cluster_agg,0.4526,0.24969
715500,borg_cluster_agg,0.77946,0.28392
715800,borg_cluster_agg,0.44484,0.45109
716100,borg_cluster_agg,0.11023,0.61826
716400,borg_cluster_agg,0.10704,0.451
716700,borg_cluster_agg,0.10385,0.28374
717000,borg_cluster_agg,0.10066,0.11648
717300,borg_cluster_agg,0.10501,0.12806
717600,borg_cluster_agg,0.10936,0.13963
717900,borg_cluster_agg,0.11371,0.15121
718200,borg_cluster_agg,0.10855,0.14736
718500,borg_cluster_agg,0.10339,0.14352
718800,borg_cluster_agg,0.1,0.32881
719100,borg_cluster_agg,0.14727,0.15976
719400,borg_cluster_agg,0.12861,0.15117
719700,borg_cluster_agg,0.10996,0.14258
720000,borg_cluster_agg,0.10613,0.12125
720300,borg_cluster_agg,0.10231,0.1
720600,borg_cluster_agg,0.10478,0.11199
720900,borg_cluster_agg,0.10724,0.12406
721200,borg_cluster_agg,0.10971,0.13613
721500,borg_cluster_agg,0.11218,0.1482
721800,borg_cluster_agg,0.11465,0.16027
722100,borg_cluster_agg,0.52954,0.20538
722400,borg_cluster_agg,0.85,0.2505
722700,borg_cluster_agg,0.85,0.29562
723000,borg_cluster_agg,0.85,0.34074
723300,borg_cluster_agg,0.11325,0.12661
723600,borg_cluster_agg,0.4022,0.18974
723900,borg_cluster_agg,0.25212,0.17146
724200,borg_cluster_agg,0.10204,0.15317
724500,borg_cluster_agg,0.21366,0.31697
724800,borg_cluster_agg,0.32529,0.48077
725100,borg_cluster_agg,0.25205,0.36314
725400,borg_cluster_agg,0.17882,0.2455
725700,borg_cluster_agg,0.10558,0.12786
726000,borg_cluster_agg,0.10426,0.12464
726300,borg_cluster_agg,0.14678,0.12598
726600,borg_cluster_agg,0.1893,0.12731
726900,borg_cluster_agg,0.1,0.85
727200,borg_cluster_agg,0.10616,0.69036
727500,borg_cluster_agg,0.11238,0.13335
727800,borg_cluster_agg,0.1,0.1184
728100,borg_cluster_agg,0.13784,0.85
728400,borg_cluster_agg,0.13547,0.6801
728700,borg_cluster_agg,0.13311,0.49708
729000,borg_cluster_agg,0.13074,0.31406
729300,borg_cluster_agg,0.12292,0.26262
729600,borg_cluster_agg,0.11511,0.21117
729900,borg_cluster_agg,0.10729,0.15972
730200,borg_cluster_agg,0.1,0.10828
730500,borg_cluster_agg,0.85,0.85
730800,borg_cluster_agg,0.85,0.85
731100,borg_cluster_agg,0.10236,0.13536
731400,borg_cluster_agg,0.13038,0.10859
731700,borg_cluster_agg,0.14833,0.13339
732000,borg_cluster_agg,0.16629,0.15819
732300,borg_cluster_agg,0.18425,0.18299
732600,borg_cluster_agg,0.20221,0.2078
732900,borg_cluster_agg,0.1426,0.29522
733200,borg_cluster_agg,0.13738,0.28743
733500,borg_cluster_agg,0.13217,0.27963
733800,borg_cluster_agg,0.12695,0.27184
734100,borg_cluster_agg,0.12174,0.26404
734400,borg_cluster_agg,0.11652,0.25624
734700,borg_cluster_agg,0.11131,0.24845
735000,borg_cluster_agg,0.10478,0.17116
735300,borg_cluster_agg,0.1,0.1
735600,borg_cluster_agg,0.11129,0.11151
735900,borg_cluster_agg,0.12432,0.12915
736200,borg_cluster_agg,0.13736,0.14678
736500,borg_cluster_agg,0.15039,0.16441
736800,borg_cluster_agg,0.1,0.1
737100,borg_cluster_agg,0.10944,0.1
737400,borg_cluster_agg,0.12143,0.10208
737700,borg_cluster_agg,0.13342,0.10641
738000,borg_cluster_agg,0.1454,0.11074
738300,borg_cluster_agg,0.15739,0.11508
738600,borg_cluster_agg,0.16117,0.12604
738900,borg_cluster_agg,0.16494,0.137
739200,borg_cluster_agg,0.14415,0.13194
739500,borg_cluster_agg,0.12336,0.12688
739800,borg_cluster_agg,0.10256,0.12182
740100,borg_cluster_agg,0.10336,0.12249
740400,borg_cluster_agg,0.10415,0.12315
740700,borg_cluster_agg,0.10494,0.12382
741000,borg_cluster_agg,0.1043,0.12219
741300,borg_cluster_agg,0.10366,0.12056
741600,borg_cluster_agg,0.33224,0.37465
741900,borg_cluster_agg,0.17721,0.28738
742200,borg_cluster_agg,0.16835,0.26784
742500,borg_cluster_agg,0.15949,0.24831
742800,borg_cluster_agg,0.15063,0.22878
743100,borg_cluster_agg,0.14177,0.20924
743400,borg_cluster_agg,0.1329,0.18971
743700,borg_cluster_agg,0.12404,0.17018
744000,borg_cluster_agg,0.11518,0.15064
744300,borg_cluster_agg,0.10632,0.13111
744600,borg_cluster_agg,0.1,0.11158
744900,borg_cluster_agg,0.85,0.24798
745200,borg_cluster_agg,0.85,0.38438
745500,borg_cluster_agg,0.10133,0.15482
745800,borg_cluster_agg,0.13304,0.14658
746100,borg_cluster_agg,0.16476,0.13834
746400,borg_cluster_agg,0.14645,0.1
746700,borg_cluster_agg,0.1051,0.12021
747000,borg_cluster_agg,0.15815,0.12627
747300,borg_cluster_agg,0.21121,0.13234
747600,borg_cluster_agg,0.26426,0.1384
747900,borg_cluster_agg,0.50383,0.53998
748200,borg_cluster_agg,0.10368,0.12358
748500,borg_cluster_agg,0.19525,0.17332
748800,borg_cluster_agg,0.28682,0.22305
749100,borg_cluster_agg,0.37839,0.27278
749400,borg_cluster_agg,0.31273,0.23743
749700,borg_cluster_agg,0.24707,0.20209
750000,borg_cluster_agg,0.18141,0.16674
750300,borg_cluster_agg,0.11575,0.13139
750600,borg_cluster_agg,0.2341,0.37673
750900,borg_cluster_agg,0.18855,0.28352
751200,borg_cluster_agg,0.143,0.19031
751500,borg_cluster_agg,0.1,0.1
751800,borg_cluster_agg,0.47328,0.41577
752100,borg_cluster_agg,0.11198,0.10927
752400,borg_cluster_agg,0.15684,0.12564
752700,borg_cluster_agg,0.2017,0.142
753000,borg_cluster_agg,0.24656,0.15836
753300,borg_cluster_agg,0.29142,0.17472
753600,borg_cluster_agg,0.33628,0.19108
753900,borg_cluster_agg,0.38114,0.20744
754200,borg_cluster_agg,0.426,0.22381
754500,borg_cluster_agg,0.5658,0.42101
754800,borg_cluster_agg,0.70559,0.6182
755100,borg_cluster_agg,0.84538,0.8154
755400,borg_cluster_agg,0.59621,0.58279
755700,borg_cluster_agg,0.34704,0.35019
756000,borg_cluster_agg,0.1,0.11758
756300,borg_cluster_agg,0.18646,0.27482
756600,borg_cluster_agg,0.15099,0.20089
756900,borg_cluster_agg,0.11552,0.12696
757200,borg_cluster_agg,0.13605,0.12668
757500,borg_cluster_agg,0.4564,0.25912
757800,borg_cluster_agg,0.23729,0.14794
758100,borg_cluster_agg,0.20577,0.14586
758400,borg_cluster_agg,0.17424,0.14377
758700,borg_cluster_agg,0.14272,0.14168
759000,borg_cluster_agg,0.11119,0.13959
759300,borg_cluster_agg,0.12085,0.18865
759600,borg_cluster_agg,0.80949,0.14313
759900,borg_cluster_agg,0.50512,0.22655
760200,borg_cluster_agg,0.20075,0.30998
760500,borg_cluster_agg,0.18871,0.23472
760800,borg_cluster_agg,0.17667,0.15946
761100,borg_cluster_agg,0.10861,0.2505
761400,borg_cluster_agg,0.13609,0.20881
761700,borg_cluster_agg,0.16356,0.16712
762000,borg_cluster_agg,0.19104,0.12543
762300,borg_cluster_agg,0.14255,0.12688
762600,borg_cluster_agg,0.19809,0.17117
762900,borg_cluster_agg,0.25363,0.21546
763200,borg_cluster_agg,0.30916,0.25975
763500,borg_cluster_agg,0.85,0.85
763800,borg_cluster_agg,0.85,0.73216
764100,borg_cluster_agg,0.64271,0.44172
764400,borg_cluster_agg,0.36813,0.15129
764700,borg_cluster_agg,0.14407,0.85
765000,borg_cluster_agg,0.14686,0.85
765300,borg_cluster_agg,0.14965,0.85
765600,borg_cluster_agg,0.15244,0.51731
765900,borg_cluster_agg,0.15524,0.12955
766200,borg_cluster_agg,0.14387,0.12234
766500,borg_cluster_agg,0.13251,0.11514
766800,borg_cluster_agg,0.12115,0.10793
767100,borg_cluster_agg,0.10979,0.10073
767400,borg_cluster_agg,0.1,0.1
767700,borg_cluster_agg,0.20386,0.21031
768000,borg_cluster_agg,0.39005,0.2373
768300,borg_cluster_agg,0.29307,0.18955
768600,borg_cluster_agg,0.19609,0.14179
768900,borg_cluster_agg,0.1,0.1
769200,borg_cluster_agg,0.44434,0.14224
769500,borg_cluster_agg,0.14412,0.16394
769800,borg_cluster_agg,0.26853,0.70001
770100,borg_cluster_agg,0.12877,0.11515
770400,borg_cluster_agg,0.13401,0.14788
770700,borg_cluster_agg,0.13924,0.18061
771000,borg_cluster_agg,0.85,0.85
771300,borg_cluster_agg,0.85,0.85
771600,borg_cluster_agg,0.85,0.85
771900,borg_cluster_agg,0.45048,0.43228
772200,borg_cluster_agg,0.10712,0.11691
772500,borg_cluster_agg,0.43596,0.10797
772800,borg_cluster_agg,0.76481,0.1
773100,borg_cluster_agg,0.10927,0.15498
773400,borg_cluster_agg,0.4641,0.15035
773700,borg_cluster_agg,0.13784,0.6214
774000,borg_cluster_agg,0.16481,0.17558
774300,borg_cluster_agg,0.26418,0.12501
774600,borg_cluster_agg,0.30837,0.17329
774900,borg_cluster_agg,0.29268,0.14744
775200,borg_cluster_agg,0.26777,0.17625
775500,borg_cluster_agg,0.24287,0.20505
775800,borg_cluster_agg,0.21796,0.23385
776100,borg_cluster_agg,0.1507,0.1
776400,borg_cluster_agg,0.85,0.85
776700,borg_cluster_agg,0.30088,0.12931
777000,borg_cluster_agg,0.26113,0.12982
777300,borg_cluster_agg,0.22139,0.13032
777600,borg_cluster_agg,0.18164,0.13082
777900,borg_cluster_agg,0.14189,0.13132
778200,borg_cluster_agg,0.10215,0.13182
778500,borg_cluster_agg,0.12932,0.13063
778800,borg_cluster_agg,0.15648,0.12943
779100,borg_cluster_agg,0.18365,0.12823
779400,borg_cluster_agg,0.21082,0.12704
779700,borg_cluster_agg,0.25624,0.22951
780000,borg_cluster_agg,0.30166,0.33199
780300,borg_cluster_agg,0.35483,0.30383
780600,borg_cluster_agg,0.408,0.27567
780900,borg_cluster_agg,0.46117,0.24751
781200,borg_cluster_agg,0.47594,0.29481
781500,borg_cluster_agg,0.49071,0.3421
781800,borg_cluster_agg,0.50548,0.3894
782100,borg_cluster_agg,0.12978,0.11534
782400,borg_cluster_agg,0.1172,0.10857
782700,borg_cluster_agg,0.10462,0.10181
783000,borg_cluster_agg,0.16146,0.13818
783300,borg_cluster_agg,0.1743,0.29019
783600,borg_cluster_agg,0.18713,0.44219
783900,borg_cluster_agg,0.19996,0.5942
784200,borg_cluster_agg,0.21279,0.7462
784500,borg_cluster_agg,0.21704,0.15804
784800,borg_cluster_agg,0.1007,0.11679
785100,borg_cluster_agg,0.10225,0.11455
785400,borg_cluster_agg,0.1038,0.11231
785700,borg_cluster_agg,0.10536,0.11007
786000,borg_cluster_agg,0.10691,0.10783
786300,borg_cluster_agg,0.10847,0.10559
786600,borg_cluster_agg,0.10663,0.10356
786900,borg_cluster_agg,0.1048,0.10153
787200,borg_cluster_agg,0.10296,0.1
787500,borg_cluster_agg,0.10113,0.1
787800,borg_cluster_agg,0.1,0.1
788100,borg_cluster_agg,0.1,0.1
788400,borg_cluster_agg,0.12383,0.31186
788700,borg_cluster_agg,0.22548,0.14468
789000,borg_cluster_agg,0.85,0.85
789300,borg_cluster_agg,0.1,0.10239
789600,borg_cluster_agg,0.1,0.1
789900,borg_cluster_agg,0.10105,0.1
790200,borg_cluster_agg,0.11135,0.1
790500,borg_cluster_agg,0.12166,0.10226
790800,borg_cluster_agg,0.13196,0.10669
791100,borg_cluster_agg,0.12657,0.11062
791400,borg_cluster_agg,0.12117,0.11456
791700,borg_cluster_agg,0.11578,0.11849
792000,borg_cluster_agg,0.11039,0.12243
792300,borg_cluster_agg,0.14928,0.39505
792600,borg_cluster_agg,0.363,0.29742
792900,borg_cluster_agg,0.53187,0.44793
793200,borg_cluster_agg,0.24696,0.24447
793500,borg_cluster_agg,0.26996,0.27492
793800,borg_cluster_agg,0.29296,0.30537
794100,borg_cluster_agg,0.31597,0.33582
794400,borg_cluster_agg,0.33897,0.36627
794700,borg_cluster_agg,0.36197,0.39672
795000,borg_cluster_agg,0.38497,0.42717
795300,borg_cluster_agg,0.40797,0.45762
795600,borg_cluster_agg,0.43098,0.48807
795900,borg_cluster_agg,0.45398,0.51852
796200,borg_cluster_agg,0.3409,0.38704
796500,borg_cluster_agg,0.22782,0.25557
796800,borg_cluster_agg,0.11474,0.12409
797100,borg_cluster_agg,0.10146,0.1
797400,borg_cluster_agg,0.10258,0.11976
797700,borg_cluster_agg,0.10371,0.14008
798000,borg_cluster_agg,0.10483,0.16039
798300,borg_cluster_agg,0.10807,0.16887
798600,borg_cluster_agg,0.11131,0.17734
798900,borg_cluster_agg,0.34176,0.16129
799200,borg_cluster_agg,0.21961,0.12851
799500,borg_cluster_agg,0.1,0.1
799800,borg_cluster_agg,0.3652,0.16047
800100,borg_cluster_agg,0.63295,0.22522
800400,borg_cluster_agg,0.1247,0.12743
800700,borg_cluster_agg,0.1455,0.16196
801000,borg_cluster_agg,0.1663,0.19649
801300,borg_cluster_agg,0.1871,0.23103
801600,borg_cluster_agg,0.15869,0.1938
801900,borg_cluster_agg,0.13027,0.15657
802200,borg_cluster_agg,0.10185,0.11935
802500,borg_cluster_agg,0.1225,0.10447
802800,borg_cluster_agg,0.60371,0.4229
803100,borg_cluster_agg,0.85,0.74132
803400,borg_cluster_agg,0.11069,0.12904
803700,borg_cluster_agg,0.10522,0.15121
804000,borg_cluster_agg,0.10946,0.20224
804300,borg_cluster_agg,0.11371,0.25328
804600,borg_cluster_agg,0.11795,0.30431
804900,borg_cluster_agg,0.1222,0.35535
805200,borg_cluster_agg,0.21788,0.42368
805500,borg_cluster_agg,0.31356,0.49202
805800,borg_cluster_agg,0.40924,0.56036
806100,borg_cluster_agg,0.10025,0.11083
806400,borg_cluster_agg,0.10913,0.12256
806700,borg_cluster_agg,0.48129,0.45768
807000,borg_cluster_agg,0.85,0.7928
807300,borg_cluster_agg,0.60767,0.57465
807600,borg_cluster_agg,0.36191,0.35649
807900,borg_cluster_agg,0.11614,0.13834
808200,borg_cluster_agg,0.2599,0.13551
808500,borg_cluster_agg,0.13349,0.12845
808800,borg_cluster_agg,0.1328,0.58749
809100,borg_cluster_agg,0.25926,0.51499
809400,borg_cluster_agg,0.38571,0.44248
809700,borg_cluster_agg,0.51217,0.36998
810000,borg_cluster_agg,0.63862,0.29747
810300,borg_cluster_agg,0.76508,0.22497
810600,borg_cluster_agg,0.85,0.15247
810900,borg_cluster_agg,0.62787,0.13472
811200,borg_cluster_agg,0.36421,0.11697
811500,borg_cluster_agg,0.10055,0.1
811800,borg_cluster_agg,0.13834,0.1139
812100,borg_cluster_agg,0.17614,0.12859
812400,borg_cluster_agg,0.21393,0.14328
812700,borg_cluster_agg,0.4119,0.85
813000,borg_cluster_agg,0.72525,0.56112
813300,borg_cluster_agg,0.62122,0.48664
813600,borg_cluster_agg,0.5172,0.41216
813900,borg_cluster_agg,0.41317,0.33768
814200,borg_cluster_agg,0.30915,0.2632
814500,borg_cluster_agg,0.20512,0.18872
814800,borg_cluster_agg,0.1011,0.11424
815100,borg_cluster_agg,0.10066,0.1
815400,borg_cluster_agg,0.17767,0.22161
815700,borg_cluster_agg,0.17305,0.17265
816000,borg_cluster_agg,0.16842,0.1237
816300,borg_cluster_agg,0.13475,0.19896
816600,borg_cluster_agg,0.10108,0.27421
816900,borg_cluster_agg,0.10088,0.24276
817200,borg_cluster_agg,0.10067,0.2113
817500,borg_cluster_agg,0.10047,0.17984
817800,borg_cluster_agg,0.10027,0.14838
818100,borg_cluster_agg,0.10238,0.1468
818400,borg_cluster_agg,0.10448,0.14522
818700,borg_cluster_agg,0.10659,0.14363
819000,borg_cluster_agg,0.10869,0.14205
819300,borg_cluster_agg,0.1108,0.14046
819600,borg_cluster_agg,0.1129,0.13888
819900,borg_cluster_agg,0.11501,0.13729
820200,borg_cluster_agg,0.11712,0.13571
820500,borg_cluster_agg,0.11922,0.13413
820800,borg_cluster_agg,0.12133,0.13254
821100,borg_cluster_agg,0.12343,0.13096
821400,borg_cluster_agg,0.12554,0.12937
821700,borg_cluster_agg,0.12764,0.12779
822000,borg_cluster_agg,0.25181,0.16629
822300,borg_cluster_agg,0.37598,0.20479
822600,borg_cluster_agg,0.36928,0.19016
822900,borg_cluster_agg,0.36258,0.17552
823200,borg_cluster_agg,0.35589,0.16089
823500,borg_cluster_agg,0.34919,0.14626
823800,borg_cluster_agg,0.34249,0.13163
824100,borg_cluster_agg,0.18176,0.10867
824400,borg_cluster_agg,0.13418,0.11515
824700,borg_cluster_agg,0.11894,0.11785
825000,borg_cluster_agg,0.10371,0.12056
825300,borg_cluster_agg,0.11799,0.43814
825600,borg_cluster_agg,0.13228,0.75572
825900,borg_cluster_agg,0.1078,0.15443
826200,borg_cluster_agg,0.16566,0.15284
826500,borg_cluster_agg,0.22351,0.15126
826800,borg_cluster_agg,0.28136,0.14967
827100,borg_cluster_agg,0.33921,0.14809
827400,borg_cluster_agg,0.39707,0.1465
827700,borg_cluster_agg,0.29852,0.13466
828000,borg_cluster_agg,0.19997,0.12283
828300,borg_cluster_agg,0.10142,0.11099
828600,borg_cluster_agg,0.10278,0.11111
828900,borg_cluster_agg,0.10414,0.11123
829200,borg_cluster_agg,0.14698,0.50698
829500,borg_cluster_agg,0.18981,0.85
829800,borg_cluster_agg,0.23265,0.85
830100,borg_cluster_agg,0.27548,0.85
830400,borg_cluster_agg,0.31832,0.85
830700,borg_cluster_agg,0.15826,0.54794
831000,borg_cluster_agg,0.14044,0.41674
831300,borg_cluster_agg,0.12262,0.28554
831600,borg_cluster_agg,0.10481,0.15435
831900,borg_cluster_agg,0.11682,0.13841
832200,borg_cluster_agg,0.11807,0.14579
832500,borg_cluster_agg,0.11932,0.15317
832800,borg_cluster_agg,0.13174,0.19908
833100,borg_cluster_agg,0.14416,0.245
833400,borg_cluster_agg,0.19418,0.26638
833700,borg_cluster_agg,0.24419,0.28777
834000,borg_cluster_agg,0.29421,0.30916
834300,borg_cluster_agg,0.34423,0.33054
834600,borg_cluster_agg,0.39425,0.35193
834900,borg_cluster_agg,0.44427,0.37331
835200,borg_cluster_agg,0.49429,0.3947
835500,borg_cluster_agg,0.54431,0.41609
835800,borg_cluster_agg,0.1,0.1
836100,borg_cluster_agg,0.1,0.10998
836400,borg_cluster_agg,0.10106,0.12656
836700,borg_cluster_agg,0.10252,0.121
837000,borg_cluster_agg,0.10398,0.11545
837300,borg_cluster_agg,0.10544,0.10989
837600,borg_cluster_agg,0.1069,0.10434
837900,borg_cluster_agg,0.10835,0.1
838200,borg_cluster_agg,0.12792,0.10315
838500,borg_cluster_agg,0.14749,0.10752
838800,borg_cluster_agg,0.16705,0.11189
839100,borg_cluster_agg,0.18662,0.11626
839400,borg_cluster_agg,0.35484,0.12848
839700,borg_cluster_agg,0.52307,0.14069
840000,borg_cluster_agg,0.3812,0.12492
840300,borg_cluster_agg,0.23933,0.10915
840600,borg_cluster_agg,0.1,0.1
840900,borg_cluster_agg,0.1,0.1
841200,borg_cluster_agg,0.1,0.1
841500,borg_cluster_agg,0.1,0.1
841800,borg_cluster_agg,0.1,0.1
842100,borg_cluster_agg,0.10077,0.11787
842400,borg_cluster_agg,0.10408,0.14233
842700,borg_cluster_agg,0.16386,0.15509
843000,borg_cluster_agg,0.22364,0.16785
843300,borg_cluster_agg,0.1926,0.15335
843600,borg_cluster_agg,0.16157,0.13885
843900,borg_cluster_agg,0.13053,0.12435
844200,borg_cluster_agg,0.1,0.10985
844500,borg_cluster_agg,0.10014,0.1
844800,borg_cluster_agg,0.10742,0.12212
845100,borg_cluster_agg,0.11471,0.14432
845400,borg_cluster_agg,0.122,0.16651
845700,borg_cluster_agg,0.17575,0.15921
846000,borg_cluster_agg,0.2295,0.15192
846300,borg_cluster_agg,0.15121,0.133
846600,borg_cluster_agg,0.16421,0.78374
846900,borg_cluster_agg,0.17721,0.85
847200,borg_cluster_agg,0.20203,0.85
847500,borg_cluster_agg,0.22684,0.61407
847800,borg_cluster_agg,0.25166,0.20387
848100,borg_cluster_agg,0.17712,0.15466
848400,borg_cluster_agg,0.10259,0.10544
848700,borg_cluster_agg,0.13017,0.14497
849000,borg_cluster_agg,0.15775,0.18449
849300,borg_cluster_agg,0.18533,0.22402
849600,borg_cluster_agg,0.21291,0.26355
849900,borg_cluster_agg,0.24049,0.30307
850200,borg_cluster_agg,0.17194,0.24374
850500,borg_cluster_agg,0.10339,0.18441
850800,borg_cluster_agg,0.17615,0.21941
851100,borg_cluster_agg,0.24891,0.25441
851400,borg_cluster_agg,0.17666,0.18146
851700,borg_cluster_agg,0.10442,0.10852
852000,borg_cluster_agg,0.33451,0.11979
852300,borg_cluster_agg,0.5646,0.13106
852600,borg_cluster_agg,0.79469,0.14233
852900,borg_cluster_agg,0.85,0.1536
853200,borg_cluster_agg,0.85,0.16487
853500,borg_cluster_agg,0.85,0.20706
853800,borg_cluster_agg,0.62709,0.24926
854100,borg_cluster_agg,0.31319,0.29146
854400,borg_cluster_agg,0.18133,0.21596
854700,borg_cluster_agg,0.17904,0.13167
855000,borg_cluster_agg,0.65492,0.21093
855300,borg_cluster_agg,0.39528,0.22616
855600,borg_cluster_agg,0.13563,0.24139
855900,borg_cluster_agg,0.13723,0.21696
856200,borg_cluster_agg,0.13884,0.19253
856500,borg_cluster_agg,0.14045,0.1681
856800,borg_cluster_agg,0.14205,0.14368
857100,borg_cluster_agg,0.51739,0.28575
857400,borg_cluster_agg,0.85,0.42783
857700,borg_cluster_agg,0.85,0.56991
858000,borg_cluster_agg,0.85,0.41148
858300,borg_cluster_agg,0.49648,0.25305
858600,borg_cluster_agg,0.11069,0.1
858900,borg_cluster_agg,0.1097,0.1
859200,borg_cluster_agg,0.10872,0.1
859500,borg_cluster_agg,0.10774,0.1
859800,borg_cluster_agg,0.10675,0.10134
860100,borg_cluster_agg,0.10577,0.10302
860400,borg_cluster_agg,0.10849,0.11931
860700,borg_cluster_agg,0.11121,0.1356
861000,borg_cluster_agg,0.11394,0.15189
861300,borg_cluster_agg,0.11666,0.16819
861600,borg_cluster_agg,0.11858,0.16367
861900,borg_cluster_agg,0.1205,0.15915
862200,borg_cluster_agg,0.12242,0.15463
862500,borg_cluster_agg,0.12434,0.15011
862800,borg_cluster_agg,0.12626,0.14559
863100,borg_cluster_agg,0.12818,0.14107
863400,borg_cluster_agg,0.13011,0.13655
863700,borg_cluster_agg,0.13203,0.13203
864000,borg_cluster_agg,0.13395,0.12751
864300,borg_cluster_agg,0.28454,0.13117
864600,borg_cluster_agg,0.43513,0.13484
864900,borg_cluster_agg,0.58572,0.1385
865200,borg_cluster_agg,0.73631,0.14216
865500,borg_cluster_agg,0.85,0.14583
865800,borg_cluster_agg,0.85,0.14949
866100,borg_cluster_agg,0.85,0.14536
866400,borg_cluster_agg,0.76977,0.14123
866700,borg_cluster_agg,0.6359,0.13709
867000,borg_cluster_agg,0.50204,0.13296
867300,borg_cluster_agg,0.36818,0.12883
867600,borg_cluster_agg,0.23432,0.1247
867900,borg_cluster_agg,0.10046,0.12056
868200,borg_cluster_agg,0.20144,0.30638
868500,borg_cluster_agg,0.30242,0.4922
868800,borg_cluster_agg,0.33363,0.34403
869100,borg_cluster_agg,0.36484,0.19587
869400,borg_cluster_agg,0.42417,0.23515
869700,borg_cluster_agg,0.48351,0.27443
870000,borg_cluster_agg,0.54284,0.31371
870300,borg_cluster_agg,0.60218,0.35299
870600,borg_cluster_agg,0.10924,0.1021
870900,borg_cluster_agg,0.28625,0.33485
871200,borg_cluster_agg,0.46326,0.56759
871500,borg_cluster_agg,0.64027,0.80034
871800,borg_cluster_agg,0.38667,0.46688
872100,borg_cluster_agg,0.13308,0.13343
872400,borg_cluster_agg,0.13224,0.13742
872700,borg_cluster_agg,0.1314,0.14142
873000,borg_cluster_agg,0.13056,0.14541
873300,borg_cluster_agg,0.12973,0.1494
873600,borg_cluster_agg,0.12889,0.15339
873900,borg_cluster_agg,0.12805,0.15738
874200,borg_cluster_agg,0.12721,0.16137
874500,borg_cluster_agg,0.12637,0.16536
874800,borg_cluster_agg,0.12554,0.16935
875100,borg_cluster_agg,0.1247,0.17334
875400,borg_cluster_agg,0.15605,0.17029
875700,borg_cluster_agg,0.18741,0.16725
876000,borg_cluster_agg,0.21876,0.1642
876300,borg_cluster_agg,0.25012,0.16115
876600,borg_cluster_agg,0.28147,0.1581
876900,borg_cluster_agg,0.31283,0.15506
877200,borg_cluster_agg,0.28293,0.15194
877500,borg_cluster_agg,0.25303,0.14883
877800,borg_cluster_agg,0.22313,0.14572
878100,borg_cluster_agg,0.19324,0.14261
878400,borg_cluster_agg,0.16334,0.1395
878700,borg_cluster_agg,0.13344,0.13639
879000,borg_cluster_agg,0.10355,0.13328
879300,borg_cluster_agg,0.10032,0.1
879600,borg_cluster_agg,0.10078,0.1104
879900,borg_cluster_agg,0.10022,0.10757
880200,borg_cluster_agg,0.1,0.10474
880500,borg_cluster_agg,0.1,0.1019
880800,borg_cluster_agg,0.1,0.1
881100,borg_cluster_agg,0.1,0.1
881400,borg_cluster_agg,0.1,0.1
881700,borg_cluster_agg,0.10279,0.17674
882000,borg_cluster_agg,0.10812,0.26006
882300,borg_cluster_agg,0.29314,0.26207
882600,borg_cluster_agg,0.47815,0.26407
882900,borg_cluster_agg,0.10181,0.12378
883200,borg_cluster_agg,0.103,0.12099
883500,borg_cluster_agg,0.67161,0.85
883800,borg_cluster_agg,0.85,0.85
884100,borg_cluster_agg,0.85,0.85
884400,borg_cluster_agg,0.4838,0.85
884700,borg_cluster_agg,0.10559,0.17922
885000,borg_cluster_agg,0.18496,0.15945
885300,borg_cluster_agg,0.26433,0.13969
885600,borg_cluster_agg,0.3437,0.11992
885900,borg_cluster_agg,0.42307,0.10016
886200,borg_cluster_agg,0.28731,0.14914
886500,borg_cluster_agg,0.10451,0.11844
886800,borg_cluster_agg,0.1,0.12959
887100,borg_cluster_agg,0.46776,0.28926
887400,borg_cluster_agg,0.10204,0.12425
887700,borg_cluster_agg,0.2208,0.33201
888000,borg_cluster_agg,0.33956,0.53977
888300,borg_cluster_agg,0.31326,0.49063
888600,borg_cluster_agg,0.28696,0.44149
888900,borg_cluster_agg,0.26065,0.39235
889200,borg_cluster_agg,0.23435,0.3432
889500,borg_cluster_agg,0.20805,0.29406
889800,borg_cluster_agg,0.18175,0.24492
890100,borg_cluster_agg,0.15544,0.19577
890400,borg_cluster_agg,0.12914,0.14663
890700,borg_cluster_agg,0.10284,0.1
891000,borg_cluster_agg,0.12079,0.19464
891300,borg_cluster_agg,0.18331,0.17022
891600,borg_cluster_agg,0.24584,0.14581
891900,borg_cluster_agg,0.30836,0.1214
892200,borg_cluster_agg,0.51647,0.58875
892500,borg_cluster_agg,0.30893,0.35191
892800,borg_cluster_agg,0.10139,0.11507
893100,borg_cluster_agg,0.26808,0.12845
893400,borg_cluster_agg,0.43476,0.14183
893700,borg_cluster_agg,0.60145,0.15521
894000,borg_cluster_agg,0.58455,0.15447
894300,borg_cluster_agg,0.56765,0.15373
894600,borg_cluster_agg,0.55076,0.15298
894900,borg_cluster_agg,0.53386,0.15224
895200,borg_cluster_agg,0.51696,0.1515
895500,borg_cluster_agg,0.50006,0.15075
895800,borg_cluster_agg,0.48317,0.15001
896100,borg_cluster_agg,0.46627,0.14927
896400,borg_cluster_agg,0.44937,0.14853
896700,borg_cluster_agg,0.43247,0.14778
897000,borg_cluster_agg,0.41558,0.14704
897300,borg_cluster_agg,0.39868,0.1463
897600,borg_cluster_agg,0.38178,0.14555
897900,borg_cluster_agg,0.36488,0.14481
898200,borg_cluster_agg,0.34799,0.14407
898500,borg_cluster_agg,0.22683,0.14187
898800,borg_cluster_agg,0.10568,0.13967
899100,borg_cluster_agg,0.1,0.12076
899400,borg_cluster_agg,0.10171,0.14695
899700,borg_cluster_agg,0.10352,0.17313
900000,borg_cluster_agg,0.10533,0.19932
900300,borg_cluster_agg,0.10318,0.12613
900600,borg_cluster_agg,0.11081,0.11373
900900,borg_cluster_agg,0.11845,0.10133
901200,borg_cluster_agg,0.14093,0.10917
901500,borg_cluster_agg,0.16342,0.117
901800,borg_cluster_agg,0.1859,0.12483
902100,borg_cluster_agg,0.20838,0.13266
902400,borg_cluster_agg,0.23087,0.14049
902700,borg_cluster_agg,0.25335,0.14832
903000,borg_cluster_agg,0.27583,0.15615
903300,borg_cluster_agg,0.2334,0.1516
903600,borg_cluster_agg,0.19097,0.14705
903900,borg_cluster_agg,0.14854,0.1425
904200,borg_cluster_agg,0.10611,0.13795
904500,borg_cluster_agg,0.1325,0.11917
904800,borg_cluster_agg,0.1589,0.10039
905100,borg_cluster_agg,0.85,0.85
905400,borg_cluster_agg,0.76676,0.49082
905700,borg_cluster_agg,0.11895,0.10094
906000,borg_cluster_agg,0.25897,0.11456
906300,borg_cluster_agg,0.39898,0.12818
906600,borg_cluster_agg,0.53899,0.14181
906900,borg_cluster_agg,0.67901,0.15543
907200,borg_cluster_agg,0.57535,0.14788
907500,borg_cluster_agg,0.4717,0.14034
907800,borg_cluster_agg,0.36804,0.13279
908100,borg_cluster_agg,0.26439,0.12524
908400,borg_cluster_agg,0.16073,0.1177
908700,borg_cluster_agg,0.25569,0.15137
909000,borg_cluster_agg,0.25422,0.15163
909300,borg_cluster_agg,0.25276,0.15189
909600,borg_cluster_agg,0.25129,0.15215
909900,borg_cluster_agg,0.53186,0.13131
910200,borg_cluster_agg,0.49363,0.14444
910500,borg_cluster_agg,0.4554,0.15757
910800,borg_cluster_agg,0.41717,0.17069
911100,borg_cluster_agg,0.37894,0.18382
911400,borg_cluster_agg,0.34071,0.19695
911700,borg_cluster_agg,0.30248,0.21007
912000,borg_cluster_agg,0.26425,0.2232
912300,borg_cluster_agg,0.22602,0.23632
912600,borg_cluster_agg,0.18779,0.24945
912900,borg_cluster_agg,0.14956,0.26258
913200,borg_cluster_agg,0.13704,0.22519
913500,borg_cluster_agg,0.12452,0.1878
913800,borg_cluster_agg,0.11199,0.15042
914100,borg_cluster_agg,0.1,0.11303
914400,borg_cluster_agg,0.10416,0.11175
914700,borg_cluster_agg,0.10885,0.11048
915000,borg_cluster_agg,0.11353,0.1092
915300,borg_cluster_agg,0.11822,0.10793
915600,borg_cluster_agg,0.24415,0.23268
915900,borg_cluster_agg,0.37009,0.35744
916200,borg_cluster_agg,0.49602,0.4822
916500,borg_cluster_agg,0.62196,0.60696
916800,borg_cluster_agg,0.55751,0.51344
917100,borg_cluster_agg,0.49306,0.41993
917400,borg_cluster_agg,0.42861,0.32641
917700,borg_cluster_agg,0.36416,0.2329
918000,borg_cluster_agg,0.29971,0.13938
918300,borg_cluster_agg,0.27435,0.63052
918600,borg_cluster_agg,0.249,0.85
918900,borg_cluster_agg,0.22364,0.85
919200,borg_cluster_agg,0.85,0.85
919500,borg_cluster_agg,0.85,0.85
919800,borg_cluster_agg,0.72412,0.80035
920100,borg_cluster_agg,0.17159,0.11286
920400,borg_cluster_agg,0.21735,0.14315
920700,borg_cluster_agg,0.26311,0.17344
921000,borg_cluster_agg,0.30887,0.20373
921300,borg_cluster_agg,0.35463,0.23402
921600,borg_cluster_agg,0.40039,0.26431
921900,borg_cluster_agg,0.44615,0.2946
922200,borg_cluster_agg,0.13683,0.13708
922500,borg_cluster_agg,0.11892,0.12657
922800,borg_cluster_agg,0.10101,0.11605
923100,borg_cluster_agg,0.14853,0.18309
923400,borg_cluster_agg,0.19605,0.25012
923700,borg_cluster_agg,0.24357,0.31716
924000,borg_cluster_agg,0.29109,0.3842
924300,borg_cluster_agg,0.33861,0.45123
924600,borg_cluster_agg,0.198,0.29052
924900,borg_cluster_agg,0.85,0.18441
925200,borg_cluster_agg,0.72825,0.17444
925500,borg_cluster_agg,0.42431,0.16447
925800,borg_cluster_agg,0.12037,0.15451
926100,borg_cluster_agg,0.11018,0.14187
926400,borg_cluster_agg,0.15917,0.7049
926700,borg_cluster_agg,0.24561,0.24986
927000,borg_cluster_agg,0.27047,0.26278
927300,borg_cluster_agg,0.21434,0.21698
927600,borg_cluster_agg,0.15821,0.17119
927900,borg_cluster_agg,0.10208,0.12539
928200,borg_cluster_agg,0.18178,0.17564
928500,borg_cluster_agg,0.26465,0.16036
928800,borg_cluster_agg,0.34753,0.14508
929100,borg_cluster_agg,0.27223,0.13277
929400,borg_cluster_agg,0.19694,0.12045
929700,borg_cluster_agg,0.12165,0.10814
930000,borg_cluster_agg,0.11346,0.11335
930300,borg_cluster_agg,0.10526,0.11856
930600,borg_cluster_agg,0.11298,0.18019
930900,borg_cluster_agg,0.12069,0.24182
931200,borg_cluster_agg,0.1284,0.30345
931500,borg_cluster_agg,0.13612,0.36507
931800,borg_cluster_agg,0.15037,0.38326
932100,borg_cluster_agg,0.16095,0.3766
932400,borg_cluster_agg,0.17153,0.36995
932700,borg_cluster_agg,0.18211,0.36329
933000,borg_cluster_agg,0.19268,0.35663
933300,borg_cluster_agg,0.20326,0.34997
933600,borg_cluster_agg,0.21384,0.34331
933900,borg_cluster_agg,0.22442,0.33665
934200,borg_cluster_agg,0.235,0.32999
934500,borg_cluster_agg,0.24558,0.32333
934800,borg_cluster_agg,0.25616,0.31667
935100,borg_cluster_agg,0.26674,0.31002
935400,borg_cluster_agg,0.27732,0.30336
935700,borg_cluster_agg,0.2879,0.2967
936000,borg_cluster_agg,0.29847,0.29004
936300,borg_cluster_agg,0.30905,0.28338
936600,borg_cluster_agg,0.31963,0.27672
936900,borg_cluster_agg,0.33021,0.27006
937200,borg_cluster_agg,0.34079,0.2634
937500,borg_cluster_agg,0.35137,0.25674
937800,borg_cluster_agg,0.36195,0.25009
938100,borg_cluster_agg,0.37253,0.24343
938400,borg_cluster_agg,0.42234,0.39003
938700,borg_cluster_agg,0.85,0.44233
939000,borg_cluster_agg,0.85,0.49463
939300,borg_cluster_agg,0.85,0.54693
939600,borg_cluster_agg,0.85,0.59923
939900,borg_cluster_agg,0.85,0.65153
940200,borg_cluster_agg,0.85,0.60545
940500,borg_cluster_agg,0.85,0.55937
940800,borg_cluster_agg,0.85,0.51328
941100,borg_cluster_agg,0.85,0.4672
941400,borg_cluster_agg,0.85,0.42112
941700,borg_cluster_agg,0.85,0.37503
942000,borg_cluster_agg,0.85,0.32895
942300,borg_cluster_agg,0.85,0.28287
942600,borg_cluster_agg,0.85,0.23678
942900,borg_cluster_agg,0.67743,0.1907
943200,borg_cluster_agg,0.4641,0.14462
943500,borg_cluster_agg,0.73862,0.53024
943800,borg_cluster_agg,0.85,0.85
944100,borg_cluster_agg,0.85,0.77902
944400,borg_cluster_agg,0.70793,0.64217
944700,borg_cluster_agg,0.55533,0.50532
945000,borg_cluster_agg,0.40272,0.36848
945300,borg_cluster_agg,0.25012,0.23163
945600,borg_cluster_agg,0.1,0.1
945900,borg_cluster_agg,0.1028,0.10393
946200,borg_cluster_agg,0.10808,0.11308
946500,borg_cluster_agg,0.11336,0.12223
946800,borg_cluster_agg,0.11865,0.13138
947100,borg_cluster_agg,0.12393,0.14053
947400,borg_cluster_agg,0.12921,0.14967
947700,borg_cluster_agg,0.1345,0.15882
948000,borg_cluster_agg,0.14882,0.15721
948300,borg_cluster_agg,0.16313,0.1556
948600,borg_cluster_agg,0.17745,0.154
948900,borg_cluster_agg,0.19177,0.15239
949200,borg_cluster_agg,0.12383,0.19273
949500,borg_cluster_agg,0.14402,0.20134
949800,borg_cluster_agg,0.16421,0.20995
950100,borg_cluster_agg,0.1844,0.21857
950400,borg_cluster_agg,0.20459,0.22718
950700,borg_cluster_agg,0.22478,0.23579
951000,borg_cluster_agg,0.24497,0.24441
951300,borg_cluster_agg,0.26516,0.25302
951600,borg_cluster_agg,0.28535,0.26163
951900,borg_cluster_agg,0.14423,0.42673
952200,borg_cluster_agg,0.1,0.1
952500,borg_cluster_agg,0.29523,0.20412
952800,borg_cluster_agg,0.27825,0.2254
953100,borg_cluster_agg,0.26126,0.24669
953400,borg_cluster_agg,0.24428,0.26797
953700,borg_cluster_agg,0.2273,0.28926
954000,borg_cluster_agg,0.22852,0.85
954300,borg_cluster_agg,0.22974,0.85
954600,borg_cluster_agg,0.23096,0.85
954900,borg_cluster_agg,0.2631,0.85
955200,borg_cluster_agg,0.29524,0.29711
955500,borg_cluster_agg,0.10382,0.10275
955800,borg_cluster_agg,0.15375,0.10637
956100,borg_cluster_agg,0.20369,0.10999
956400,borg_cluster_agg,0.25362,0.11361
956700,borg_cluster_agg,0.30355,0.11723
957000,borg_cluster_agg,0.35349,0.12085
957300,borg_cluster_agg,0.40342,0.12447
957600,borg_cluster_agg,0.45335,0.12809
957900,borg_cluster_agg,0.50329,0.13171
958200,borg_cluster_agg,0.11472,0.17143
958500,borg_cluster_agg,0.10966,0.1954
958800,borg_cluster_agg,0.142,0.33541
959100,borg_cluster_agg,0.12076,0.21643
959400,borg_cluster_agg,0.1,0.1
959700,borg_cluster_agg,0.34469,0.16071
960000,borg_cluster_agg,0.22107,0.12904
960300,borg_cluster_agg,0.1,0.1
960600,borg_cluster_agg,0.1016,0.85
960900,borg_cluster_agg,0.10208,0.18943
961200,borg_cluster_agg,0.1,0.1
961500,borg_cluster_agg,0.10261,0.12237
961800,borg_cluster_agg,0.66993,0.37364
962100,borg_cluster_agg,0.10366,0.12374
962400,borg_cluster_agg,0.13078,0.72009
962700,borg_cluster_agg,0.15789,0.85
963000,borg_cluster_agg,0.17282,0.74418
963300,borg_cluster_agg,0.18774,0.17193
963600,borg_cluster_agg,0.21302,0.4412
963900,borg_cluster_agg,0.21861,0.41222
964200,borg_cluster_agg,0.2242,0.38323
964500,borg_cluster_agg,0.2298,0.35425
964800,borg_cluster_agg,0.23539,0.32526
965100,borg_cluster_agg,0.24099,0.29628
965400,borg_cluster_agg,0.24658,0.26729
965700,borg_cluster_agg,0.25217,0.23831
966000,borg_cluster_agg,0.25777,0.20932
966300,borg_cluster_agg,0.26336,0.18034
966600,borg_cluster_agg,0.26896,0.15135
966900,borg_cluster_agg,0.27455,0.12237
967200,borg_cluster_agg,0.21605,0.12154
967500,borg_cluster_agg,0.15756,0.12072
967800,borg_cluster_agg,0.1,0.1199
968100,borg_cluster_agg,0.1,0.118
968400,borg_cluster_agg,0.10056,0.1161
968700,borg_cluster_agg,0.10131,0.11421
969000,borg_cluster_agg,0.10207,0.11231
969300,borg_cluster_agg,0.10282,0.11041
969600,borg_cluster_agg,0.10357,0.10852
969900,borg_cluster_agg,0.103,0.12395
970200,borg_cluster_agg,0.10242,0.13938
970500,borg_cluster_agg,0.10185,0.15482
970800,borg_cluster_agg,0.332,0.34713
971100,borg_cluster_agg,0.56214,0.53945
971400,borg_cluster_agg,0.79228,0.73176
971700,borg_cluster_agg,0.23623,0.12857
972000,borg_cluster_agg,0.16947,0.11538
972300,borg_cluster_agg,0.1027,0.1022
972600,borg_cluster_agg,0.10206,0.10343
972900,borg_cluster_agg,0.10142,0.10466
973200,borg_cluster_agg,0.10077,0.10589
973500,borg_cluster_agg,0.10013,0.10712
973800,borg_cluster_agg,0.1,0.10835
974100,borg_cluster_agg,0.11033,0.11152
974400,borg_cluster_agg,0.12116,0.11469
974700,borg_cluster_agg,0.132,0.11786
975000,borg_cluster_agg,0.14284,0.12103
975300,borg_cluster_agg,0.15367,0.1242
975600,borg_cluster_agg,0.16451,0.12737
975900,borg_cluster_agg,0.17535,0.13054
976200,borg_cluster_agg,0.18619,0.13371
976500,borg_cluster_agg,0.39047,0.16408
976800,borg_cluster_agg,0.37147,0.17125
977100,borg_cluster_agg,0.35247,0.17843
977400,borg_cluster_agg,0.33347,0.1856
977700,borg_cluster_agg,0.31447,0.19277
978000,borg_cluster_agg,0.29547,0.19995
978300,borg_cluster_agg,0.27646,0.20712
978600,borg_cluster_agg,0.25746,0.21429
978900,borg_cluster_agg,0.23846,0.22147
979200,borg_cluster_agg,0.21946,0.22864
979500,borg_cluster_agg,0.20046,0.23581
979800,borg_cluster_agg,0.18145,0.24299
980100,borg_cluster_agg,0.16245,0.25016
980400,borg_cluster_agg,0.14345,0.25733
980700,borg_cluster_agg,0.12445,0.26451
981000,borg_cluster_agg,0.10545,0.27168
981300,borg_cluster_agg,0.12747,0.26032
981600,borg_cluster_agg,0.14949,0.24897
981900,borg_cluster_agg,0.17151,0.23761
982200,borg_cluster_agg,0.19353,0.22625
982500,borg_cluster_agg,0.21555,0.2149
982800,borg_cluster_agg,0.23757,0.20354
983100,borg_cluster_agg,0.25959,0.19219
983400,borg_cluster_agg,0.2816,0.18083
983700,borg_cluster_agg,0.30362,0.16947
984000,borg_cluster_agg,0.32564,0.15812
984300,borg_cluster_agg,0.4246,0.27069
984600,borg_cluster_agg,0.52355,0.38327
984900,borg_cluster_agg,0.62251,0.49584
985200,borg_cluster_agg,0.72146,0.60842
985500,borg_cluster_agg,0.82041,0.721
985800,borg_cluster_agg,0.15406,0.16988
986100,borg_cluster_agg,0.11426,0.10251
986400,borg_cluster_agg,0.11763,0.10756
986700,borg_cluster_agg,0.12101,0.11261
987000,borg_cluster_agg,0.12438,0.11766
987300,borg_cluster_agg,0.11618,0.2682
987600,borg_cluster_agg,0.10799,0.41874
987900,borg_cluster_agg,0.1,0.56928
988200,borg_cluster_agg,0.11236,0.20419
988500,borg_cluster_agg,0.69733,0.85
988800,borg_cluster_agg,0.85,0.85
989100,borg_cluster_agg,0.85,0.85
989400,borg_cluster_agg,0.85,0.85
989700,borg_cluster_agg,0.13282,0.12461
990000,borg_cluster_agg,0.79923,0.15301
990300,borg_cluster_agg,0.73926,0.26517
990600,borg_cluster_agg,0.67928,0.37732
990900,borg_cluster_agg,0.6193,0.48947
991200,borg_cluster_agg,0.55933,0.60162
991500,borg_cluster_agg,0.49935,0.71377
991800,borg_cluster_agg,0.43937,0.82592
992100,borg_cluster_agg,0.3794,0.85
992400,borg_cluster_agg,0.31942,0.85
992700,borg_cluster_agg,0.28087,0.74351
993000,borg_cluster_agg,0.24232,0.43681
993300,borg_cluster_agg,0.27974,0.42059
993600,borg_cluster_agg,0.31716,0.40437
993900,borg_cluster_agg,0.35458,0.38815
994200,borg_cluster_agg,0.12113,0.11942
994500,borg_cluster_agg,0.70767,0.41546
994800,borg_cluster_agg,0.1,0.1
995100,borg_cluster_agg,0.20009,0.13328
995400,borg_cluster_agg,0.30273,0.16911
995700,borg_cluster_agg,0.46151,0.46789
996000,borg_cluster_agg,0.62029,0.76667
996300,borg_cluster_agg,0.77908,0.85
996600,borg_cluster_agg,0.85,0.85
996900,borg_cluster_agg,0.85,0.85
997200,borg_cluster_agg,0.84904,0.85
997500,borg_cluster_agg,0.60144,0.85
997800,borg_cluster_agg,0.35383,0.52569
998100,borg_cluster_agg,0.10623,0.14658
998400,borg_cluster_agg,0.85,0.18048
998700,borg_cluster_agg,0.85,0.21666
999000,borg_cluster_agg,0.52966,0.25284
999300,borg_cluster_agg,0.56922,0.19673
999600,borg_cluster_agg,0.60877,0.14061
999900,borg_cluster_agg,0.52355,0.13274
1000200,borg_cluster_agg,0.43833,0.12487
1000500,borg_cluster_agg,0.35312,0.11699
1000800,borg_cluster_agg,0.2679,0.10912
1001100,borg_cluster_agg,0.18268,0.10124
1001400,borg_cluster_agg,0.1,0.1
1001700,borg_cluster_agg,0.13854,0.24782
1002000,borg_cluster_agg,0.17962,0.40227
1002300,borg_cluster_agg,0.22071,0.55673
1002600,borg_cluster_agg,0.2259,0.41904
1002900,borg_cluster_agg,0.23109,0.28136
1003200,borg_cluster_agg,0.23627,0.14368
1003500,borg_cluster_agg,0.23243,0.16499
1003800,borg_cluster_agg,0.22858,0.1863
1004100,borg_cluster_agg,0.22474,0.20761
1004400,borg_cluster_agg,0.22089,0.22892
1004700,borg_cluster_agg,0.19339,0.19422
1005000,borg_cluster_agg,0.16589,0.15951
1005300,borg_cluster_agg,0.13839,0.1248
1005600,borg_cluster_agg,0.23206,0.1577
1005900,borg_cluster_agg,0.32574,0.19059
1006200,borg_cluster_agg,0.41941,0.22349
1006500,borg_cluster_agg,0.10147,0.12303
1006800,borg_cluster_agg,0.21283,0.10804
1007100,borg_cluster_agg,0.31956,0.20532
1007400,borg_cluster_agg,0.4263,0.30259
1007700,borg_cluster_agg,0.53303,0.39986
1008000,borg_cluster_agg,0.63976,0.49713
1008300,borg_cluster_agg,0.74649,0.5944
1008600,borg_cluster_agg,0.85,0.85
1008900,borg_cluster_agg,0.85,0.85
1009200,borg_cluster_agg,0.85,0.85
1009500,borg_cluster_agg,0.85,0.85
1009800,borg_cluster_agg,0.79997,0.85
1010100,borg_cluster_agg,0.62804,0.82113
1010400,borg_cluster_agg,0.45611,0.61716
1010700,borg_cluster_agg,0.28418,0.41318
1011000,borg_cluster_agg,0.11225,0.20921
1011300,borg_cluster_agg,0.17704,0.19265
1011600,borg_cluster_agg,0.24184,0.17609
1011900,borg_cluster_agg,0.30663,0.15953
1012200,borg_cluster_agg,0.37143,0.14297
1012500,borg_cluster_agg,0.35089,0.15163
1012800,borg_cluster_agg,0.10817,0.14014
1013100,borg_cluster_agg,0.10925,0.13771
1013400,borg_cluster_agg,0.85,0.85
1013700,borg_cluster_agg,0.41135,0.75764
1014000,borg_cluster_agg,0.22657,0.42174
1014300,borg_cluster_agg,0.25361,0.34273
1014600,borg_cluster_agg,0.28065,0.26373
1014900,borg_cluster_agg,0.3077,0.18472
1015200,borg_cluster_agg,0.27322,0.17128
1015500,borg_cluster_agg,0.23874,0.15784
1015800,borg_cluster_agg,0.20426,0.1444
1016100,borg_cluster_agg,0.16978,0.13096
1016400,borg_cluster_agg,0.1353,0.11752
1016700,borg_cluster_agg,0.10082,0.10408
1017000,borg_cluster_agg,0.10101,0.10695
1017300,borg_cluster_agg,0.1012,0.10982
1017600,borg_cluster_agg,0.10138,0.11269
1017900,borg_cluster_agg,0.10157,0.11557
1018200,borg_cluster_agg,0.10176,0.11844
1018500,borg_cluster_agg,0.10194,0.12131
1018800,borg_cluster_agg,0.10603,0.11717
1019100,borg_cluster_agg,0.11012,0.11303
1019400,borg_cluster_agg,0.11659,0.26226
1019700,borg_cluster_agg,0.19716,0.4638
1020000,borg_cluster_agg,0.27773,0.66535
1020300,borg_cluster_agg,0.3583,0.85
1020600,borg_cluster_agg,0.43886,0.85
1020900,borg_cluster_agg,0.51943,0.85
1021200,borg_cluster_agg,0.6,0.85
1021500,borg_cluster_agg,0.68056,0.85
1021800,borg_cluster_agg,0.1,0.1
1022100,borg_cluster_agg,0.1,0.1
1022400,borg_cluster_agg,0.10094,0.1
1022700,borg_cluster_agg,0.10268,0.10204
1023000,borg_cluster_agg,0.11632,0.17679
1023300,borg_cluster_agg,0.12996,0.25153
1023600,borg_cluster_agg,0.14361,0.32627
1023900,borg_cluster_agg,0.15725,0.40102
1024200,borg_cluster_agg,0.14758,0.37572
1024500,borg_cluster_agg,0.1379,0.35041
1024800,borg_cluster_agg,0.12823,0.32511
1025100,borg_cluster_agg,0.11855,0.29981
1025400,borg_cluster_agg,0.10888,0.27451
1025700,borg_cluster_agg,0.198,0.16235
1026000,borg_cluster_agg,0.24305,0.15662
1026300,borg_cluster_agg,0.3178,0.15525
1026600,borg_cluster_agg,0.39255,0.15388
1026900,borg_cluster_agg,0.4673,0.1525
1027200,borg_cluster_agg,0.54205,0.15113
1027500,borg_cluster_agg,0.6168,0.14976
1027800,borg_cluster_agg,0.69155,0.14838
1028100,borg_cluster_agg,0.54563,0.13616
1028400,borg_cluster_agg,0.39971,0.12394
1028700,borg_cluster_agg,0.25379,0.11171
1029000,borg_cluster_agg,0.10787,0.1
1029300,borg_cluster_agg,0.54577,0.38972
1029600,borg_cluster_agg,0.10439,0.12033
1029900,borg_cluster_agg,0.5238,0.29711
1030200,borg_cluster_agg,0.4195,0.25599
1030500,borg_cluster_agg,0.31519,0.21488
1030800,borg_cluster_agg,0.21089,0.17376
1031100,borg_cluster_agg,0.10659,0.13265
1031400,borg_cluster_agg,0.10658,0.11787
1031700,borg_cluster_agg,0.10657,0.1031
1032000,borg_cluster_agg,0.30684,0.23597
1032300,borg_cluster_agg,0.50711,0.36884
1032600,borg_cluster_agg,0.70738,0.50171
1032900,borg_cluster_agg,0.85,0.63458
1033200,borg_cluster_agg,0.25001,0.14642
1033500,borg_cluster_agg,0.11055,0.218
1033800,borg_cluster_agg,0.13006,0.19006
1034100,borg_cluster_agg,0.14956,0.16212
1034400,borg_cluster_agg,0.16906,0.13418
1034700,borg_cluster_agg,0.1264,0.14509
1035000,borg_cluster_agg,0.12894,0.15286
1035300,borg_cluster_agg,0.13147,0.16063
1035600,borg_cluster_agg,0.13103,0.11882
1035900,borg_cluster_agg,0.20496,0.13638
1036200,borg_cluster_agg,0.17103,0.12494
1036500,borg_cluster_agg,0.13711,0.11351
1036800,borg_cluster_agg,0.10318,0.10208
1037100,borg_cluster_agg,0.14024,0.13333
1037400,borg_cluster_agg,0.1773,0.16457
1037700,borg_cluster_agg,0.21437,0.19582
1038000,borg_cluster_agg,0.25143,0.22707
1038300,borg_cluster_agg,0.28849,0.25832
1038600,borg_cluster_agg,0.32555,0.28957
1038900,borg_cluster_agg,0.36262,0.32081
1039200,borg_cluster_agg,0.23004,0.20711
1039500,borg_cluster_agg,0.1,0.1
1039800,borg_cluster_agg,0.1,0.1
1040100,borg_cluster_agg,0.1,0.1
1040400,borg_cluster_agg,0.1,0.1
1040700,borg_cluster_agg,0.1,0.1
1041000,borg_cluster_agg,0.1,0.1
1041300,borg_cluster_agg,0.10048,0.1
1041600,borg_cluster_agg,0.10098,0.1
1041900,borg_cluster_agg,0.31972,0.16063
1042200,borg_cluster_agg,0.53845,0.22239
1042500,borg_cluster_agg,0.43122,0.23165
1042800,borg_cluster_agg,0.324,0.24091
1043100,borg_cluster_agg,0.21677,0.25018
1043400,borg_cluster_agg,0.10954,0.25944
1043700,borg_cluster_agg,0.10839,0.23613
1044000,borg_cluster_agg,0.10725,0.21282
1044300,borg_cluster_agg,0.1061,0.18951
1044600,borg_cluster_agg,0.10495,0.1662
1044900,borg_cluster_agg,0.1038,0.14289
1045200,borg_cluster_agg,0.18221,0.18999
1045500,borg_cluster_agg,0.26062,0.23709
1045800,borg_cluster_agg,0.33903,0.28418
1046100,borg_cluster_agg,0.41744,0.33128
1046400,borg_cluster_agg,0.49585,0.37838
1046700,borg_cluster_agg,0.57426,0.42548
1047000,borg_cluster_agg,0.65267,0.47258
1047300,borg_cluster_agg,0.73108,0.51967
1047600,borg_cluster_agg,0.80949,0.56677
1047900,borg_cluster_agg,0.72232,0.48372
1048200,borg_cluster_agg,0.63514,0.40067
1048500,borg_cluster_agg,0.54797,0.31762
1048800,borg_cluster_agg,0.4608,0.23457
1049100,borg_cluster_agg,0.37363,0.15152
1049400,borg_cluster_agg,0.1,0.1
1049700,borg_cluster_agg,0.38242,0.20623
1050000,borg_cluster_agg,0.41776,0.20183
1050300,borg_cluster_agg,0.45311,0.19744
1050600,borg_cluster_agg,0.29959,0.15368
1050900,borg_cluster_agg,0.14608,0.10993
1051200,borg_cluster_agg,0.3392,0.1673
1051500,borg_cluster_agg,0.14228,0.10644
1051800,borg_cluster_agg,0.85,0.85
1052100,borg_cluster_agg,0.40696,0.17052
1052400,borg_cluster_agg,0.1,0.12092
1052700,borg_cluster_agg,0.1,0.10993
1053000,borg_cluster_agg,0.20016,0.11473
1053300,borg_cluster_agg,0.30078,0.11953
1053600,borg_cluster_agg,0.40141,0.12433
1053900,borg_cluster_agg,0.50203,0.12913
1054200,borg_cluster_agg,0.60265,0.13393
1054500,borg_cluster_agg,0.70327,0.13873
1054800,borg_cluster_agg,0.29634,0.30088
1055100,borg_cluster_agg,0.29854,0.16408
1055400,borg_cluster_agg,0.11584,0.21093
1055700,borg_cluster_agg,0.36022,0.16719
1056000,borg_cluster_agg,0.23273,0.13462
1056300,borg_cluster_agg,0.10524,0.10206
1056600,borg_cluster_agg,0.10208,0.1
1056900,borg_cluster_agg,0.1,0.1
1057200,borg_cluster_agg,0.11027,0.13337
1057500,borg_cluster_agg,0.18399,0.30056
1057800,borg_cluster_agg,0.10684,0.10437
1058100,borg_cluster_agg,0.25287,0.13144
1058400,borg_cluster_agg,0.3989,0.15851
1058700,borg_cluster_agg,0.32354,0.14236
1059000,borg_cluster_agg,0.24818,0.12621
1059300,borg_cluster_agg,0.17282,0.11007
1059600,borg_cluster_agg,0.1,0.1
1059900,borg_cluster_agg,0.13469,0.11131
1060200,borg_cluster_agg,0.17193,0.12871
1060500,borg_cluster_agg,0.20917,0.14611
1060800,borg_cluster_agg,0.18124,0.13303
1061100,borg_cluster_agg,0.15331,0.11995
1061400,borg_cluster_agg,0.12539,0.10688
1061700,borg_cluster_agg,0.1,0.1
1062000,borg_cluster_agg,0.11053,0.1013
1062300,borg_cluster_agg,0.1236,0.1088
1062600,borg_cluster_agg,0.13667,0.1163
1062900,borg_cluster_agg,0.14974,0.1238
1063200,borg_cluster_agg,0.16281,0.1313
1063500,borg_cluster_agg,0.17589,0.1388
1063800,borg_cluster_agg,0.18896,0.1463
1064100,borg_cluster_agg,0.20203,0.1538
1064400,borg_cluster_agg,0.20977,0.15439
1064700,borg_cluster_agg,0.2175,0.15498
1065000,borg_cluster_agg,0.22524,0.15557
1065300,borg_cluster_agg,0.23298,0.15615
1065600,borg_cluster_agg,0.24072,0.15674
1065900,borg_cluster_agg,0.24845,0.15733
1066200,borg_cluster_agg,0.25619,0.15792
1066500,borg_cluster_agg,0.26393,0.15851
1066800,borg_cluster_agg,0.1,0.1
1067100,borg_cluster_agg,0.20734,0.1261
1067400,borg_cluster_agg,0.31722,0.15835
1067700,borg_cluster_agg,0.27893,0.15452
1068000,borg_cluster_agg,0.24063,0.15069
1068300,borg_cluster_agg,0.20234,0.14686
1068600,borg_cluster_agg,0.16405,0.14303
1068900,borg_cluster_agg,0.12575,0.1392
1069200,borg_cluster_agg,0.53986,0.51104
1069500,borg_cluster_agg,0.31965,0.30907
1069800,borg_cluster_agg,0.1,0.1071
1070100,borg_cluster_agg,0.10026,0.14613
1070400,borg_cluster_agg,0.10108,0.18516
1070700,borg_cluster_agg,0.10189,0.22419
1071000,borg_cluster_agg,0.10271,0.26321
1071300,borg_cluster_agg,0.10352,0.30224
1071600,borg_cluster_agg,0.10433,0.34127
1071900,borg_cluster_agg,0.10515,0.3803
1072200,borg_cluster_agg,0.16824,0.25763
1072500,borg_cluster_agg,0.23133,0.13496
1072800,borg_cluster_agg,0.19786,0.12457
1073100,borg_cluster_agg,0.16439,0.11419
1073400,borg_cluster_agg,0.13093,0.1038
1073700,borg_cluster_agg,0.1,0.1
1074000,borg_cluster_agg,0.13046,0.10687
1074300,borg_cluster_agg,0.16346,0.12033
1074600,borg_cluster_agg,0.19646,0.13379
1074900,borg_cluster_agg,0.22946,0.14725
1075200,borg_cluster_agg,0.26246,0.16071
1075500,borg_cluster_agg,0.85,0.85
1075800,borg_cluster_agg,0.85,0.85
1076100,borg_cluster_agg,0.48833,0.62412
1076400,borg_cluster_agg,0.11238,0.18127
1076700,borg_cluster_agg,0.11392,0.1443
1077000,borg_cluster_agg,0.11351,0.13411
1077300,borg_cluster_agg,0.1131,0.12392
1077600,borg_cluster_agg,0.1127,0.11372
1077900,borg_cluster_agg,0.11229,0.10353
1078200,borg_cluster_agg,0.85,0.85
1078500,borg_cluster_agg,0.81797,0.73455
1078800,borg_cluster_agg,0.73012,0.61477
1079100,borg_cluster_agg,0.64228,0.495
1079400,borg_cluster_agg,0.55444,0.37522
1079700,borg_cluster_agg,0.4666,0.25545
1080000,borg_cluster_agg,0.37875,0.13567
1080300,borg_cluster_agg,0.28967,0.12334
1080600,borg_cluster_agg,0.20059,0.11102
1080900,borg_cluster_agg,0.1,0.10808
1081200,borg_cluster_agg,0.1,0.10075
1081500,borg_cluster_agg,0.1,0.1
1081800,borg_cluster_agg,0.10041,0.1
1082100,borg_cluster_agg,0.12809,0.10145
1082400,borg_cluster_agg,0.37615,0.33114
1082700,borg_cluster_agg,0.57671,0.60027
1083000,borg_cluster_agg,0.77726,0.85
1083300,borg_cluster_agg,0.66115,0.68293
1083600,borg_cluster_agg,0.54504,0.49645
1083900,borg_cluster_agg,0.42893,0.30998
1084200,borg_cluster_agg,0.34054,0.24959
1084500,borg_cluster_agg,0.25215,0.1892
1084800,borg_cluster_agg,0.16375,0.1288
1085100,borg_cluster_agg,0.14631,0.13083
1085400,borg_cluster_agg,0.12886,0.13286
1085700,borg_cluster_agg,0.11142,0.13489
1086000,borg_cluster_agg,0.20477,0.16078
1086300,borg_cluster_agg,0.11218,0.13115
1086600,borg_cluster_agg,0.12373,0.12735
1086900,borg_cluster_agg,0.13527,0.12354
1087200,borg_cluster_agg,0.25063,0.53943
1087500,borg_cluster_agg,0.36599,0.85
1087800,borg_cluster_agg,0.48135,0.85
1088100,borg_cluster_agg,0.5967,0.85
1088400,borg_cluster_agg,0.71206,0.85
1088700,borg_cluster_agg,0.14745,0.1
1089000,borg_cluster_agg,0.16609,0.10231
1089300,borg_cluster_agg,0.18472,0.1085
1089600,borg_cluster_agg,0.20336,0.11469
1089900,borg_cluster_agg,0.22199,0.12088
1090200,borg_cluster_agg,0.24063,0.12707
1090500,borg_cluster_agg,0.85,0.43053
1090800,borg_cluster_agg,0.85,0.48766
1091100,borg_cluster_agg,0.66591,0.5448
1091400,borg_cluster_agg,0.11236,0.13732
1091700,borg_cluster_agg,0.10952,0.1278
1092000,borg_cluster_agg,0.10667,0.11829
1092300,borg_cluster_agg,0.10383,0.10877
1092600,borg_cluster_agg,0.10098,0.1
1092900,borg_cluster_agg,0.62342,0.38815
1093200,borg_cluster_agg,0.22659,0.1491
1093500,borg_cluster_agg,0.1,0.45313
1093800,borg_cluster_agg,0.15194,0.19116
1094100,borg_cluster_agg,0.22974,0.27576
1094400,borg_cluster_agg,0.30754,0.36036
1094700,borg_cluster_agg,0.38535,0.44497
1095000,borg_cluster_agg,0.24981,0.36821
1095300,borg_cluster_agg,0.11428,0.29146
1095600,borg_cluster_agg,0.27105,0.35856
1095900,borg_cluster_agg,0.42782,0.42566
1096200,borg_cluster_agg,0.58459,0.49276
1096500,borg_cluster_agg,0.74136,0.55987
1096800,borg_cluster_agg,0.42781,0.34757
1097100,borg_cluster_agg,0.11426,0.13528
1097400,borg_cluster_agg,0.1,0.1
1097700,borg_cluster_agg,0.10688,0.33394
1098000,borg_cluster_agg,0.11518,0.5718
1098300,borg_cluster_agg,0.1156,0.42783
1098600,borg_cluster_agg,0.11603,0.28387
1098900,borg_cluster_agg,0.11646,0.13991
1099200,borg_cluster_agg,0.10018,0.1
1099500,borg_cluster_agg,0.10695,0.19014
1099800,borg_cluster_agg,0.11372,0.28596
1100100,borg_cluster_agg,0.12049,0.38179
1100400,borg_cluster_agg,0.12726,0.47762
1100700,borg_cluster_agg,0.13403,0.57344
1101000,borg_cluster_agg,0.1408,0.66927
1101300,borg_cluster_agg,0.14757,0.7651
1101600,borg_cluster_agg,0.15434,0.85
1101900,borg_cluster_agg,0.17585,0.85
1102200,borg_cluster_agg,0.19737,0.85
1102500,borg_cluster_agg,0.21888,0.85
1102800,borg_cluster_agg,0.2404,0.85
1103100,borg_cluster_agg,0.26191,0.85
1103400,borg_cluster_agg,0.18124,0.85
1103700,borg_cluster_agg,0.10057,0.10538
1104000,borg_cluster_agg,0.20967,0.17081
1104300,borg_cluster_agg,0.31878,0.23625
1104600,borg_cluster_agg,0.42788,0.30168
1104900,borg_cluster_agg,0.53698,0.36711
1105200,borg_cluster_agg,0.5018,0.36276
1105500,borg_cluster_agg,0.46661,0.35842
1105800,borg_cluster_agg,0.43143,0.35407
1106100,borg_cluster_agg,0.39624,0.34972
1106400,borg_cluster_agg,0.36106,0.34537
1106700,borg_cluster_agg,0.27494,0.27161
1107000,borg_cluster_agg,0.18882,0.19785
1107300,borg_cluster_agg,0.1027,0.12409
1107600,borg_cluster_agg,0.14295,0.22791
1107900,borg_cluster_agg,0.1832,0.33173
1108200,borg_cluster_agg,0.22345,0.43555
1108500,borg_cluster_agg,0.23655,0.29307
1108800,borg_cluster_agg,0.24964,0.15058
1109100,borg_cluster_agg,0.21977,0.1625
1109400,borg_cluster_agg,0.18989,0.17443
1109700,borg_cluster_agg,0.16741,0.16113
1110000,borg_cluster_agg,0.14493,0.14783
1110300,borg_cluster_agg,0.12245,0.13453
1110600,borg_cluster_agg,0.1,0.12123
1110900,borg_cluster_agg,0.43788,0.39329
1111200,borg_cluster_agg,0.77579,0.66535
1111500,borg_cluster_agg,0.64013,0.55097
1111800,borg_cluster_agg,0.50446,0.43659
1112100,borg_cluster_agg,0.36879,0.32221
1112400,borg_cluster_agg,0.23312,0.20783
1112700,borg_cluster_agg,0.1,0.1
1113000,borg_cluster_agg,0.39524,0.78652
1113300,borg_cluster_agg,0.35824,0.5302
1113600,borg_cluster_agg,0.32125,0.27388
1113900,borg_cluster_agg,0.29476,0.27024
1114200,borg_cluster_agg,0.26826,0.2666
1114500,borg_cluster_agg,0.24177,0.26297
1114800,borg_cluster_agg,0.21527,0.25933
1115100,borg_cluster_agg,0.18878,0.2557
1115400,borg_cluster_agg,0.16229,0.25206
1115700,borg_cluster_agg,0.13339,0.17816
1116000,borg_cluster_agg,0.10448,0.10426
1116300,borg_cluster_agg,0.11037,0.22773
1116600,borg_cluster_agg,0.85,0.65907
1116900,borg_cluster_agg,0.85,0.85
1117200,borg_cluster_agg,0.57068,0.72248
1117500,borg_cluster_agg,0.10027,0.1
1117800,borg_cluster_agg,0.10025,0.10249
1118100,borg_cluster_agg,0.10023,0.1051
1118400,borg_cluster_agg,0.10021,0.1077
1118700,borg_cluster_agg,0.10019,0.11031
1119000,borg_cluster_agg,0.10017,0.11292
1119300,borg_cluster_agg,0.10015,0.11552
1119600,borg_cluster_agg,0.10014,0.11813
1119900,borg_cluster_agg,0.10472,0.15977
1120200,borg_cluster_agg,0.378,0.31818
1120500,borg_cluster_agg,0.24231,0.32397
1120800,borg_cluster_agg,0.10661,0.32976
1121100,borg_cluster_agg,0.37582,0.29805
1121400,borg_cluster_agg,0.85,0.37842
1121700,borg_cluster_agg,0.41465,0.43681
1122000,borg_cluster_agg,0.25682,0.26511
1122300,borg_cluster_agg,0.1,0.1
1122600,borg_cluster_agg,0.10878,0.12364
1122900,borg_cluster_agg,0.11857,0.15386
1123200,borg_cluster_agg,0.12836,0.18409
1123500,borg_cluster_agg,0.11858,0.15525
1123800,borg_cluster_agg,0.1088,0.12641
1124100,borg_cluster_agg,0.1,0.1
1124400,borg_cluster_agg,0.11133,0.10392
1124700,borg_cluster_agg,0.12364,0.11027
1125000,borg_cluster_agg,0.13596,0.11662
1125300,borg_cluster_agg,0.14827,0.12298
1125600,borg_cluster_agg,0.16059,0.12933
1125900,borg_cluster_agg,0.18569,0.39276
1126200,borg_cluster_agg,0.2108,0.6562
1126500,borg_cluster_agg,0.23591,0.85
1126800,borg_cluster_agg,0.48505,0.71638
1127100,borg_cluster_agg,0.7342,0.51313
1127400,borg_cluster_agg,0.85,0.30987
1127700,borg_cluster_agg,0.82364,0.27082
1128000,borg_cluster_agg,0.66393,0.23176
1128300,borg_cluster_agg,0.50423,0.19271
1128600,borg_cluster_agg,0.34452,0.15365
1128900,borg_cluster_agg,0.18481,0.1146
1129200,borg_cluster_agg,0.14491,0.15343
1129500,borg_cluster_agg,0.10501,0.19226
1129800,borg_cluster_agg,0.11163,0.16799
1130100,borg_cluster_agg,0.11826,0.14373
1130400,borg_cluster_agg,0.12488,0.11946
1130700,borg_cluster_agg,0.13395,0.12293
1131000,borg_cluster_agg,0.14303,0.1264
1131300,borg_cluster_agg,0.1521,0.12987
1131600,borg_cluster_agg,0.16117,0.13334
1131900,borg_cluster_agg,0.17025,0.13681
1132200,borg_cluster_agg,0.18204,0.15019
1132500,borg_cluster_agg,0.19383,0.16357
1132800,borg_cluster_agg,0.20562,0.17694
1133100,borg_cluster_agg,0.21741,0.19032
1133400,borg_cluster_agg,0.19983,0.18594
1133700,borg_cluster_agg,0.18225,0.18156
1134000,borg_cluster_agg,0.16467,0.17719
1134300,borg_cluster_agg,0.10414,0.12225
1134600,borg_cluster_agg,0.10588,0.11267
1134900,borg_cluster_agg,0.10762,0.1031
1135200,borg_cluster_agg,0.11799,0.1228
1135500,borg_cluster_agg,0.47985,0.25347
1135800,borg_cluster_agg,0.35348,0.41201
1136100,borg_cluster_agg,0.22712,0.57054
1136400,borg_cluster_agg,0.19592,0.45362
1136700,borg_cluster_agg,0.16473,0.3367
1137000,borg_cluster_agg,0.13353,0.21978
1137300,borg_cluster_agg,0.10233,0.10286
1137600,borg_cluster_agg,0.1153,0.11461
1137900,borg_cluster_agg,0.12826,0.12636
1138200,borg_cluster_agg,0.14122,0.13811
1138500,borg_cluster_agg,0.13142,0.14616
1138800,borg_cluster_agg,0.12162,0.15421
1139100,borg_cluster_agg,0.11181,0.16227
1139400,borg_cluster_agg,0.11024,0.15031
1139700,borg_cluster_agg,0.10867,0.13836
1140000,borg_cluster_agg,0.1071,0.12641
1140300,borg_cluster_agg,0.10553,0.11446
1140600,borg_cluster_agg,0.10396,0.10251
1140900,borg_cluster_agg,0.10845,0.11778
1141200,borg_cluster_agg,0.11293,0.13304
1141500,borg_cluster_agg,0.15511,0.13465
1141800,borg_cluster_agg,0.19728,0.13626
1142100,borg_cluster_agg,0.23946,0.13787
1142400,borg_cluster_agg,0.28164,0.13948
1142700,borg_cluster_agg,0.32381,0.14109
1143000,borg_cluster_agg,0.10656,0.19882
1143300,borg_cluster_agg,0.85,0.85
1143600,borg_cluster_agg,0.10275,0.11405
1143900,borg_cluster_agg,0.25027,0.21186
1144200,borg_cluster_agg,0.3978,0.30967
1144500,borg_cluster_agg,0.1839,0.16895
1144800,borg_cluster_agg,0.19394,0.12779
1145100,borg_cluster_agg,0.55519,0.3815
1145400,borg_cluster_agg,0.85,0.63521
1145700,borg_cluster_agg,0.85,0.14273
1146000,borg_cluster_agg,0.85,0.70553
1146300,borg_cluster_agg,0.85,0.58375
1146600,borg_cluster_agg,0.85,0.46197
1146900,borg_cluster_agg,0.71523,0.34019
1147200,borg_cluster_agg,0.40837,0.21841
1147500,borg_cluster_agg,0.10151,0.1
1147800,borg_cluster_agg,0.12419,0.106
1148100,borg_cluster_agg,0.22109,0.21445
1148400,borg_cluster_agg,0.31798,0.3229
1148700,borg_cluster_agg,0.41488,0.43135
1149000,borg_cluster_agg,0.51177,0.5398
1149300,borg_cluster_agg,0.60867,0.64825
1149600,borg_cluster_agg,0.70556,0.75669
1149900,borg_cluster_agg,0.80245,0.85
1150200,borg_cluster_agg,0.85,0.85
1150500,borg_cluster_agg,0.10371,0.10385
1150800,borg_cluster_agg,0.10279,0.10821
1151100,borg_cluster_agg,0.10188,0.11258
1151400,borg_cluster_agg,0.10096,0.11694
1151700,borg_cluster_agg,0.10004,0.12131
1152000,borg_cluster_agg,0.1,0.1
1152300,borg_cluster_agg,0.10913,0.17782
1152600,borg_cluster_agg,0.12938,0.17198
1152900,borg_cluster_agg,0.14964,0.16615
1153200,borg_cluster_agg,0.16989,0.16031
1153500,borg_cluster_agg,0.12033,0.1943
1153800,borg_cluster_agg,0.17724,0.22008
1154100,borg_cluster_agg,0.23416,0.24586
1154400,borg_cluster_agg,0.29107,0.27164
1154700,borg_cluster_agg,0.34799,0.29742
1155000,borg_cluster_agg,0.10416,0.10283
1155300,borg_cluster_agg,0.1103,0.13441
1155600,borg_cluster_agg,0.1091,0.13011
1155900,borg_cluster_agg,0.1079,0.12581
1156200,borg_cluster_agg,0.10669,0.12151
1156500,borg_cluster_agg,0.10549,0.11721
1156800,borg_cluster_agg,0.10429,0.11291
1157100,borg_cluster_agg,0.10309,0.1086
1157400,borg_cluster_agg,0.10189,0.1043
1157700,borg_cluster_agg,0.10068,0.1
1158000,borg_cluster_agg,0.10792,0.17986
1158300,borg_cluster_agg,0.33933,0.22773
1158600,borg_cluster_agg,0.57075,0.2756
1158900,borg_cluster_agg,0.80216,0.32348
1159200,borg_cluster_agg,0.67672,0.27519
1159500,borg_cluster_agg,0.55127,0.22691
1159800,borg_cluster_agg,0.42582,0.17862
1160100,borg_cluster_agg,0.30037,0.13033
1160400,borg_cluster_agg,0.23808,0.12646
1160700,borg_cluster_agg,0.17579,0.12259
1161000,borg_cluster_agg,0.1135,0.11872
1161300,borg_cluster_agg,0.65621,0.85
1161600,borg_cluster_agg,0.23948,0.14215
1161900,borg_cluster_agg,0.10261,0.14666
1162200,borg_cluster_agg,0.51594,0.39861
1162500,borg_cluster_agg,0.85,0.65055
1162800,borg_cluster_agg,0.85,0.85
1163100,borg_cluster_agg,0.85,0.85
1163400,borg_cluster_agg,0.85,0.67728
1163700,borg_cluster_agg,0.15029,0.2001
1164000,borg_cluster_agg,0.29598,0.3172
1164300,borg_cluster_agg,0.28133,0.26305
1164600,borg_cluster_agg,0.26667,0.20889
1164900,borg_cluster_agg,0.25202,0.15474
1165200,borg_cluster_agg,0.2541,0.21778
1165500,borg_cluster_agg,0.1011,0.11899
1165800,borg_cluster_agg,0.10305,0.1198
1166100,borg_cluster_agg,0.105,0.12061
1166400,borg_cluster_agg,0.10696,0.12143
1166700,borg_cluster_agg,0.10507,0.12029
1167000,borg_cluster_agg,0.10318,0.11915
1167300,borg_cluster_agg,0.11424,0.1249
1167600,borg_cluster_agg,0.1253,0.13064
1167900,borg_cluster_agg,0.13636,0.13639
1168200,borg_cluster_agg,0.14741,0.14214
1168500,borg_cluster_agg,0.15847,0.14788
1168800,borg_cluster_agg,0.1,0.10702
1169100,borg_cluster_agg,0.15124,0.11333
1169400,borg_cluster_agg,0.20309,0.11964
1169700,borg_cluster_agg,0.25493,0.12595
1170000,borg_cluster_agg,0.30677,0.13226
1170300,borg_cluster_agg,0.35861,0.13857
1170600,borg_cluster_agg,0.337,0.83801
1170900,borg_cluster_agg,0.28975,0.85
1171200,borg_cluster_agg,0.2425,0.85
1171500,borg_cluster_agg,0.42381,0.28957
1171800,borg_cluster_agg,0.28176,0.27592
1172100,borg_cluster_agg,0.13972,0.26226
1172400,borg_cluster_agg,0.24606,0.1674
1172700,borg_cluster_agg,0.19996,0.17372
1173000,borg_cluster_agg,0.11325,0.19759
1173300,borg_cluster_agg,0.17055,0.16824
1173600,borg_cluster_agg,0.22785,0.13889
1173900,borg_cluster_agg,0.47838,0.19284
1174200,borg_cluster_agg,0.2632,0.11742
1174500,borg_cluster_agg,0.25657,0.19667
1174800,borg_cluster_agg,0.24994,0.27593
1175100,borg_cluster_agg,0.24332,0.35518
1175400,borg_cluster_agg,0.10224,0.11804
1175700,borg_cluster_agg,0.1038,0.10933
1176000,borg_cluster_agg,0.10535,0.10063
1176300,borg_cluster_agg,0.16778,0.28581
1176600,borg_cluster_agg,0.38242,0.16275
1176900,borg_cluster_agg,0.10986,0.11008
1177200,borg_cluster_agg,0.13042,0.12588
1177500,borg_cluster_agg,0.12195,0.26728
1177800,borg_cluster_agg,0.11295,0.12766
1178100,borg_cluster_agg,0.51134,0.16306
1178400,borg_cluster_agg,0.4796,0.18347
1178700,borg_cluster_agg,0.44786,0.20387
1179000,borg_cluster_agg,0.41611,0.22428
1179300,borg_cluster_agg,0.38437,0.24468
1179600,borg_cluster_agg,0.35263,0.26509
1179900,borg_cluster_agg,0.32088,0.28549
1180200,borg_cluster_agg,0.1,0.1
1180500,borg_cluster_agg,0.27528,0.12146
1180800,borg_cluster_agg,0.45311,0.14948
1181100,borg_cluster_agg,0.27766,0.31218
1181400,borg_cluster_agg,0.28444,0.24923
1181700,borg_cluster_agg,0.84098,0.85
1182000,borg_cluster_agg,0.10428,0.12154
1182300,borg_cluster_agg,0.12108,0.1
1182600,borg_cluster_agg,0.25642,0.1257
1182900,borg_cluster_agg,0.23918,0.12372
1183200,borg_cluster_agg,0.22195,0.12175
1183500,borg_cluster_agg,0.20471,0.11977
1183800,borg_cluster_agg,0.18747,0.11779
1184100,borg_cluster_agg,0.17024,0.11581
1184400,borg_cluster_agg,0.153,0.11383
1184700,borg_cluster_agg,0.13576,0.11185
1185000,borg_cluster_agg,0.12984,0.11284
1185300,borg_cluster_agg,0.12392,0.11384
1185600,borg_cluster_agg,0.11799,0.11483
1185900,borg_cluster_agg,0.11207,0.11583
1186200,borg_cluster_agg,0.10615,0.11682
1186500,borg_cluster_agg,0.10023,0.11782
1186800,borg_cluster_agg,0.19185,0.15806
1187100,borg_cluster_agg,0.28347,0.19831
1187400,borg_cluster_agg,0.37509,0.23856
1187700,borg_cluster_agg,0.13546,0.13763
1188000,borg_cluster_agg,0.17369,0.13033
1188300,borg_cluster_agg,0.21192,0.12303
1188600,borg_cluster_agg,0.24401,0.16184
1188900,borg_cluster_agg,0.27611,0.20065
1189200,borg_cluster_agg,0.3082,0.23946
1189500,borg_cluster_agg,0.3403,0.27827
1189800,borg_cluster_agg,0.26176,0.22675
1190100,borg_cluster_agg,0.18323,0.17523
1190400,borg_cluster_agg,0.10469,0.1237
1190700,borg_cluster_agg,0.12463,0.12942
1191000,borg_cluster_agg,0.14457,0.13514
1191300,borg_cluster_agg,0.16451,0.14086
1191600,borg_cluster_agg,0.18445,0.14658
1191900,borg_cluster_agg,0.17105,0.13744
1192200,borg_cluster_agg,0.15765,0.12831
1192500,borg_cluster_agg,0.20017,0.13627
1192800,borg_cluster_agg,0.24268,0.14422
1193100,borg_cluster_agg,0.21489,0.14001
1193400,borg_cluster_agg,0.1871,0.1358
1193700,borg_cluster_agg,0.15931,0.13158
1194000,borg_cluster_agg,0.13152,0.12737
1194300,borg_cluster_agg,0.10373,0.12315
1194600,borg_cluster_agg,0.1,0.1
1194900,borg_cluster_agg,0.1,0.1
1195200,borg_cluster_agg,0.10027,0.1
1195500,borg_cluster_agg,0.10161,0.10257
1195800,borg_cluster_agg,0.10295,0.10557
1196100,borg_cluster_agg,0.10403,0.24091
1196400,borg_cluster_agg,0.10412,0.17169
1196700,borg_cluster_agg,0.12109,0.21242
1197000,borg_cluster_agg,0.13806,0.25315
1197300,borg_cluster_agg,0.15503,0.29388
1197600,borg_cluster_agg,0.172,0.33461
1197900,borg_cluster_agg,0.15378,0.32044
1198200,borg_cluster_agg,0.13557,0.30628
1198500,borg_cluster_agg,0.11735,0.29212
1198800,borg_cluster_agg,0.1,0.27796
1199100,borg_cluster_agg,0.11718,0.20287
1199400,borg_cluster_agg,0.13523,0.12778
1199700,borg_cluster_agg,0.43699,0.15474
1200000,borg_cluster_agg,0.26722,0.12407
1200300,borg_cluster_agg,0.1,0.1
1200600,borg_cluster_agg,0.1,0.1
1200900,borg_cluster_agg,0.35128,0.28643
1201200,borg_cluster_agg,0.27372,0.22577
1201500,borg_cluster_agg,0.19615,0.1651
1201800,borg_cluster_agg,0.11859,0.10443
1202100,borg_cluster_agg,0.11584,0.11419
1202400,borg_cluster_agg,0.11309,0.12395
1202700,borg_cluster_agg,0.11035,0.13371
1203000,borg_cluster_agg,0.15489,0.13627
1203300,borg_cluster_agg,0.19943,0.13884
1203600,borg_cluster_agg,0.24397,0.1414
1203900,borg_cluster_agg,0.20065,0.12702
1204200,borg_cluster_agg,0.15733,0.11265
1204500,borg_cluster_agg,0.11401,0.1
1204800,borg_cluster_agg,0.12149,0.13834
1205100,borg_cluster_agg,0.11814,0.16781
1205400,borg_cluster_agg,0.11479,0.19728
1205700,borg_cluster_agg,0.17724,0.24431
1206000,borg_cluster_agg,0.23969,0.29134
1206300,borg_cluster_agg,0.30214,0.33837
1206600,borg_cluster_agg,0.36458,0.38539
1206900,borg_cluster_agg,0.42703,0.43242
1207200,borg_cluster_agg,0.48948,0.47945
1207500,borg_cluster_agg,0.55193,0.52648
1207800,borg_cluster_agg,0.61438,0.57351
1208100,borg_cluster_agg,0.67683,0.62054
1208400,borg_cluster_agg,0.38868,0.36017
1208700,borg_cluster_agg,0.10052,0.1
1209000,borg_cluster_agg,0.35971,0.29868
1209300,borg_cluster_agg,0.29629,0.24987
1209600,borg_cluster_agg,0.23286,0.20107
1209900,borg_cluster_agg,0.16944,0.15226
1210200,borg_cluster_agg,0.10602,0.10345
1210500,borg_cluster_agg,0.10544,0.1052
1210800,borg_cluster_agg,0.10486,0.10694
1211100,borg_cluster_agg,0.10429,0.10869
1211400,borg_cluster_agg,0.10371,0.11043
1211700,borg_cluster_agg,0.10313,0.11217
1212000,borg_cluster_agg,0.10255,0.11392
1212300,borg_cluster_agg,0.10198,0.11566
1212600,borg_cluster_agg,0.1014,0.11741
1212900,borg_cluster_agg,0.10082,0.11915
1213200,borg_cluster_agg,0.10664,0.10734
1213500,borg_cluster_agg,0.41185,0.85
1213800,borg_cluster_agg,0.29838,0.59857
1214100,borg_cluster_agg,0.1849,0.12755
1214400,borg_cluster_agg,0.14518,0.13793
1214700,borg_cluster_agg,0.10545,0.14831
1215000,borg_cluster_agg,0.1417,0.15099
1215300,borg_cluster_agg,0.17795,0.15368
1215600,borg_cluster_agg,0.25821,0.15154
1215900,borg_cluster_agg,0.33846,0.1494
1216200,borg_cluster_agg,0.48287,0.29442
1216500,borg_cluster_agg,0.62728,0.43943
1216800,borg_cluster_agg,0.77168,0.58444
1217100,borg_cluster_agg,0.85,0.72945
1217400,borg_cluster_agg,0.85,0.85
1217700,borg_cluster_agg,0.11305,0.11899
1218000,borg_cluster_agg,0.10835,0.13086
1218300,borg_cluster_agg,0.10366,0.14272
1218600,borg_cluster_agg,0.1,0.15458
1218900,borg_cluster_agg,0.10095,0.20607
1219200,borg_cluster_agg,0.10293,0.25755
1219500,borg_cluster_agg,0.15093,0.16322
1219800,borg_cluster_agg,0.13807,0.14576
1220100,borg_cluster_agg,0.1252,0.12831
1220400,borg_cluster_agg,0.11234,0.11086
1220700,borg_cluster_agg,0.1,0.1
1221000,borg_cluster_agg,0.1,0.10163
1221300,borg_cluster_agg,0.1,0.10986
1221600,borg_cluster_agg,0.1,0.11809
1221900,borg_cluster_agg,0.1,0.12631
1222200,borg_cluster_agg,0.1,0.13454
1222500,borg_cluster_agg,0.1,0.14276
1222800,borg_cluster_agg,0.10009,0.15099
1223100,borg_cluster_agg,0.10018,0.15921
1223400,borg_cluster_agg,0.1,0.10769
1223700,borg_cluster_agg,0.12113,0.13347
1224000,borg_cluster_agg,0.11869,0.12845
1224300,borg_cluster_agg,0.11624,0.12343
1224600,borg_cluster_agg,0.1138,0.1184
1224900,borg_cluster_agg,0.11136,0.11338
1225200,borg_cluster_agg,0.10892,0.10836
1225500,borg_cluster_agg,0.10648,0.10334
1225800,borg_cluster_agg,0.10059,0.10204
1226100,borg_cluster_agg,0.1004,0.13345
1226400,borg_cluster_agg,0.1002,0.16487
1226700,borg_cluster_agg,0.31727,0.42153
1227000,borg_cluster_agg,0.15194,0.13999
1227300,borg_cluster_agg,0.38805,0.14988
1227600,borg_cluster_agg,0.62416,0.15976
1227900,borg_cluster_agg,0.48699,0.18574
1228200,borg_cluster_agg,0.34982,0.21172
1228500,borg_cluster_agg,0.27688,0.17759
1228800,borg_cluster_agg,0.20395,0.14346
1229100,borg_cluster_agg,0.13101,0.10933
1229400,borg_cluster_agg,0.14554,0.12306
1229700,borg_cluster_agg,0.16008,0.13679
1230000,borg_cluster_agg,0.17461,0.15052
1230300,borg_cluster_agg,0.18914,0.16424
1230600,borg_cluster_agg,0.20368,0.17797
1230900,borg_cluster_agg,0.22941,0.16141
1231200,borg_cluster_agg,0.25514,0.14485
1231500,borg_cluster_agg,0.55354,0.41734
1231800,borg_cluster_agg,0.85,0.68983
1232100,borg_cluster_agg,0.85,0.85
1232400,borg_cluster_agg,0.85,0.85
1232700,borg_cluster_agg,0.85,0.85
1233000,borg_cluster_agg,0.85,0.82773
1233300,borg_cluster_agg,0.15441,0.14815
1233600,borg_cluster_agg,0.10558,0.10319
1233900,borg_cluster_agg,0.10268,0.39463
1234200,borg_cluster_agg,0.1,0.68607
1234500,borg_cluster_agg,0.1,0.1
1234800,borg_cluster_agg,0.16193,0.13479
1235100,borg_cluster_agg,0.2263,0.1745
1235400,borg_cluster_agg,0.29067,0.21422
1235700,borg_cluster_agg,0.35504,0.25394
1236000,borg_cluster_agg,0.41941,0.29365
1236300,borg_cluster_agg,0.44294,0.32881
1236600,borg_cluster_agg,0.46648,0.36397
1236900,borg_cluster_agg,0.49001,0.39913
1237200,borg_cluster_agg,0.51354,0.43429
1237500,borg_cluster_agg,0.53735,0.70522
1237800,borg_cluster_agg,0.56116,0.85
1238100,borg_cluster_agg,0.52831,0.85
1238400,borg_cluster_agg,0.49546,0.80427
1238700,borg_cluster_agg,0.4626,0.71833
1239000,borg_cluster_agg,0.42975,0.6324
1239300,borg_cluster_agg,0.3969,0.54646
1239600,borg_cluster_agg,0.36405,0.46053
1239900,borg_cluster_agg,0.3312,0.3746
1240200,borg_cluster_agg,0.48544,0.13624
1240500,borg_cluster_agg,0.35875,0.12509
1240800,borg_cluster_agg,0.23205,0.11394
1241100,borg_cluster_agg,0.10536,0.10279
1241400,borg_cluster_agg,0.12052,0.11257
1241700,borg_cluster_agg,0.13568,0.12235
1242000,borg_cluster_agg,0.15083,0.13212
1242300,borg_cluster_agg,0.16599,0.1419
1242600,borg_cluster_agg,0.18115,0.15168
1242900,borg_cluster_agg,0.32052,0.15008
1243200,borg_cluster_agg,0.45988,0.14849
1243500,borg_cluster_agg,0.59925,0.14689
1243800,borg_cluster_agg,0.12204,0.1093
1244100,borg_cluster_agg,0.28224,0.14336
1244400,borg_cluster_agg,0.12314,0.11754
1244700,borg_cluster_agg,0.26287,0.20144
1245000,borg_cluster_agg,0.11051,0.13936
1245300,borg_cluster_agg,0.10783,0.11232
1245600,borg_cluster_agg,0.11314,0.14451
1245900,borg_cluster_agg,0.11846,0.1767
1246200,borg_cluster_agg,0.12378,0.20888
1246500,borg_cluster_agg,0.12909,0.24107
1246800,borg_cluster_agg,0.40912,0.23223
1247100,borg_cluster_agg,0.68915,0.22339
1247400,borg_cluster_agg,0.85,0.21454
1247700,borg_cluster_agg,0.38864,0.31375
1248000,borg_cluster_agg,0.31585,0.26482
1248300,borg_cluster_agg,0.24305,0.2159
1248600,borg_cluster_agg,0.17025,0.16697
1248900,borg_cluster_agg,0.1,0.11805
1249200,borg_cluster_agg,0.85,0.85
1249500,borg_cluster_agg,0.1763,0.10683
1249800,borg_cluster_agg,0.22767,0.11287
1250100,borg_cluster_agg,0.27905,0.11891
1250400,borg_cluster_agg,0.33043,0.12495
1250700,borg_cluster_agg,0.38181,0.13098
1251000,borg_cluster_agg,0.43318,0.13702
1251300,borg_cluster_agg,0.48456,0.14306
1251600,borg_cluster_agg,0.55909,0.14457
1251900,borg_cluster_agg,0.63362,0.14608
1252200,borg_cluster_agg,0.70815,0.14759
1252500,borg_cluster_agg,0.45921,0.17887
1252800,borg_cluster_agg,0.21027,0.21015
1253100,borg_cluster_agg,0.27089,0.37151
1253400,borg_cluster_agg,0.10068,0.12256
1253700,borg_cluster_agg,0.27356,0.25996
1254000,borg_cluster_agg,0.18955,0.18018
1254300,borg_cluster_agg,0.10554,0.10039
1254600,borg_cluster_agg,0.1795,0.33643
1254900,borg_cluster_agg,0.16687,0.29863
1255200,borg_cluster_agg,0.15425,0.26083
1255500,borg_cluster_agg,0.14162,0.22303
1255800,borg_cluster_agg,0.35322,0.19885
1256100,borg_cluster_agg,0.56482,0.17468
1256400,borg_cluster_agg,0.41022,0.15738
1256700,borg_cluster_agg,0.25563,0.14009
1257000,borg_cluster_agg,0.10103,0.1228
1257300,borg_cluster_agg,0.11021,0.14258
1257600,borg_cluster_agg,0.10174,0.1073
1257900,borg_cluster_agg,0.10439,0.11436
1258200,borg_cluster_agg,0.1279,0.12183
1258500,borg_cluster_agg,0.15141,0.1293
1258800,borg_cluster_agg,0.17492,0.13677
1259100,borg_cluster_agg,0.16347,0.13916
1259400,borg_cluster_agg,0.15201,0.14156
1259700,borg_cluster_agg,0.14055,0.14395
1260000,borg_cluster_agg,0.41428,0.22946
1260300,borg_cluster_agg,0.26065,0.16805
1260600,borg_cluster_agg,0.10701,0.10664
1260900,borg_cluster_agg,0.17795,0.21046
1261200,borg_cluster_agg,0.1,0.12303
1261500,borg_cluster_agg,0.10036,0.12341
1261800,borg_cluster_agg,0.10076,0.12379
1262100,borg_cluster_agg,0.10117,0.12417
1262400,borg_cluster_agg,0.82667,0.2209
1262700,borg_cluster_agg,0.68083,0.1954
1263000,borg_cluster_agg,0.53498,0.1699
1263300,borg_cluster_agg,0.38914,0.1444
1263600,borg_cluster_agg,0.2433,0.11891
1263900,borg_cluster_agg,0.1,0.1
1264200,borg_cluster_agg,0.10286,0.1
1264500,borg_cluster_agg,0.1096,0.12905
1264800,borg_cluster_agg,0.11634,0.16053
1265100,borg_cluster_agg,0.12308,0.19201
1265400,borg_cluster_agg,0.12983,0.22349
1265700,borg_cluster_agg,0.11364,0.15845
1266000,borg_cluster_agg,0.1,0.1
1266300,borg_cluster_agg,0.18399,0.3037
1266600,borg_cluster_agg,0.17842,0.75417
1266900,borg_cluster_agg,0.12685,0.58059
1267200,borg_cluster_agg,0.14128,0.50661
1267500,borg_cluster_agg,0.15572,0.43263
1267800,borg_cluster_agg,0.17015,0.35865
1268100,borg_cluster_agg,0.18458,0.28467
1268400,borg_cluster_agg,0.19902,0.21069
1268700,borg_cluster_agg,0.21345,0.13671
1269000,borg_cluster_agg,0.13134,0.13897
1269300,borg_cluster_agg,0.12833,0.14874
1269600,borg_cluster_agg,0.12532,0.15851
1269900,borg_cluster_agg,0.12232,0.16828
1270200,borg_cluster_agg,0.11931,0.17805
1270500,borg_cluster_agg,0.1163,0.18782
1270800,borg_cluster_agg,0.1133,0.19759
1271100,borg_cluster_agg,0.19177,0.76015
1271400,borg_cluster_agg,0.29781,0.15757
1271700,borg_cluster_agg,0.10176,0.13304
1272000,borg_cluster_agg,0.85,0.85
1272300,borg_cluster_agg,0.31923,0.254
1272600,borg_cluster_agg,0.1,0.1
1272900,borg_cluster_agg,0.16448,0.1
1273200,borg_cluster_agg,0.15049,0.1195
1273500,borg_cluster_agg,0.1365,0.14371
1273800,borg_cluster_agg,0.1225,0.16793
1274100,borg_cluster_agg,0.11503,0.1349
1274400,borg_cluster_agg,0.10755,0.10188
1274700,borg_cluster_agg,0.51354,0.17287
1275000,borg_cluster_agg,0.13779,0.10702
1275300,borg_cluster_agg,0.24893,0.24664
1275600,borg_cluster_agg,0.36007,0.38626
1275900,borg_cluster_agg,0.31204,0.33124
1276200,borg_cluster_agg,0.26401,0.27622
1276500,borg_cluster_agg,0.21598,0.22119
1276800,borg_cluster_agg,0.16795,0.16617
1277100,borg_cluster_agg,0.11991,0.11114
1277400,borg_cluster_agg,0.26256,0.12705
1277700,borg_cluster_agg,0.40521,0.14296
1278000,borg_cluster_agg,0.54786,0.15886
1278300,borg_cluster_agg,0.6905,0.17477
1278600,borg_cluster_agg,0.12767,0.34451
1278900,borg_cluster_agg,0.14756,0.31552
1279200,borg_cluster_agg,0.16744,0.28653
1279500,borg_cluster_agg,0.16817,0.26479
1279800,borg_cluster_agg,0.1689,0.24304
1280100,borg_cluster_agg,0.14797,0.1714
1280400,borg_cluster_agg,0.12703,0.1
1280700,borg_cluster_agg,0.12242,0.10043
1281000,borg_cluster_agg,0.11781,0.1011
1281300,borg_cluster_agg,0.1132,0.10177
1281600,borg_cluster_agg,0.10858,0.10243
1281900,borg_cluster_agg,0.10676,0.1098
1282200,borg_cluster_agg,0.10494,0.11717
1282500,borg_cluster_agg,0.10312,0.12454
1282800,borg_cluster_agg,0.1013,0.1319
1283100,borg_cluster_agg,0.81581,0.27619
1283400,borg_cluster_agg,0.85,0.42048
1283700,borg_cluster_agg,0.85,0.3512
1284000,borg_cluster_agg,0.82478,0.28192
1284300,borg_cluster_agg,0.47202,0.21264
1284600,borg_cluster_agg,0.11925,0.14336
1284900,borg_cluster_agg,0.1,0.11279
1285200,borg_cluster_agg,0.1,0.13564
1285500,borg_cluster_agg,0.1003,0.15849
1285800,borg_cluster_agg,0.10105,0.18134
1286100,borg_cluster_agg,0.10181,0.20419
1286400,borg_cluster_agg,0.19046,0.18697
1286700,borg_cluster_agg,0.27911,0.16976
1287000,borg_cluster_agg,0.36777,0.15254
1287300,borg_cluster_agg,0.46776,0.30566
1287600,borg_cluster_agg,0.56775,0.45878
1287900,borg_cluster_agg,0.13601,0.13999
1288200,borg_cluster_agg,0.20729,0.14752
1288500,borg_cluster_agg,0.27858,0.15506
1288800,borg_cluster_agg,0.13395,0.85
1289100,borg_cluster_agg,0.19918,0.85
1289400,borg_cluster_agg,0.26441,0.85
1289700,borg_cluster_agg,0.32964,0.77883
1290000,borg_cluster_agg,0.39487,0.42048
1290300,borg_cluster_agg,0.25052,0.26281
1290600,borg_cluster_agg,0.10618,0.10513
1290900,borg_cluster_agg,0.72452,0.18519
1291200,borg_cluster_agg,0.1,0.11874
1291500,borg_cluster_agg,0.10255,0.179
1291800,borg_cluster_agg,0.10601,0.23927
1292100,borg_cluster_agg,0.85,0.60394
1292400,borg_cluster_agg,0.85,0.85
1292700,borg_cluster_agg,0.85,0.5384
1293000,borg_cluster_agg,0.10238,0.1082
1293300,borg_cluster_agg,0.1,0.10129
1293600,borg_cluster_agg,0.1,0.1
1293900,borg_cluster_agg,0.10498,0.10565
1294200,borg_cluster_agg,0.1125,0.1169
1294500,borg_cluster_agg,0.12003,0.12816
1294800,borg_cluster_agg,0.30177,0.15989
1295100,borg_cluster_agg,0.48351,0.19163
1295400,borg_cluster_agg,0.20111,0.13033
1295700,borg_cluster_agg,0.13949,0.12378
1296000,borg_cluster_agg,0.14682,0.13472
1296300,borg_cluster_agg,0.15415,0.14566
1296600,borg_cluster_agg,0.16148,0.1566
1296900,borg_cluster_agg,0.11424,0.12237
1297200,borg_cluster_agg,0.14022,0.10651
1297500,borg_cluster_agg,0.85,0.56112
1297800,borg_cluster_agg,0.85,0.33126
1298100,borg_cluster_agg,0.10442,0.1014
1298400,borg_cluster_agg,0.10554,0.10319
1298700,borg_cluster_agg,0.10665,0.10498
1299000,borg_cluster_agg,0.10777,0.10677
1299300,borg_cluster_agg,0.10888,0.10857
1299600,borg_cluster_agg,0.11,0.11036
1299900,borg_cluster_agg,0.11111,0.11215
1300200,borg_cluster_agg,0.11223,0.11394
1300500,borg_cluster_agg,0.11334,0.11573
1300800,borg_cluster_agg,0.11446,0.11753
1301100,borg_cluster_agg,0.11557,0.11932
1301400,borg_cluster_agg,0.11668,0.12111
1301700,borg_cluster_agg,0.1178,0.1229
1302000,borg_cluster_agg,0.11891,0.1247
1302300,borg_cluster_agg,0.12003,0.12649
1302600,borg_cluster_agg,0.11711,0.11548
1302900,borg_cluster_agg,0.11419,0.10447
1303200,borg_cluster_agg,0.35013,0.20503
1303500,borg_cluster_agg,0.58606,0.30558
1303800,borg_cluster_agg,0.51247,0.29394
1304100,borg_cluster_agg,0.43888,0.2823
1304400,borg_cluster_agg,0.36529,0.27066
1304700,borg_cluster_agg,0.2917,0.25902
1305000,borg_cluster_agg,0.21811,0.24738
1305300,borg_cluster_agg,0.14452,0.23573
1305600,borg_cluster_agg,0.211,0.22946
1305900,borg_cluster_agg,0.1694,0.19393
1306200,borg_cluster_agg,0.1278,0.1584
1306500,borg_cluster_agg,0.22141,0.20554
1306800,borg_cluster_agg,0.31502,0.25269
1307100,borg_cluster_agg,0.24653,0.17938
1307400,borg_cluster_agg,0.17578,0.14103
1307700,borg_cluster_agg,0.10503,0.10267
1308000,borg_cluster_agg,0.12288,0.1269
1308300,borg_cluster_agg,0.14072,0.15113
1308600,borg_cluster_agg,0.81587,0.3037
1308900,borg_cluster_agg,0.85,0.45627
1309200,borg_cluster_agg,0.85,0.60884
1309500,borg_cluster_agg,0.34671,0.47595
1309800,borg_cluster_agg,0.2281,0.41902
1310100,borg_cluster_agg,0.1095,0.36209
1310400,borg_cluster_agg,0.20548,0.25516
1310700,borg_cluster_agg,0.30147,0.14823
1311000,borg_cluster_agg,0.23537,0.13537
1311300,borg_cluster_agg,0.16926,0.12251
1311600,borg_cluster_agg,0.10316,0.10965
1311900,borg_cluster_agg,0.10263,0.19288
1312200,borg_cluster_agg,0.35959,0.22591
1312500,borg_cluster_agg,0.61655,0.25894
1312800,borg_cluster_agg,0.44456,0.21493
1313100,borg_cluster_agg,0.27256,0.17093
1313400,borg_cluster_agg,0.10057,0.12692
1313700,borg_cluster_agg,0.55371,0.60546
1314000,borg_cluster_agg,0.85,0.85
1314300,borg_cluster_agg,0.85,0.85
1314600,borg_cluster_agg,0.85,0.85
1314900,borg_cluster_agg,0.85,0.85
1315200,borg_cluster_agg,0.85,0.85
1315500,borg_cluster_agg,0.78107,0.85
1315800,borg_cluster_agg,0.61134,0.71014
1316100,borg_cluster_agg,0.44161,0.53966
1316400,borg_cluster_agg,0.27188,0.36917
1316700,borg_cluster_agg,0.10215,0.19869
1317000,borg_cluster_agg,0.29488,0.13347
1317300,borg_cluster_agg,0.11497,0.10196
1317600,borg_cluster_agg,0.10888,0.1132
1317900,borg_cluster_agg,0.10279,0.12445
1318200,borg_cluster_agg,0.10364,0.12453
1318500,borg_cluster_agg,0.10448,0.1246
1318800,borg_cluster_agg,0.10301,0.11383
1319100,borg_cluster_agg,0.10153,0.10306
1319400,borg_cluster_agg,0.10932,0.10582
1319700,borg_cluster_agg,0.1171,0.10858
1320000,borg_cluster_agg,0.12488,0.11134
1320300,borg_cluster_agg,0.13435,0.14907
1320600,borg_cluster_agg,0.14381,0.1868
1320900,borg_cluster_agg,0.15328,0.22453
1321200,borg_cluster_agg,0.16275,0.26226
1321500,borg_cluster_agg,0.13136,0.18511
1321800,borg_cluster_agg,0.1,0.10797
1322100,borg_cluster_agg,0.1,0.11143
1322400,borg_cluster_agg,0.1,0.1149
1322700,borg_cluster_agg,0.1,0.11836
1323000,borg_cluster_agg,0.1035,0.12186
1323300,borg_cluster_agg,0.36227,0.24327
1323600,borg_cluster_agg,0.5792,0.55677
1323900,borg_cluster_agg,0.79612,0.85
1324200,borg_cluster_agg,0.85,0.85
1324500,borg_cluster_agg,0.85,0.85
1324800,borg_cluster_agg,0.85,0.85
1325100,borg_cluster_agg,0.74093,0.84272
1325400,borg_cluster_agg,0.49642,0.51545
1325700,borg_cluster_agg,0.2519,0.18818
1326000,borg_cluster_agg,0.23132,0.16527
1326300,borg_cluster_agg,0.21074,0.14235
1326600,borg_cluster_agg,0.54317,0.14887
1326900,borg_cluster_agg,0.85,0.16683
1327200,borg_cluster_agg,0.79245,0.15523
1327500,borg_cluster_agg,0.62158,0.14363
1327800,borg_cluster_agg,0.45071,0.13203
1328100,borg_cluster_agg,0.27984,0.12043
1328400,borg_cluster_agg,0.10897,0.10883
1328700,borg_cluster_agg,0.25679,0.22616
1329000,borg_cluster_agg,0.27913,0.26807
1329300,borg_cluster_agg,0.30147,0.30998
1329600,borg_cluster_agg,0.85,0.25724
1329900,borg_cluster_agg,0.48967,0.19629
1330200,borg_cluster_agg,0.12736,0.13535
1330500,borg_cluster_agg,0.40286,0.14297
1330800,borg_cluster_agg,0.67836,0.15058
1331100,borg_cluster_agg,0.38951,0.1364
1331400,borg_cluster_agg,0.10066,0.12221
1331700,borg_cluster_agg,0.10286,0.18752
1332000,borg_cluster_agg,0.10506,0.25282
1332300,borg_cluster_agg,0.10725,0.31813
1332600,borg_cluster_agg,0.10945,0.38344
1332900,borg_cluster_agg,0.1,0.85
1333200,borg_cluster_agg,0.13018,0.61925
1333500,borg_cluster_agg,0.16121,0.20083
1333800,borg_cluster_agg,0.14052,0.17711
1334100,borg_cluster_agg,0.11984,0.15339
1334400,borg_cluster_agg,0.1,0.12967
1334700,borg_cluster_agg,0.1,0.1
1335000,borg_cluster_agg,0.14025,0.18
1335300,borg_cluster_agg,0.18304,0.26623
1335600,borg_cluster_agg,0.22583,0.35247
1335900,borg_cluster_agg,0.13466,0.21298
1336200,borg_cluster_agg,0.1238,0.17528
1336500,borg_cluster_agg,0.11293,0.13758
1336800,borg_cluster_agg,0.10206,0.1
1337100,borg_cluster_agg,0.85,0.85
1337400,borg_cluster_agg,0.71982,0.85
1337700,borg_cluster_agg,0.47485,0.65144
1338000,borg_cluster_agg,0.22987,0.22099
1338300,borg_cluster_agg,0.85,0.59391
1338600,borg_cluster_agg,0.1152,0.11056
1338900,borg_cluster_agg,0.17903,0.13291
1339200,borg_cluster_agg,0.24285,0.15526
1339500,borg_cluster_agg,0.30668,0.17762
1339800,borg_cluster_agg,0.37051,0.19997
1340100,borg_cluster_agg,0.43433,0.22233
1340400,borg_cluster_agg,0.49816,0.24468
1340700,borg_cluster_agg,0.39927,0.29711
1341000,borg_cluster_agg,0.30852,0.2479
1341300,borg_cluster_agg,0.21778,0.19869
1341600,borg_cluster_agg,0.12703,0.14948
1341900,borg_cluster_agg,0.19838,0.25251
1342200,borg_cluster_agg,0.26972,0.35553
1342500,borg_cluster_agg,0.18621,0.24289
1342800,borg_cluster_agg,0.1027,0.13025
1343100,borg_cluster_agg,0.4169,0.14678
1343400,borg_cluster_agg,0.73111,0.1633
1343700,borg_cluster_agg,0.17733,0.29332
1344000,borg_cluster_agg,0.1,0.1
1344300,borg_cluster_agg,0.11039,0.22817
1344600,borg_cluster_agg,0.10151,0.1
1344900,borg_cluster_agg,0.12107,0.10604
1345200,borg_cluster_agg,0.14063,0.11797
1345500,borg_cluster_agg,0.59409,0.41658
1345800,borg_cluster_agg,0.85,0.7152
1346100,borg_cluster_agg,0.85,0.85
1346400,borg_cluster_agg,0.85,0.73907
1346700,borg_cluster_agg,0.60731,0.46433
1347000,borg_cluster_agg,0.16046,0.18959
1347300,borg_cluster_agg,0.10525,0.17393
1347600,borg_cluster_agg,0.10639,0.16678
1347900,borg_cluster_agg,0.10754,0.15962
1348200,borg_cluster_agg,0.10868,0.15247
1348500,borg_cluster_agg,0.10982,0.14531
1348800,borg_cluster_agg,0.11097,0.13816
1349100,borg_cluster_agg,0.11211,0.131
1349400,borg_cluster_agg,0.11325,0.12385
1349700,borg_cluster_agg,0.8051,0.1
1350000,borg_cluster_agg,0.31722,0.34671
1350300,borg_cluster_agg,0.11724,0.10243
1350600,borg_cluster_agg,0.11179,0.10934
1350900,borg_cluster_agg,0.10634,0.11625
1351200,borg_cluster_agg,0.1,0.1684
1351500,borg_cluster_agg,0.85,0.2658
1351800,borg_cluster_agg,0.85,0.22538
1352100,borg_cluster_agg,0.67335,0.18496
1352400,borg_cluster_agg,0.10264,0.14454
1352700,borg_cluster_agg,0.15482,0.17452
1353000,borg_cluster_agg,0.20699,0.2045
1353300,borg_cluster_agg,0.25917,0.23448
1353600,borg_cluster_agg,0.18708,0.16995
1353900,borg_cluster_agg,0.11499,0.10542
1354200,borg_cluster_agg,0.42857,0.53977
1354500,borg_cluster_agg,0.26301,0.31659
1354800,borg_cluster_agg,0.1,0.1
1355100,borg_cluster_agg,0.16448,0.11197
1355400,borg_cluster_agg,0.23151,0.13053
1355700,borg_cluster_agg,0.11186,0.48138
1356000,borg_cluster_agg,0.48523,0.30931
1356300,borg_cluster_agg,0.2779,0.31096
1356600,borg_cluster_agg,0.23879,0.26708
1356900,borg_cluster_agg,0.19967,0.2232
1357200,borg_cluster_agg,0.16056,0.17932
1357500,borg_cluster_agg,0.12145,0.13543
1357800,borg_cluster_agg,0.11345,0.1215
1358100,borg_cluster_agg,0.10546,0.10756
1358400,borg_cluster_agg,0.1,0.1
1358700,borg_cluster_agg,0.1,0.1
1359000,borg_cluster_agg,0.1,0.1
1359300,borg_cluster_agg,0.2425,0.14783
1359600,borg_cluster_agg,0.22736,0.14051
1359900,borg_cluster_agg,0.21222,0.13318
1360200,borg_cluster_agg,0.19708,0.12585
1360500,borg_cluster_agg,0.18194,0.11852
1360800,borg_cluster_agg,0.1668,0.11119
1361100,borg_cluster_agg,0.80533,0.15721
1361400,borg_cluster_agg,0.85,0.20324
1361700,borg_cluster_agg,0.29195,0.37214
1362000,borg_cluster_agg,0.22396,0.26787
1362300,borg_cluster_agg,0.15597,0.16361
1362600,borg_cluster_agg,0.15677,0.15825
1362900,borg_cluster_agg,0.15757,0.1529
1363200,borg_cluster_agg,0.15837,0.14754
1363500,borg_cluster_agg,0.15917,0.14218
1363800,borg_cluster_agg,0.15367,0.14922
1364100,borg_cluster_agg,0.14816,0.15626
1364400,borg_cluster_agg,0.14266,0.16329
1364700,borg_cluster_agg,0.18436,0.16199
1365000,borg_cluster_agg,0.22607,0.16068
1365300,borg_cluster_agg,0.26777,0.15937
1365600,borg_cluster_agg,0.21308,0.14787
1365900,borg_cluster_agg,0.1584,0.13638
1366200,borg_cluster_agg,0.10371,0.12488
1366500,borg_cluster_agg,0.10602,0.13258
1366800,borg_cluster_agg,0.10833,0.14029
1367100,borg_cluster_agg,0.11064,0.14799
1367400,borg_cluster_agg,0.10819,0.16251
1367700,borg_cluster_agg,0.10574,0.17703
1368000,borg_cluster_agg,0.22117,0.31553
1368300,borg_cluster_agg,0.33659,0.45402
1368600,borg_cluster_agg,0.45201,0.59252
1368900,borg_cluster_agg,0.39794,0.51796
1369200,borg_cluster_agg,0.34387,0.4434
1369500,borg_cluster_agg,0.2898,0.36884
1369800,borg_cluster_agg,0.23572,0.29428
1370100,borg_cluster_agg,0.13422,0.12637
1370400,borg_cluster_agg,0.47398,0.78652
1370700,borg_cluster_agg,0.44358,0.69038
1371000,borg_cluster_agg,0.41318,0.59424
1371300,borg_cluster_agg,0.38278,0.4981
1371600,borg_cluster_agg,0.35238,0.40196
1371900,borg_cluster_agg,0.22902,0.2508
1372200,borg_cluster_agg,0.10565,0.1
1372500,borg_cluster_agg,0.10495,0.10666
1372800,borg_cluster_agg,0.10425,0.11368
1373100,borg_cluster_agg,0.10355,0.1207
1373400,borg_cluster_agg,0.10285,0.12771
1373700,borg_cluster_agg,0.10215,0.13473
1374000,borg_cluster_agg,0.10032,0.11868
1374300,borg_cluster_agg,0.13569,0.28235
1374600,borg_cluster_agg,0.12874,0.24601
1374900,borg_cluster_agg,0.1218,0.20967
1375200,borg_cluster_agg,0.11486,0.17333
1375500,borg_cluster_agg,0.10792,0.13698
1375800,borg_cluster_agg,0.10097,0.10064
1376100,borg_cluster_agg,0.11465,0.10838
1376400,borg_cluster_agg,0.17306,0.31567
1376700,borg_cluster_agg,0.23147,0.52296
1377000,borg_cluster_agg,0.28988,0.73025
1377300,borg_cluster_agg,0.34762,0.65656
1377600,borg_cluster_agg,0.28645,0.52945
1377900,borg_cluster_agg,0.22527,0.40235
1378200,borg_cluster_agg,0.1641,0.27525
1378500,borg_cluster_agg,0.10293,0.14815
1378800,borg_cluster_agg,0.14077,0.22506
1379100,borg_cluster_agg,0.13538,0.20444
1379400,borg_cluster_agg,0.12999,0.18383
1379700,borg_cluster_agg,0.1246,0.16321
1380000,borg_cluster_agg,0.11921,0.14259
1380300,borg_cluster_agg,0.11382,0.12198
1380600,borg_cluster_agg,0.10936,0.12167
1380900,borg_cluster_agg,0.1049,0.12137
1381200,borg_cluster_agg,0.10043,0.12107
1381500,borg_cluster_agg,0.117,0.14497
1381800,borg_cluster_agg,0.13357,0.16887
1382100,borg_cluster_agg,0.15013,0.19277
1382400,borg_cluster_agg,0.1667,0.21666
1382700,borg_cluster_agg,0.18326,0.24056
1383000,borg_cluster_agg,0.19983,0.26446
1383300,borg_cluster_agg,0.15058,0.18199
1383600,borg_cluster_agg,0.10133,0.1
1383900,borg_cluster_agg,0.13359,0.11497
1384200,borg_cluster_agg,0.16586,0.13041
1384500,borg_cluster_agg,0.22842,0.20855
1384800,borg_cluster_agg,0.29097,0.28669
1385100,borg_cluster_agg,0.10043,0.1188
1385400,borg_cluster_agg,0.12058,0.12296
1385700,borg_cluster_agg,0.14072,0.12712
1386000,borg_cluster_agg,0.15176,0.12727
1386300,borg_cluster_agg,0.11433,0.26101
1386600,borg_cluster_agg,0.2599,0.30257
1386900,borg_cluster_agg,0.40548,0.34413
1387200,borg_cluster_agg,0.55105,0.38569
1387500,borg_cluster_agg,0.33831,0.45063
1387800,borg_cluster_agg,0.12556,0.51557
1388100,borg_cluster_agg,0.12004,0.42529
1388400,borg_cluster_agg,0.11452,0.335
1388700,borg_cluster_agg,0.109,0.24471
1389000,borg_cluster_agg,0.10348,0.15443
1389300,borg_cluster_agg,0.12076,0.17256
1389600,borg_cluster_agg,0.11097,0.13642
1389900,borg_cluster_agg,0.10119,0.10027
1390200,borg_cluster_agg,0.10287,0.1104
1390500,borg_cluster_agg,0.10454,0.12052
1390800,borg_cluster_agg,0.10622,0.13065
1391100,borg_cluster_agg,0.1079,0.14077
1391400,borg_cluster_agg,0.1451,0.15453
1391700,borg_cluster_agg,0.18231,0.16829
1392000,borg_cluster_agg,0.21952,0.18205
1392300,borg_cluster_agg,0.25672,0.19581
1392600,borg_cluster_agg,0.29393,0.20957
1392900,borg_cluster_agg,0.33114,0.22333
1393200,borg_cluster_agg,0.10224,0.15458
1393500,borg_cluster_agg,0.10254,0.13759
1393800,borg_cluster_agg,0.10284,0.1206
1394100,borg_cluster_agg,0.11269,0.14048
1394400,borg_cluster_agg,0.21917,0.17516
1394700,borg_cluster_agg,0.32564,0.20984
1395000,borg_cluster_agg,0.33553,0.19233
1395300,borg_cluster_agg,0.34542,0.17483
1395600,borg_cluster_agg,0.35531,0.15733
1395900,borg_cluster_agg,0.3652,0.13983
1396200,borg_cluster_agg,0.16156,0.41303
1396500,borg_cluster_agg,0.10906,0.1888
1396800,borg_cluster_agg,0.37937,0.19695
1397100,borg_cluster_agg,0.64968,0.20509
1397400,borg_cluster_agg,0.85,0.21323
1397700,borg_cluster_agg,0.64581,0.1733
1398000,borg_cluster_agg,0.37163,0.13338
1398300,borg_cluster_agg,0.1,0.1
1398600,borg_cluster_agg,0.1965,0.18713
1398900,borg_cluster_agg,0.29554,0.2808
1399200,borg_cluster_agg,0.39458,0.37448
1399500,borg_cluster_agg,0.49362,0.46816
1399800,borg_cluster_agg,0.59266,0.56184
1400100,borg_cluster_agg,0.51647,0.49914
1400400,borg_cluster_agg,0.44029,0.43645
1400700,borg_cluster_agg,0.3641,0.37375
1401000,borg_cluster_agg,0.28792,0.31106
1401300,borg_cluster_agg,0.21173,0.24836
1401600,borg_cluster_agg,0.13555,0.18566
1401900,borg_cluster_agg,0.13382,0.17045
1402200,borg_cluster_agg,0.1321,0.15523
1402500,borg_cluster_agg,0.13037,0.14001
1402800,borg_cluster_agg,0.12865,0.1248
1403100,borg_cluster_agg,0.12692,0.10958
1403400,borg_cluster_agg,0.1,0.14265
1403700,borg_cluster_agg,0.1056,0.13131
1404000,borg_cluster_agg,0.11368,0.11996
1404300,borg_cluster_agg,0.12175,0.10862
1404600,borg_cluster_agg,0.10538,0.10345
1404900,borg_cluster_agg,0.63441,0.16235
1405200,borg_cluster_agg,0.64928,0.16135
1405500,borg_cluster_agg,0.66416,0.16034
1405800,borg_cluster_agg,0.67903,0.15934
1406100,borg_cluster_agg,0.38824,0.12637
1406400,borg_cluster_agg,0.1,0.1
1406700,borg_cluster_agg,0.1,0.1119
1407000,borg_cluster_agg,0.10006,0.13039
1407300,borg_cluster_agg,0.10135,0.14888
1407600,borg_cluster_agg,0.10265,0.16738
1407900,borg_cluster_agg,0.142,0.16548
1408200,borg_cluster_agg,0.18135,0.16359
1408500,borg_cluster_agg,0.22069,0.1617
1408800,borg_cluster_agg,0.26004,0.15981
1409100,borg_cluster_agg,0.29938,0.15792
1409400,borg_cluster_agg,0.33873,0.15602
1409700,borg_cluster_agg,0.37808,0.15413
1410000,borg_cluster_agg,0.41742,0.15224
1410300,borg_cluster_agg,0.45677,0.15035
1410600,borg_cluster_agg,0.10703,0.11923
1410900,borg_cluster_agg,0.11071,0.12912
1411200,borg_cluster_agg,0.10387,0.15042
1411500,borg_cluster_agg,0.10418,0.16115
1411800,borg_cluster_agg,0.10449,0.17187
1412100,borg_cluster_agg,0.10481,0.1826
1412400,borg_cluster_agg,0.10512,0.19332
1412700,borg_cluster_agg,0.10543,0.20405
1413000,borg_cluster_agg,0.10146,0.11483
1413300,borg_cluster_agg,0.85,0.19081
1413600,borg_cluster_agg,0.63424,0.16807
1413900,borg_cluster_agg,0.38654,0.14532
1414200,borg_cluster_agg,0.13884,0.12257
1414500,borg_cluster_agg,0.13212,0.28173
1414800,borg_cluster_agg,0.12465,0.33614
1415100,borg_cluster_agg,0.11717,0.39055
1415400,borg_cluster_agg,0.1097,0.44497
1415700,borg_cluster_agg,0.20389,0.37108
1416000,borg_cluster_agg,0.29807,0.29719
1416300,borg_cluster_agg,0.39225,0.2233
1416600,borg_cluster_agg,0.48644,0.1494
1416900,borg_cluster_agg,0.387,0.2198
1417200,borg_cluster_agg,0.28755,0.2902
1417500,borg_cluster_agg,0.2544,0.61559
1417800,borg_cluster_agg,0.22126,0.85
1418100,borg_cluster_agg,0.35824,0.34985
1418400,borg_cluster_agg,0.20001,0.48609
1418700,borg_cluster_agg,0.18758,0.29635
1419000,borg_cluster_agg,0.17515,0.10662
1419300,borg_cluster_agg,0.15961,0.10497
1419600,borg_cluster_agg,0.14408,0.10333
1419900,borg_cluster_agg,0.12854,0.10168
1420200,borg_cluster_agg,0.113,0.10004
1420500,borg_cluster_agg,0.1,0.1
1420800,borg_cluster_agg,0.16854,0.25558
1421100,borg_cluster_agg,0.18536,0.11377
1421400,borg_cluster_agg,0.10149,0.123
1421700,borg_cluster_agg,0.11352,0.11848
1422000,borg_cluster_agg,0.12556,0.11395
1422300,borg_cluster_agg,0.1376,0.10943
1422600,borg_cluster_agg,0.14964,0.10491
1422900,borg_cluster_agg,0.12539,0.11462
1423200,borg_cluster_agg,0.10114,0.12433
1423500,borg_cluster_agg,0.11199,0.10377
1423800,borg_cluster_agg,0.38901,0.44057
1424100,borg_cluster_agg,0.29355,0.7769
1424400,borg_cluster_agg,0.19809,0.85
1424700,borg_cluster_agg,0.10263,0.85
1425000,borg_cluster_agg,0.14858,0.85
1425300,borg_cluster_agg,0.19453,0.64777
1425600,borg_cluster_agg,0.24049,0.24688
1425900,borg_cluster_agg,0.35121,0.23266
1426200,borg_cluster_agg,0.46193,0.21844
1426500,borg_cluster_agg,0.57266,0.20422
1426800,borg_cluster_agg,0.68338,0.19
1427100,borg_cluster_agg,0.79411,0.17577
1427400,borg_cluster_agg,0.60671,0.43326
1427700,borg_cluster_agg,0.4193,0.69074
1428000,borg_cluster_agg,0.72748,0.85
1428300,borg_cluster_agg,0.85,0.85
1428600,borg_cluster_agg,0.85,0.85
1428900,borg_cluster_agg,0.21338,0.13371
1429200,borg_cluster_agg,0.19127,0.12992
1429500,borg_cluster_agg,0.16916,0.12613
1429800,borg_cluster_agg,0.14705,0.12234
1430100,borg_cluster_agg,0.12495,0.11855
1430400,borg_cluster_agg,0.10284,0.11475
1430700,borg_cluster_agg,0.12018,0.18904
1431000,borg_cluster_agg,0.13753,0.26332
1431300,borg_cluster_agg,0.15487,0.3376
1431600,borg_cluster_agg,0.19706,0.27687
1431900,borg_cluster_agg,0.23925,0.21614
1432200,borg_cluster_agg,0.28143,0.15541
1432500,borg_cluster_agg,0.29558,0.19071
1432800,borg_cluster_agg,0.30972,0.226
1433100,borg_cluster_agg,0.32386,0.2613
1433400,borg_cluster_agg,0.21343,0.1893
1433700,borg_cluster_agg,0.103,0.11731
1434000,borg_cluster_agg,0.10634,0.1788
1434300,borg_cluster_agg,0.10968,0.24029
1434600,borg_cluster_agg,0.10853,0.17183
1434900,borg_cluster_agg,0.10737,0.10337
1435200,borg_cluster_agg,0.13675,0.12074
1435500,borg_cluster_agg,0.16613,0.1381
1435800,borg_cluster_agg,0.45265,0.14293
1436100,borg_cluster_agg,0.73917,0.14776
1436400,borg_cluster_agg,0.61156,0.14288
1436700,borg_cluster_agg,0.48396,0.13801
1437000,borg_cluster_agg,0.35635,0.13314
1437300,borg_cluster_agg,0.22875,0.12826
1437600,borg_cluster_agg,0.10114,0.12339
1437900,borg_cluster_agg,0.11364,0.11677
1438200,borg_cluster_agg,0.11314,0.12333
1438500,borg_cluster_agg,0.11265,0.12989
1438800,borg_cluster_agg,0.11215,0.13645
1439100,borg_cluster_agg,0.10742,0.1443
1439400,borg_cluster_agg,0.17142,0.15118
1439700,borg_cluster_agg,0.23543,0.15806
1440000,borg_cluster_agg,0.29944,0.16494
1440300,borg_cluster_agg,0.36344,0.17182
1440600,borg_cluster_agg,0.42745,0.1787
1440900,borg_cluster_agg,0.49146,0.18558
1441200,borg_cluster_agg,0.50417,0.18346
1441500,borg_cluster_agg,0.51688,0.18133
1441800,borg_cluster_agg,0.52959,0.1792
1442100,borg_cluster_agg,0.54229,0.17707
1442400,borg_cluster_agg,0.555,0.17495
1442700,borg_cluster_agg,0.56771,0.17282
1443000,borg_cluster_agg,0.58042,0.17069
1443300,borg_cluster_agg,0.59313,0.16856
1443600,borg_cluster_agg,0.60584,0.16644
1443900,borg_cluster_agg,0.81169,0.84429
1444200,borg_cluster_agg,0.804,0.77723
1444500,borg_cluster_agg,0.7963,0.71018
1444800,borg_cluster_agg,0.78861,0.64312
1445100,borg_cluster_agg,0.78092,0.57607
1445400,borg_cluster_agg,0.77323,0.50901
1445700,borg_cluster_agg,0.76554,0.44195
1446000,borg_cluster_agg,0.75785,0.3749
1446300,borg_cluster_agg,0.75015,0.30784
1446600,borg_cluster_agg,0.74246,0.24079
1446900,borg_cluster_agg,0.73477,0.17373
1447200,borg_cluster_agg,0.10241,0.15662
1447500,borg_cluster_agg,0.10513,0.14846
1447800,borg_cluster_agg,0.10786,0.1403
1448100,borg_cluster_agg,0.11059,0.13214
1448400,borg_cluster_agg,0.11332,0.12397
1448700,borg_cluster_agg,0.11604,0.11581
1449000,borg_cluster_agg,0.11877,0.10765
1449300,borg_cluster_agg,0.73922,0.14586
1449600,borg_cluster_agg,0.85,0.18406
1449900,borg_cluster_agg,0.85,0.22227
1450200,borg_cluster_agg,0.85,0.26047
1450500,borg_cluster_agg,0.85,0.29868
1450800,borg_cluster_agg,0.85,0.38072
1451100,borg_cluster_agg,0.85,0.46276
1451400,borg_cluster_agg,0.85,0.5448
1451700,borg_cluster_agg,0.68073,0.40968
1452000,borg_cluster_agg,0.39667,0.27456
1452300,borg_cluster_agg,0.11261,0.13944
1452600,borg_cluster_agg,0.10503,0.11676
1452900,borg_cluster_agg,0.1,0.1
1453200,borg_cluster_agg,0.1046,0.1034
1453500,borg_cluster_agg,0.11174,0.11272
1453800,borg_cluster_agg,0.10888,0.10927
1454100,borg_cluster_agg,0.10603,0.10583
1454400,borg_cluster_agg,0.10317,0.10238
1454700,borg_cluster_agg,0.10031,0.1
1455000,borg_cluster_agg,0.1,0.1
1455300,borg_cluster_agg,0.85,0.85
1455600,borg_cluster_agg,0.85,0.85
1455900,borg_cluster_agg,0.85,0.29209
1456200,borg_cluster_agg,0.85,0.22844
1456500,borg_cluster_agg,0.49925,0.1648
1456800,borg_cluster_agg,0.10385,0.10116
1457100,borg_cluster_agg,0.11682,0.10871
1457400,borg_cluster_agg,0.32711,0.15333
1457700,borg_cluster_agg,0.1654,0.85
1458000,borg_cluster_agg,0.12346,0.17256
1458300,borg_cluster_agg,0.11627,0.1509
1458600,borg_cluster_agg,0.10909,0.12923
1458900,borg_cluster_agg,0.22226,0.15046
1459200,borg_cluster_agg,0.24511,0.22563
1459500,borg_cluster_agg,0.26796,0.3008
1459800,borg_cluster_agg,0.1,0.1
1460100,borg_cluster_agg,0.77799,0.85
1460400,borg_cluster_agg,0.5153,0.66208
1460700,borg_cluster_agg,0.25262,0.25385
1461000,borg_cluster_agg,0.20551,0.29408
1461300,borg_cluster_agg,0.20995,0.28264
1461600,borg_cluster_agg,0.21438,0.27121
1461900,borg_cluster_agg,0.21881,0.25978
1462200,borg_cluster_agg,0.22325,0.24834
1462500,borg_cluster_agg,0.22768,0.23691
1462800,borg_cluster_agg,0.23211,0.22548
1463100,borg_cluster_agg,0.23655,0.21404
1463400,borg_cluster_agg,0.24098,0.20261
1463700,borg_cluster_agg,0.35092,0.14446
1464000,borg_cluster_agg,0.23089,0.12015
1464300,borg_cluster_agg,0.11086,0.1
1464600,borg_cluster_agg,0.16711,0.11396
1464900,borg_cluster_agg,0.22336,0.13207
1465200,borg_cluster_agg,0.27961,0.15019
1465500,borg_cluster_agg,0.58128,0.19907
1465800,borg_cluster_agg,0.85,0.24796
1466100,borg_cluster_agg,0.58965,0.20539
1466400,borg_cluster_agg,0.29634,0.16282
1466700,borg_cluster_agg,0.19978,0.14274
1467000,borg_cluster_agg,0.10323,0.12266
1467300,borg_cluster_agg,0.4617,0.45904
1467600,borg_cluster_agg,0.82018,0.79542
1467900,borg_cluster_agg,0.63992,0.71283
1468200,borg_cluster_agg,0.45966,0.63024
1468500,borg_cluster_agg,0.27941,0.54765
1468800,borg_cluster_agg,0.1,0.46506
1469100,borg_cluster_agg,0.13386,0.40198
1469400,borg_cluster_agg,0.16858,0.33889
1469700,borg_cluster_agg,0.20329,0.27581
1470000,borg_cluster_agg,0.238,0.21272
1470300,borg_cluster_agg,0.27272,0.14964
1470600,borg_cluster_agg,0.1,0.1
1470900,borg_cluster_agg,0.10277,0.11912
1471200,borg_cluster_agg,0.10808,0.14087
1471500,borg_cluster_agg,0.10502,0.13415
1471800,borg_cluster_agg,0.10197,0.12743
1472100,borg_cluster_agg,0.10574,0.11593
1472400,borg_cluster_agg,0.29671,0.1742
1472700,borg_cluster_agg,0.23685,0.15853
1473000,borg_cluster_agg,0.17698,0.14286
1473300,borg_cluster_agg,0.11712,0.12719
1473600,borg_cluster_agg,0.21884,0.19434
1473900,borg_cluster_agg,0.17866,0.16553
1474200,borg_cluster_agg,0.13849,0.13673
1474500,borg_cluster_agg,0.11994,0.1267
1474800,borg_cluster_agg,0.10139,0.11668
1475100,borg_cluster_agg,0.48328,0.50057
1475400,borg_cluster_agg,0.85,0.85
1475700,borg_cluster_agg,0.7436,0.73846
1476000,borg_cluster_agg,0.62203,0.59245
1476300,borg_cluster_agg,0.50047,0.44644
1476600,borg_cluster_agg,0.3789,0.30044
1476900,borg_cluster_agg,0.25733,0.15443
1477200,borg_cluster_agg,0.28926,0.21308
1477500,borg_cluster_agg,0.32119,0.27173
1477800,borg_cluster_agg,0.35312,0.33038
1478100,borg_cluster_agg,0.1,0.1
1478400,borg_cluster_agg,0.12186,0.17023
1478700,borg_cluster_agg,0.14626,0.24706
1479000,borg_cluster_agg,0.17067,0.32388
1479300,borg_cluster_agg,0.19507,0.4007
1479600,borg_cluster_agg,0.12754,0.85
1479900,borg_cluster_agg,0.1,0.1
1480200,borg_cluster_agg,0.19403,0.13216
1480500,borg_cluster_agg,0.2906,0.17092
1480800,borg_cluster_agg,0.38718,0.20968
1481100,borg_cluster_agg,0.3717,0.20605
1481400,borg_cluster_agg,0.35623,0.20243
1481700,borg_cluster_agg,0.34075,0.1988
1482000,borg_cluster_agg,0.32528,0.19518
1482300,borg_cluster_agg,0.3098,0.19155
1482600,borg_cluster_agg,0.29433,0.18793
1482900,borg_cluster_agg,0.27885,0.1843
1483200,borg_cluster_agg,0.26338,0.18068
1483500,borg_cluster_agg,0.2479,0.17705
1483800,borg_cluster_agg,0.23243,0.17343
1484100,borg_cluster_agg,0.21695,0.16981
1484400,borg_cluster_agg,0.20148,0.16618
1484700,borg_cluster_agg,0.186,0.16256
1485000,borg_cluster_agg,0.17053,0.15893
1485300,borg_cluster_agg,0.15505,0.15531
1485600,borg_cluster_agg,0.13958,0.15168
1485900,borg_cluster_agg,0.85,0.33357
1486200,borg_cluster_agg,0.85,0.37008
1486500,borg_cluster_agg,0.66007,0.40658
1486800,borg_cluster_agg,0.10098,0.44308
1487100,borg_cluster_agg,0.10222,0.14776
1487400,borg_cluster_agg,0.12076,0.12409
1487700,borg_cluster_agg,0.16048,0.18847
1488000,borg_cluster_agg,0.2002,0.25284
1488300,borg_cluster_agg,0.17561,0.21511
1488600,borg_cluster_agg,0.15102,0.17738
1488900,borg_cluster_agg,0.12644,0.13965
1489200,borg_cluster_agg,0.10185,0.10192
1489500,borg_cluster_agg,0.10625,0.1009
1489800,borg_cluster_agg,0.11066,0.1
1490100,borg_cluster_agg,0.11506,0.1
1490400,borg_cluster_agg,0.11946,0.1
1490700,borg_cluster_agg,0.12386,0.1
1491000,borg_cluster_agg,0.12826,0.1
1491300,borg_cluster_agg,0.13266,0.1
1491600,borg_cluster_agg,0.11633,0.10463
1491900,borg_cluster_agg,0.1,0.11452
1492200,borg_cluster_agg,0.11189,0.13782
1492500,borg_cluster_agg,0.12379,0.16111
1492800,borg_cluster_agg,0.13569,0.18441
1493100,borg_cluster_agg,0.22071,0.2924
1493400,borg_cluster_agg,0.10075,0.1
1493700,borg_cluster_agg,0.35385,0.16502
1494000,borg_cluster_agg,0.46031,0.27091
1494300,borg_cluster_agg,0.56677,0.37679
1494600,borg_cluster_agg,0.67324,0.48268
1494900,borg_cluster_agg,0.7797,0.58856
1495200,borg_cluster_agg,0.85,0.69445
1495500,borg_cluster_agg,0.85,0.80034
1495800,borg_cluster_agg,0.76334,0.55814
1496100,borg_cluster_agg,0.53405,0.31594
1496400,borg_cluster_agg,0.20203,0.14564
1496700,borg_cluster_agg,0.1,0.1
1497000,borg_cluster_agg,0.10048,0.1
1497300,borg_cluster_agg,0.14935,0.10544
1497600,borg_cluster_agg,0.19823,0.11179
1497900,borg_cluster_agg,0.2471,0.11814
1498200,borg_cluster_agg,0.29598,0.12449
1498500,borg_cluster_agg,0.51843,0.13502
1498800,borg_cluster_agg,0.74088,0.14555
1499100,borg_cluster_agg,0.85,0.15608
1499400,borg_cluster_agg,0.54534,0.14846
1499700,borg_cluster_agg,0.12735,0.14085
1500000,borg_cluster_agg,0.24297,0.20154
1500300,borg_cluster_agg,0.35859,0.26222
1500600,borg_cluster_agg,0.12365,0.10204
1500900,borg_cluster_agg,0.17978,0.20827
1501200,borg_cluster_agg,0.19823,0.22985
1501500,borg_cluster_agg,0.21668,0.25143
1501800,borg_cluster_agg,0.41135,0.47699
1502100,borg_cluster_agg,0.28347,0.19632
1502400,borg_cluster_agg,0.19238,0.14826
1502700,borg_cluster_agg,0.10128,0.1002
1503000,borg_cluster_agg,0.10588,0.25394
1503300,borg_cluster_agg,0.1054,0.15608
1503600,borg_cluster_agg,0.10698,0.23997
1503900,borg_cluster_agg,0.11254,0.20458
1504200,borg_cluster_agg,0.11809,0.16918
1504500,borg_cluster_agg,0.12365,0.13379
1504800,borg_cluster_agg,0.17392,0.21545
1505100,borg_cluster_agg,0.2242,0.29711
1505400,borg_cluster_agg,0.1,0.1
1505700,borg_cluster_agg,0.1,0.10728
1506000,borg_cluster_agg,0.10247,0.12115
1506300,borg_cluster_agg,0.10276,0.11915
1506600,borg_cluster_agg,0.10305,0.11715
1506900,borg_cluster_agg,0.10334,0.11515
1507200,borg_cluster_agg,0.13639,0.1222
1507500,borg_cluster_agg,0.16944,0.12925
1507800,borg_cluster_agg,0.20249,0.13631
1508100,borg_cluster_agg,0.23554,0.14336
1508400,borg_cluster_agg,0.19125,0.13611
1508700,borg_cluster_agg,0.14695,0.12887
1509000,borg_cluster_agg,0.10265,0.12162
1509300,borg_cluster_agg,0.1,0.11169
1509600,borg_cluster_agg,0.10132,0.112
1509900,borg_cluster_agg,0.10264,0.1123
1510200,borg_cluster_agg,0.10396,0.1126
1510500,borg_cluster_agg,0.10528,0.11291
1510800,borg_cluster_agg,0.10661,0.11321
1511100,borg_cluster_agg,0.10793,0.11351
1511400,borg_cluster_agg,0.10925,0.11382
1511700,borg_cluster_agg,0.11057,0.11412
1512000,borg_cluster_agg,0.11189,0.11442
1512300,borg_cluster_agg,0.11321,0.11473
1512600,borg_cluster_agg,0.11453,0.11503
1512900,borg_cluster_agg,0.11227,0.11145
1513200,borg_cluster_agg,0.11,0.10787
1513500,borg_cluster_agg,0.10774,0.10429
1513800,borg_cluster_agg,0.10547,0.10071
1514100,borg_cluster_agg,0.1032,0.1
1514400,borg_cluster_agg,0.10295,0.10382
1514700,borg_cluster_agg,0.10269,0.1105
1515000,borg_cluster_agg,0.10243,0.11718
1515300,borg_cluster_agg,0.10217,0.12386
1515600,borg_cluster_agg,0.11348,0.16324
1515900,borg_cluster_agg,0.12479,0.20263
1516200,borg_cluster_agg,0.1361,0.24201
1516500,borg_cluster_agg,0.11908,0.17158
1516800,borg_cluster_agg,0.10206,0.10114
1517100,borg_cluster_agg,0.14331,0.10681
1517400,borg_cluster_agg,0.18457,0.11248
1517700,borg_cluster_agg,0.22582,0.11816
1518000,borg_cluster_agg,0.26708,0.12383
1518300,borg_cluster_agg,0.30833,0.1295
1518600,borg_cluster_agg,0.34959,0.13518
1518900,borg_cluster_agg,0.39084,0.14085
1519200,borg_cluster_agg,0.34689,0.14246
1519500,borg_cluster_agg,0.30294,0.14407
1519800,borg_cluster_agg,0.33075,0.14659
1520100,borg_cluster_agg,0.35856,0.14911
1520400,borg_cluster_agg,0.38637,0.15163
1520700,borg_cluster_agg,0.41418,0.15416
1521000,borg_cluster_agg,0.442,0.15668
1521300,borg_cluster_agg,0.46981,0.1592
1521600,borg_cluster_agg,0.49762,0.16172
1521900,borg_cluster_agg,0.52543,0.16424
1522200,borg_cluster_agg,0.55325,0.16676
1522500,borg_cluster_agg,0.58106,0.16929
1522800,borg_cluster_agg,0.60887,0.17181
1523100,borg_cluster_agg,0.63668,0.17433
1523400,borg_cluster_agg,0.6645,0.17685
1523700,borg_cluster_agg,0.69231,0.17937
1524000,borg_cluster_agg,0.72012,0.1819
1524300,borg_cluster_agg,0.4554,0.16742
1524600,borg_cluster_agg,0.19067,0.15294
1524900,borg_cluster_agg,0.10256,0.12099
1525200,borg_cluster_agg,0.16009,0.24751
1525500,borg_cluster_agg,0.19186,0.22261
1525800,borg_cluster_agg,0.22364,0.19771
1526100,borg_cluster_agg,0.25541,0.17281
1526400,borg_cluster_agg,0.28719,0.14791
1526700,borg_cluster_agg,0.68459,0.82635
1527000,borg_cluster_agg,0.85,0.85
1527300,borg_cluster_agg,0.24671,0.85
1527600,borg_cluster_agg,0.22474,0.13708
1527900,borg_cluster_agg,0.37127,0.25028
1528200,borg_cluster_agg,0.5178,0.36348
1528500,borg_cluster_agg,0.66433,0.47669
1528800,borg_cluster_agg,0.81086,0.58989
1529100,borg_cluster_agg,0.85,0.70309
1529400,borg_cluster_agg,0.85,0.81629
1529700,borg_cluster_agg,0.85,0.85
1530000,borg_cluster_agg,0.85,0.85
1530300,borg_cluster_agg,0.85,0.85
1530600,borg_cluster_agg,0.85,0.79417
1530900,borg_cluster_agg,0.84563,0.66991
1531200,borg_cluster_agg,0.66184,0.54565
1531500,borg_cluster_agg,0.47806,0.42139
1531800,borg_cluster_agg,0.29427,0.29713
1532100,borg_cluster_agg,0.11048,0.17287
1532400,borg_cluster_agg,0.17461,0.32699
1532700,borg_cluster_agg,0.23874,0.48112
1533000,borg_cluster_agg,0.30287,0.63524
1533300,borg_cluster_agg,0.367,0.78936
1533600,borg_cluster_agg,0.43113,0.85
1533900,borg_cluster_agg,0.38413,0.85
1534200,borg_cluster_agg,0.33713,0.80285
1534500,borg_cluster_agg,0.29013,0.73253
1534800,borg_cluster_agg,0.24313,0.66221
1535100,borg_cluster_agg,0.19613,0.59189
1535400,borg_cluster_agg,0.14913,0.52157
1535700,borg_cluster_agg,0.10213,0.45125
1536000,borg_cluster_agg,0.10268,0.34246
1536300,borg_cluster_agg,0.10324,0.23367
1536600,borg_cluster_agg,0.1038,0.12488
1536900,borg_cluster_agg,0.43663,0.39066
1537200,borg_cluster_agg,0.48387,0.34655
1537500,borg_cluster_agg,0.53112,0.30244
1537800,borg_cluster_agg,0.41475,0.25841
1538100,borg_cluster_agg,0.29837,0.21438
1538400,borg_cluster_agg,0.182,0.17035
1538700,borg_cluster_agg,0.47472,0.18441
1539000,borg_cluster_agg,0.44084,0.19583
1539300,borg_cluster_agg,0.40696,0.20725
1539600,borg_cluster_agg,0.37308,0.21867
1539900,borg_cluster_agg,0.3392,0.23008
1540200,borg_cluster_agg,0.30638,0.21099
1540500,borg_cluster_agg,0.27357,0.19189
1540800,borg_cluster_agg,0.24076,0.17279
1541100,borg_cluster_agg,0.20795,0.15369
1541400,borg_cluster_agg,0.17514,0.1346
1541700,borg_cluster_agg,0.14233,0.1155
1542000,borg_cluster_agg,0.1032,0.10173
1542300,borg_cluster_agg,0.10397,0.10622
1542600,borg_cluster_agg,0.10473,0.11072
1542900,borg_cluster_agg,0.1055,0.11521
1543200,borg_cluster_agg,0.10627,0.11971
1543500,borg_cluster_agg,0.10703,0.1242
1543800,borg_cluster_agg,0.1078,0.12869
1544100,borg_cluster_agg,0.10856,0.13319
1544400,borg_cluster_agg,0.10933,0.13768
1544700,borg_cluster_agg,0.1101,0.14218
1545000,borg_cluster_agg,0.11086,0.14667
1545300,borg_cluster_agg,0.11163,0.15117
1545600,borg_cluster_agg,0.11239,0.15566
1545900,borg_cluster_agg,0.11316,0.16016
1546200,borg_cluster_agg,0.11688,0.14076
1546500,borg_cluster_agg,0.1206,0.12136
1546800,borg_cluster_agg,0.12431,0.10195
1547100,borg_cluster_agg,0.12201,0.10365
1547400,borg_cluster_agg,0.11971,0.10534
1547700,borg_cluster_agg,0.13772,0.14566
1548000,borg_cluster_agg,0.15572,0.18599
1548300,borg_cluster_agg,0.17373,0.22632
1548600,borg_cluster_agg,0.19182,0.25546
1548900,borg_cluster_agg,0.2099,0.28459
1549200,borg_cluster_agg,0.22798,0.31373
1549500,borg_cluster_agg,0.24607,0.34287
1549800,borg_cluster_agg,0.26415,0.37201
1550100,borg_cluster_agg,0.28223,0.40115
1550400,borg_cluster_agg,0.30031,0.43029
1550700,borg_cluster_agg,0.3184,0.45943
1551000,borg_cluster_agg,0.33648,0.48857
1551300,borg_cluster_agg,0.11225,0.11401
1551600,borg_cluster_agg,0.78092,0.85
1551900,borg_cluster_agg,0.54376,0.5479
1552200,borg_cluster_agg,0.3066,0.15733
1552500,borg_cluster_agg,0.28674,0.17899
1552800,borg_cluster_agg,0.26688,0.20064
1553100,borg_cluster_agg,0.24702,0.2223
1553400,borg_cluster_agg,0.22717,0.24395
1553700,borg_cluster_agg,0.20154,0.22891
1554000,borg_cluster_agg,0.17591,0.21387
1554300,borg_cluster_agg,0.15028,0.19882
1554600,borg_cluster_agg,0.12465,0.18378
1554900,borg_cluster_agg,0.36002,0.18868
1555200,borg_cluster_agg,0.59538,0.19359
1555500,borg_cluster_agg,0.34803,0.15256
1555800,borg_cluster_agg,0.10068,0.11154
1556100,borg_cluster_agg,0.12072,0.1075
1556400,borg_cluster_agg,0.16682,0.12347
1556700,borg_cluster_agg,0.21292,0.13944
1557000,borg_cluster_agg,0.25903,0.15541
1557300,borg_cluster_agg,0.30513,0.17138
1557600,borg_cluster_agg,0.33862,0.16312
1557900,borg_cluster_agg,0.37211,0.15486
1558200,borg_cluster_agg,0.4056,0.14661
1558500,borg_cluster_agg,0.43908,0.13835
1558800,borg_cluster_agg,0.85,0.85
1559100,borg_cluster_agg,0.3978,0.38532
1559400,borg_cluster_agg,0.32327,0.404
1559700,borg_cluster_agg,0.24874,0.42268
1560000,borg_cluster_agg,0.17421,0.44136
1560300,borg_cluster_agg,0.1,0.46004
1560600,borg_cluster_agg,0.1,0.37369
1560900,borg_cluster_agg,0.1,0.28734
1561200,borg_cluster_agg,0.1,0.20099
1561500,borg_cluster_agg,0.1,0.11464
1561800,borg_cluster_agg,0.14452,0.85
1562100,borg_cluster_agg,0.20563,0.85
1562400,borg_cluster_agg,0.26674,0.64672
1562700,borg_cluster_agg,0.32784,0.37967
1563000,borg_cluster_agg,0.10803,0.1166
1563300,borg_cluster_agg,0.10549,0.11108
1563600,borg_cluster_agg,0.10295,0.10556
1563900,borg_cluster_agg,0.10041,0.10004
1564200,borg_cluster_agg,0.1013,0.1
1564500,borg_cluster_agg,0.10218,0.1
1564800,borg_cluster_agg,0.10307,0.1
1565100,borg_cluster_agg,0.10396,0.1
1565400,borg_cluster_agg,0.10343,0.1
1565700,borg_cluster_agg,0.10289,0.1
1566000,borg_cluster_agg,0.10236,0.1
1566300,borg_cluster_agg,0.10183,0.1
1566600,borg_cluster_agg,0.13624,0.11303
1566900,borg_cluster_agg,0.12397,0.10869
1567200,borg_cluster_agg,0.1117,0.10434
1567500,borg_cluster_agg,0.1,0.1
1567800,borg_cluster_agg,0.63419,0.79852
1568100,borg_cluster_agg,0.85,0.85
1568400,borg_cluster_agg,0.85,0.85
1568700,borg_cluster_agg,0.85,0.85
1569000,borg_cluster_agg,0.85,0.85
1569300,borg_cluster_agg,0.8388,0.85
1569600,borg_cluster_agg,0.65421,0.85
1569900,borg_cluster_agg,0.46962,0.76314
1570200,borg_cluster_agg,0.28503,0.43138
1570500,borg_cluster_agg,0.10043,0.1
1570800,borg_cluster_agg,0.106,0.10751
1571100,borg_cluster_agg,0.11157,0.11541
1571400,borg_cluster_agg,0.11714,0.12331
1571700,borg_cluster_agg,0.11027,0.11238
1572000,borg_cluster_agg,0.10339,0.10145
1572300,borg_cluster_agg,0.37546,0.24876
1572600,borg_cluster_agg,0.32418,0.22166
1572900,borg_cluster_agg,0.27291,0.19456
1573200,borg_cluster_agg,0.22164,0.16746
1573500,borg_cluster_agg,0.17036,0.14036
1573800,borg_cluster_agg,0.11909,0.11326
1574100,borg_cluster_agg,0.10944,0.1115
1574400,borg_cluster_agg,0.1,0.10973
1574700,borg_cluster_agg,0.11046,0.15319
1575000,borg_cluster_agg,0.12113,0.19665
1575300,borg_cluster_agg,0.17341,0.25227
1575600,borg_cluster_agg,0.22568,0.30789
1575900,borg_cluster_agg,0.27796,0.3635
1576200,borg_cluster_agg,0.33024,0.41912
1576500,borg_cluster_agg,0.38252,0.47474
1576800,borg_cluster_agg,0.43479,0.53036
1577100,borg_cluster_agg,0.35924,0.43757
1577400,borg_cluster_agg,0.28368,0.34479
1577700,borg_cluster_agg,0.20813,0.252
1578000,borg_cluster_agg,0.13257,0.15921
1578300,borg_cluster_agg,0.21446,0.17566
1578600,borg_cluster_agg,0.29634,0.1921
1578900,borg_cluster_agg,0.1,0.1
1579200,borg_cluster_agg,0.12352,0.85
1579500,borg_cluster_agg,0.14958,0.85
1579800,borg_cluster_agg,0.17564,0.85
1580100,borg_cluster_agg,0.2017,0.85
1580400,borg_cluster_agg,0.22777,0.85
1580700,borg_cluster_agg,0.1005,0.12213
1581000,borg_cluster_agg,0.10163,0.13114
1581300,borg_cluster_agg,0.10277,0.14014
1581600,borg_cluster_agg,0.1039,0.14915
1581900,borg_cluster_agg,0.10503,0.15816
1582200,borg_cluster_agg,0.10617,0.16716
1582500,borg_cluster_agg,0.1073,0.17617
1582800,borg_cluster_agg,0.10843,0.18517
1583100,borg_cluster_agg,0.10957,0.19418
1583400,borg_cluster_agg,0.1107,0.20318
1583700,borg_cluster_agg,0.11183,0.21219
1584000,borg_cluster_agg,0.1069,0.17389
1584300,borg_cluster_agg,0.10197,0.13559
1584600,borg_cluster_agg,0.11968,0.14671
1584900,borg_cluster_agg,0.1374,0.15783
1585200,borg_cluster_agg,0.15511,0.16895
1585500,borg_cluster_agg,0.17283,0.18006
1585800,borg_cluster_agg,0.19054,0.19118
1586100,borg_cluster_agg,0.20825,0.2023
1586400,borg_cluster_agg,0.19799,0.27286
1586700,borg_cluster_agg,0.10666,0.14579
1587000,borg_cluster_agg,0.85,0.85
1587300,borg_cluster_agg,0.38498,0.27231
1587600,borg_cluster_agg,0.50344,0.28783
1587900,borg_cluster_agg,0.62189,0.30335
1588200,borg_cluster_agg,0.74035,0.31887
1588500,borg_cluster_agg,0.85,0.33439
1588800,borg_cluster_agg,0.85,0.34991
1589100,borg_cluster_agg,0.55167,0.23863
1589400,borg_cluster_agg,0.12607,0.12735
1589700,borg_cluster_agg,0.28224,0.16612
1590000,borg_cluster_agg,0.20651,0.31967
1590300,borg_cluster_agg,0.18506,0.34938
1590600,borg_cluster_agg,0.16361,0.37908
1590900,borg_cluster_agg,0.14217,0.40879
1591200,borg_cluster_agg,0.12072,0.43849
1591500,borg_cluster_agg,0.1,0.4682
1591800,borg_cluster_agg,0.13529,0.39275
1592100,borg_cluster_agg,0.17131,0.3173
1592400,borg_cluster_agg,0.20734,0.24186
1592700,borg_cluster_agg,0.18181,0.20693
1593000,borg_cluster_agg,0.15627,0.17201
1593300,borg_cluster_agg,0.13074,0.13708
1593600,borg_cluster_agg,0.1,0.1
1593900,borg_cluster_agg,0.10501,0.10622
1594200,borg_cluster_agg,0.11257,0.11873
1594500,borg_cluster_agg,0.12012,0.13123
1594800,borg_cluster_agg,0.12767,0.14373
1595100,borg_cluster_agg,0.13523,0.15623
1595400,borg_cluster_agg,0.13549,0.16345
1595700,borg_cluster_agg,0.13574,0.17066
1596000,borg_cluster_agg,0.136,0.17788
1596300,borg_cluster_agg,0.13625,0.18509
1596600,borg_cluster_agg,0.13651,0.19231
1596900,borg_cluster_agg,0.13677,0.19952
1597200,borg_cluster_agg,0.13702,0.20674
1597500,borg_cluster_agg,0.13728,0.21395
1597800,borg_cluster_agg,0.13754,0.22117
1598100,borg_cluster_agg,0.13779,0.22838
1598400,borg_cluster_agg,0.13805,0.2356
1598700,borg_cluster_agg,0.13831,0.24281
1599000,borg_cluster_agg,0.13856,0.25003
1599300,borg_cluster_agg,0.13882,0.25724
1599600,borg_cluster_agg,0.13907,0.26446
1599900,borg_cluster_agg,0.12004,0.18233
1600200,borg_cluster_agg,0.10101,0.1002
1600500,borg_cluster_agg,0.10235,0.10959
1600800,borg_cluster_agg,0.10369,0.11899
1601100,borg_cluster_agg,0.10504,0.12839
1601400,borg_cluster_agg,0.11023,0.13999
1601700,borg_cluster_agg,0.10597,0.12446
1602000,borg_cluster_agg,0.10171,0.10893
1602300,borg_cluster_agg,0.1,0.1
1602600,borg_cluster_agg,0.12781,0.10506
1602900,borg_cluster_agg,0.15817,0.11672
1603200,borg_cluster_agg,0.10023,0.10263
1603500,borg_cluster_agg,0.1,0.10485
1603800,borg_cluster_agg,0.1,0.10706
1604100,borg_cluster_agg,0.11489,0.11744
1604400,borg_cluster_agg,0.13057,0.12781
1604700,borg_cluster_agg,0.14626,0.13818
1605000,borg_cluster_agg,0.10101,0.1
1605300,borg_cluster_agg,0.50741,0.38395
1605600,borg_cluster_agg,0.85,0.66841
1605900,borg_cluster_agg,0.85,0.85
1606200,borg_cluster_agg,0.85,0.85
1606500,borg_cluster_agg,0.103,0.44246
1606800,borg_cluster_agg,0.10213,0.12052
1607100,borg_cluster_agg,0.1451,0.14736
1607400,borg_cluster_agg,0.18807,0.1742
1607700,borg_cluster_agg,0.23105,0.20105
1608000,borg_cluster_agg,0.27402,0.22789
1608300,borg_cluster_agg,0.31699,0.25473
1608600,borg_cluster_agg,0.35997,0.28157
1608900,borg_cluster_agg,0.40294,0.30841
1609200,borg_cluster_agg,0.44592,0.33525
1609500,borg_cluster_agg,0.48889,0.36209
1609800,borg_cluster_agg,0.53186,0.38893
1610100,borg_cluster_agg,0.57484,0.41577
1610400,borg_cluster_agg,0.61781,0.44261
1610700,borg_cluster_agg,0.66078,0.46945
1611000,borg_cluster_agg,0.4761,0.68355
1611300,borg_cluster_agg,0.29141,0.85
1611600,borg_cluster_agg,0.10673,0.85
1611900,borg_cluster_agg,0.10689,0.65043
1612200,borg_cluster_agg,0.10705,0.18912
1612500,borg_cluster_agg,0.13399,0.193
1612800,borg_cluster_agg,0.16165,0.12755
1613100,borg_cluster_agg,0.13244,0.11475
1613400,borg_cluster_agg,0.10323,0.10196
1613700,borg_cluster_agg,0.12184,0.10721
1614000,borg_cluster_agg,0.14046,0.11246
1614300,borg_cluster_agg,0.15907,0.1177
1614600,borg_cluster_agg,0.17769,0.12295
1614900,borg_cluster_agg,0.1963,0.12819
1615200,borg_cluster_agg,0.21492,0.13344
1615500,borg_cluster_agg,0.23354,0.13869
1615800,borg_cluster_agg,0.25215,0.14393
1616100,borg_cluster_agg,0.27077,0.14918
1616400,borg_cluster_agg,0.28938,0.15443
1616700,borg_cluster_agg,0.26947,0.17172
1617000,borg_cluster_agg,0.24955,0.18901
1617300,borg_cluster_agg,0.22964,0.2063
1617600,borg_cluster_agg,0.20972,0.2236
1617900,borg_cluster_agg,0.1898,0.24089
1618200,borg_cluster_agg,0.16989,0.25818
1618500,borg_cluster_agg,0.85,0.74942
1618800,borg_cluster_agg,0.85,0.69959
1619100,borg_cluster_agg,0.85,0.64977
1619400,borg_cluster_agg,0.85,0.59995
1619700,borg_cluster_agg,0.85,0.55013
1620000,borg_cluster_agg,0.85,0.50031
1620300,borg_cluster_agg,0.85,0.45048
1620600,borg_cluster_agg,0.74538,0.40066
1620900,borg_cluster_agg,0.63842,0.35084
1621200,borg_cluster_agg,0.53147,0.30102
1621500,borg_cluster_agg,0.42452,0.25119
1621800,borg_cluster_agg,0.31757,0.20137
1622100,borg_cluster_agg,0.21061,0.15155
1622400,borg_cluster_agg,0.10366,0.10173
1622700,borg_cluster_agg,0.15852,0.11131
1623000,borg_cluster_agg,0.21337,0.1209
1623300,borg_cluster_agg,0.26823,0.13048
1623600,borg_cluster_agg,0.32308,0.14007
1623900,borg_cluster_agg,0.10295,0.15576
1624200,borg_cluster_agg,0.34808,0.29619
1624500,borg_cluster_agg,0.59321,0.43661
1624800,borg_cluster_agg,0.83833,0.57703
1625100,borg_cluster_agg,0.85,0.71746
1625400,borg_cluster_agg,0.21247,0.25755
1625700,borg_cluster_agg,0.15987,0.17974
1626000,borg_cluster_agg,0.10728,0.10192
1626300,borg_cluster_agg,0.85,0.85
1626600,borg_cluster_agg,0.85,0.22647
1626900,borg_cluster_agg,0.85,0.16499
1627200,borg_cluster_agg,0.10669,0.1035
1627500,borg_cluster_agg,0.10604,0.10966
1627800,borg_cluster_agg,0.10538,0.11582
1628100,borg_cluster_agg,0.10473,0.12198
1628400,borg_cluster_agg,0.10407,0.12814
1628700,borg_cluster_agg,0.10345,0.12252
1629000,borg_cluster_agg,0.10284,0.1169
1629300,borg_cluster_agg,0.10222,0.11128
1629600,borg_cluster_agg,0.1016,0.10566
1629900,borg_cluster_agg,0.10098,0.10004
1630200,borg_cluster_agg,0.50432,0.224
1630500,borg_cluster_agg,0.85,0.34796
1630800,borg_cluster_agg,0.43736,0.2632
1631100,borg_cluster_agg,0.12332,0.26383
1631400,borg_cluster_agg,0.29341,0.64902
1631700,borg_cluster_agg,0.30265,0.54006
1632000,borg_cluster_agg,0.31189,0.43109
1632300,borg_cluster_agg,0.32113,0.32213
1632600,borg_cluster_agg,0.33036,0.21316
1632900,borg_cluster_agg,0.5919,0.20373
1633200,borg_cluster_agg,0.85,0.1943
1633500,borg_cluster_agg,0.70526,0.22056
1633800,borg_cluster_agg,0.55708,0.24683
1634100,borg_cluster_agg,0.40889,0.2731
1634400,borg_cluster_agg,0.26071,0.29937
1634700,borg_cluster_agg,0.28149,0.30607
1635000,borg_cluster_agg,0.30227,0.31277
1635300,borg_cluster_agg,0.32305,0.31947
1635600,borg_cluster_agg,0.34383,0.32617
1635900,borg_cluster_agg,0.36461,0.33287
1636200,borg_cluster_agg,0.38539,0.33957
1636500,borg_cluster_agg,0.40617,0.34627
1636800,borg_cluster_agg,0.42695,0.35297
1637100,borg_cluster_agg,0.44773,0.35967
1637400,borg_cluster_agg,0.46851,0.36637
1637700,borg_cluster_agg,0.48929,0.37307
1638000,borg_cluster_agg,0.51007,0.37977
1638300,borg_cluster_agg,0.53085,0.38647
1638600,borg_cluster_agg,0.55163,0.39317
1638900,borg_cluster_agg,0.63185,0.28871
1639200,borg_cluster_agg,0.71206,0.18425
1639500,borg_cluster_agg,0.57083,0.17474
1639800,borg_cluster_agg,0.42959,0.16523
1640100,borg_cluster_agg,0.28836,0.15572
1640400,borg_cluster_agg,0.27194,0.15122
1640700,borg_cluster_agg,0.25551,0.14671
1641000,borg_cluster_agg,0.23909,0.14221
1641300,borg_cluster_agg,0.22266,0.1377
1641600,borg_cluster_agg,0.20624,0.1332
1641900,borg_cluster_agg,0.17979,0.12417
1642200,borg_cluster_agg,0.15334,0.11515
1642500,borg_cluster_agg,0.12688,0.10612
1642800,borg_cluster_agg,0.10043,0.1
1643100,borg_cluster_agg,0.10331,0.19489
1643400,borg_cluster_agg,0.10619,0.29269
1643700,borg_cluster_agg,0.10907,0.39049
1644000,borg_cluster_agg,0.11195,0.48829
1644300,borg_cluster_agg,0.10833,0.35878
1644600,borg_cluster_agg,0.10471,0.22927
1644900,borg_cluster_agg,0.1011,0.1
1645200,borg_cluster_agg,0.25256,0.11786
1645500,borg_cluster_agg,0.40402,0.13596
1645800,borg_cluster_agg,0.55547,0.15406
1646100,borg_cluster_agg,0.70693,0.17216
1646400,borg_cluster_agg,0.85,0.4569
1646700,borg_cluster_agg,0.29268,0.16039
1647000,borg_cluster_agg,0.1999,0.19916
1647300,borg_cluster_agg,0.10712,0.23793
1647600,borg_cluster_agg,0.18851,0.47395
1647900,borg_cluster_agg,0.26989,0.70998
1648200,borg_cluster_agg,0.35128,0.85
1648500,borg_cluster_agg,0.37628,0.8176
1648800,borg_cluster_agg,0.40128,0.68921
1649100,borg_cluster_agg,0.42628,0.56081
1649400,borg_cluster_agg,0.45128,0.43241
1649700,borg_cluster_agg,0.61592,0.51811
1650000,borg_cluster_agg,0.78055,0.60382
1650300,borg_cluster_agg,0.85,0.68952
1650600,borg_cluster_agg,0.85,0.77522
1650900,borg_cluster_agg,0.40806,0.37747
1651200,borg_cluster_agg,0.38424,0.3558
1651500,borg_cluster_agg,0.36043,0.33413
1651800,borg_cluster_agg,0.33662,0.31246
1652100,borg_cluster_agg,0.31281,0.29079
1652400,borg_cluster_agg,0.289,0.26912
1652700,borg_cluster_agg,0.26519,0.24745
1653000,borg_cluster_agg,0.24138,0.22578
1653300,borg_cluster_agg,0.21756,0.20411
1653600,borg_cluster_agg,0.19375,0.18244
1653900,borg_cluster_agg,0.16994,0.16076
1654200,borg_cluster_agg,0.14613,0.13909
1654500,borg_cluster_agg,0.12232,0.11742
1654800,borg_cluster_agg,0.13617,0.1296
1655100,borg_cluster_agg,0.15003,0.14177
1655400,borg_cluster_agg,0.16388,0.15394
1655700,borg_cluster_agg,0.17773,0.16611
1656000,borg_cluster_agg,0.19159,0.17829
1656300,borg_cluster_agg,0.18178,0.1697
1656600,borg_cluster_agg,0.17197,0.16111
1656900,borg_cluster_agg,0.16216,0.15252
1657200,borg_cluster_agg,0.15235,0.14393
1657500,borg_cluster_agg,0.14254,0.13534
1657800,borg_cluster_agg,0.13273,0.12675
1658100,borg_cluster_agg,0.12292,0.11816
1658400,borg_cluster_agg,0.1131,0.10957
1658700,borg_cluster_agg,0.10329,0.10098
1659000,borg_cluster_agg,0.1027,0.10761
1659300,borg_cluster_agg,0.1021,0.11424
1659600,borg_cluster_agg,0.13293,0.12121
1659900,borg_cluster_agg,0.16375,0.12818
1660200,borg_cluster_agg,0.18357,0.19304
1660500,borg_cluster_agg,0.20339,0.25789
1660800,borg_cluster_agg,0.18312,0.25833
1661100,borg_cluster_agg,0.16285,0.25876
1661400,borg_cluster_agg,0.14258,0.2592
1661700,borg_cluster_agg,0.12231,0.25963
1662000,borg_cluster_agg,0.10204,0.26006
1662300,borg_cluster_agg,0.10416,0.17697
1662600,borg_cluster_agg,0.10629,0.1
1662900,borg_cluster_agg,0.11252,0.10222
1663200,borg_cluster_agg,0.11875,0.11056
1663500,borg_cluster_agg,0.12497,0.11889
1663800,borg_cluster_agg,0.1312,0.12723
1664100,borg_cluster_agg,0.11812,0.18502
1664400,borg_cluster_agg,0.10503,0.2428
1664700,borg_cluster_agg,0.114,0.22763
1665000,borg_cluster_agg,0.12297,0.21245
1665300,borg_cluster_agg,0.13193,0.19728
1665600,borg_cluster_agg,0.18661,0.19853
1665900,borg_cluster_agg,0.2413,0.19979
1666200,borg_cluster_agg,0.29598,0.20105
1666500,borg_cluster_agg,0.21194,0.16695
1666800,borg_cluster_agg,0.1279,0.13284
1667100,borg_cluster_agg,0.12796,0.1355
1667400,borg_cluster_agg,0.12801,0.13815
1667700,borg_cluster_agg,0.12807,0.1408
1668000,borg_cluster_agg,0.12812,0.14346
1668300,borg_cluster_agg,0.12818,0.14611
1668600,borg_cluster_agg,0.44688,0.1
1668900,borg_cluster_agg,0.27528,0.1081
1669200,borg_cluster_agg,0.10368,0.11891
1669500,borg_cluster_agg,0.14284,0.12588
1669800,borg_cluster_agg,0.182,0.13284
1670100,borg_cluster_agg,0.22115,0.13981
1670400,borg_cluster_agg,0.16917,0.1636
1670700,borg_cluster_agg,0.11719,0.18739
1671000,borg_cluster_agg,0.13909,0.21193
1671300,borg_cluster_agg,0.16099,0.23647
1671600,borg_cluster_agg,0.18289,0.26101
1671900,borg_cluster_agg,0.19686,0.23724
1672200,borg_cluster_agg,0.4533,0.72783
1672500,borg_cluster_agg,0.70973,0.85
1672800,borg_cluster_agg,0.85,0.85
1673100,borg_cluster_agg,0.85,0.85
1673400,borg_cluster_agg,0.85,0.85
1673700,borg_cluster_agg,0.10039,0.45941
1674000,borg_cluster_agg,0.21009,0.40486
1674300,borg_cluster_agg,0.31978,0.35032
1674600,borg_cluster_agg,0.42948,0.29577
1674900,borg_cluster_agg,0.53918,0.24123
1675200,borg_cluster_agg,0.39463,0.20717
1675500,borg_cluster_agg,0.25009,0.17311
1675800,borg_cluster_agg,0.10554,0.13904
1676100,borg_cluster_agg,0.11014,0.18433
1676400,borg_cluster_agg,0.11475,0.22961
1676700,borg_cluster_agg,0.11935,0.2749
1677000,borg_cluster_agg,0.11058,0.18822
1677300,borg_cluster_agg,0.10181,0.10154
1677600,borg_cluster_agg,0.32679,0.25883
1677900,borg_cluster_agg,0.17263,0.36586
1678200,borg_cluster_agg,0.31655,0.44911
1678500,borg_cluster_agg,0.46047,0.53235
1678800,borg_cluster_agg,0.28016,0.32752
1679100,borg_cluster_agg,0.1,0.12268
1679400,borg_cluster_agg,0.10762,0.13802
1679700,borg_cluster_agg,0.13225,0.14077
1680000,borg_cluster_agg,0.15688,0.14352
1680300,borg_cluster_agg,0.13166,0.13821
1680600,borg_cluster_agg,0.10644,0.1329
1680900,borg_cluster_agg,0.10458,0.12872
1681200,borg_cluster_agg,0.10422,0.12703
1681500,borg_cluster_agg,0.10387,0.12533
1681800,borg_cluster_agg,0.10352,0.12364
1682100,borg_cluster_agg,0.10316,0.12194
1682400,borg_cluster_agg,0.10281,0.12024
1682700,borg_cluster_agg,0.10245,0.11855
1683000,borg_cluster_agg,0.1021,0.11685
1683300,borg_cluster_agg,0.10175,0.11515
1683600,borg_cluster_agg,0.10139,0.11346
1683900,borg_cluster_agg,0.10104,0.11176
1684200,borg_cluster_agg,0.10068,0.11007
1684500,borg_cluster_agg,0.11781,0.14339
1684800,borg_cluster_agg,0.13494,0.17671
1685100,borg_cluster_agg,0.48943,0.52494
1685400,borg_cluster_agg,0.84392,0.85
1685700,borg_cluster_agg,0.61042,0.52066
1686000,borg_cluster_agg,0.37692,0.16816
1686300,borg_cluster_agg,0.34353,0.16288
1686600,borg_cluster_agg,0.31014,0.15759
1686900,borg_cluster_agg,0.27675,0.15231
1687200,borg_cluster_agg,0.14718,0.85
1687500,borg_cluster_agg,0.1,0.1
1687800,borg_cluster_agg,0.12351,0.1175
1688100,borg_cluster_agg,0.12525,0.12785
1688400,borg_cluster_agg,0.127,0.13819
1688700,borg_cluster_agg,0.12874,0.14854
1689000,borg_cluster_agg,0.13049,0.15889
1689300,borg_cluster_agg,0.13223,0.16923
1689600,borg_cluster_agg,0.13398,0.17958
1689900,borg_cluster_agg,0.13572,0.18993
1690200,borg_cluster_agg,0.13747,0.20027
1690500,borg_cluster_agg,0.13921,0.21062
1690800,borg_cluster_agg,0.12894,0.20345
1691100,borg_cluster_agg,0.11867,0.19628
1691400,borg_cluster_agg,0.1084,0.18912
1691700,borg_cluster_agg,0.32308,0.13638
1692000,borg_cluster_agg,0.22675,0.1618
1692300,borg_cluster_agg,0.13042,0.18723
1692600,borg_cluster_agg,0.1208,0.23118
1692900,borg_cluster_agg,0.11117,0.27513
1693200,borg_cluster_agg,0.10859,0.2245
1693500,borg_cluster_agg,0.10601,0.17386
1693800,borg_cluster_agg,0.10343,0.12323
1694100,borg_cluster_agg,0.1,0.1
1694400,borg_cluster_agg,0.16027,0.13365
1694700,borg_cluster_agg,0.22309,0.17389
1695000,borg_cluster_agg,0.21824,0.19885
1695300,borg_cluster_agg,0.21338,0.22381
1695600,borg_cluster_agg,0.34112,0.38493
1695900,borg_cluster_agg,0.46886,0.54605
1696200,borg_cluster_agg,0.28448,0.33139
1696500,borg_cluster_agg,0.10011,0.11672
1696800,borg_cluster_agg,0.32119,0.13028
1697100,borg_cluster_agg,0.54227,0.14385
1697400,borg_cluster_agg,0.76334,0.15742
1697700,borg_cluster_agg,0.85,0.17099
1698000,borg_cluster_agg,0.37657,0.1458
1698300,borg_cluster_agg,0.31368,0.14206
1698600,borg_cluster_agg,0.25079,0.13832
1698900,borg_cluster_agg,0.18791,0.13458
1699200,borg_cluster_agg,0.12502,0.13084
1699500,borg_cluster_agg,0.12557,0.13063
1699800,borg_cluster_agg,0.12612,0.13041
1700100,borg_cluster_agg,0.20075,0.30213
1700400,borg_cluster_agg,0.17122,0.24764
1700700,borg_cluster_agg,0.14168,0.19315
1701000,borg_cluster_agg,0.11215,0.13865
1701300,borg_cluster_agg,0.11096,0.12659
1701600,borg_cluster_agg,0.10977,0.11453
1701900,borg_cluster_agg,0.10858,0.10247
1702200,borg_cluster_agg,0.10758,0.1023
1702500,borg_cluster_agg,0.10657,0.10212
1702800,borg_cluster_agg,0.10715,0.10243
1703100,borg_cluster_agg,0.10773,0.10275
1703400,borg_cluster_agg,0.10831,0.10306
1703700,borg_cluster_agg,0.82487,0.48138
1704000,borg_cluster_agg,0.6805,0.45229
1704300,borg_cluster_agg,0.53613,0.4232
1704600,borg_cluster_agg,0.39175,0.3941
1704900,borg_cluster_agg,0.24738,0.36501
1705200,borg_cluster_agg,0.103,0.33592
1705500,borg_cluster_agg,0.78769,0.68909
1705800,borg_cluster_agg,0.35495,0.32442
1706100,borg_cluster_agg,0.22737,0.22355
1706400,borg_cluster_agg,0.1,0.12268
1706700,borg_cluster_agg,0.1,0.10924
1707000,borg_cluster_agg,0.1,0.1
1707300,borg_cluster_agg,0.52966,0.65907
1707600,borg_cluster_agg,0.22746,0.64158
1707900,borg_cluster_agg,0.2343,0.38869
1708200,borg_cluster_agg,0.24114,0.13581
1708500,borg_cluster_agg,0.21376,0.1312
1708800,borg_cluster_agg,0.18638,0.12659
1709100,borg_cluster_agg,0.15899,0.12198
1709400,borg_cluster_agg,0.13161,0.11736
1709700,borg_cluster_agg,0.10423,0.11275
1710000,borg_cluster_agg,0.17657,0.5065
1710300,borg_cluster_agg,0.20452,0.45339
1710600,borg_cluster_agg,0.23247,0.40029
1710900,borg_cluster_agg,0.26042,0.34718
1711200,borg_cluster_agg,0.28837,0.29407
1711500,borg_cluster_agg,0.31631,0.24097
1711800,borg_cluster_agg,0.11421,0.14156
1712100,borg_cluster_agg,0.11157,0.17881
1712400,borg_cluster_agg,0.10893,0.21606
1712700,borg_cluster_agg,0.10629,0.25331
1713000,borg_cluster_agg,0.10559,0.24194
1713300,borg_cluster_agg,0.10489,0.23056
1713600,borg_cluster_agg,0.10419,0.21918
1713900,borg_cluster_agg,0.10349,0.2078
1714200,borg_cluster_agg,0.10278,0.19642
1714500,borg_cluster_agg,0.10208,0.18504
1714800,borg_cluster_agg,0.10138,0.17366
1715100,borg_cluster_agg,0.10068,0.16228
1715400,borg_cluster_agg,0.1,0.1509
1715700,borg_cluster_agg,0.11746,0.15125
1716000,borg_cluster_agg,0.13494,0.15161
1716300,borg_cluster_agg,0.15243,0.15197
1716600,borg_cluster_agg,0.16991,0.15233
1716900,borg_cluster_agg,0.1874,0.15268
1717200,borg_cluster_agg,0.20488,0.15304
1717500,borg_cluster_agg,0.22237,0.1534
1717800,borg_cluster_agg,0.23985,0.15376
1718100,borg_cluster_agg,0.25733,0.15411
1718400,borg_cluster_agg,0.58899,0.44936
1718700,borg_cluster_agg,0.10047,0.11025
1719000,borg_cluster_agg,0.1,0.10696
1719300,borg_cluster_agg,0.1,0.10367
1719600,borg_cluster_agg,0.1,0.10038
1719900,borg_cluster_agg,0.1,0.1
1720200,borg_cluster_agg,0.1,0.1
1720500,borg_cluster_agg,0.30074,0.43743
1720800,borg_cluster_agg,0.21679,0.26882
1721100,borg_cluster_agg,0.13285,0.10021
1721400,borg_cluster_agg,0.11949,0.10128
1721700,borg_cluster_agg,0.10613,0.10235
1722000,borg_cluster_agg,0.1189,0.11947
1722300,borg_cluster_agg,0.13167,0.13658
1722600,borg_cluster_agg,0.12101,0.19463
1722900,borg_cluster_agg,0.11035,0.25269
1723200,borg_cluster_agg,0.24666,0.44798
1723500,borg_cluster_agg,0.38297,0.64328
1723800,borg_cluster_agg,0.51929,0.83857
1724100,borg_cluster_agg,0.6556,0.85
1724400,borg_cluster_agg,0.79192,0.85
1724700,borg_cluster_agg,0.10205,0.1
1725000,borg_cluster_agg,0.10595,0.1
1725300,borg_cluster_agg,0.10985,0.1
1725600,borg_cluster_agg,0.11375,0.1
1725900,borg_cluster_agg,0.11765,0.10042
1726200,borg_cluster_agg,0.12154,0.10135
1726500,borg_cluster_agg,0.12304,0.10769
1726800,borg_cluster_agg,0.12454,0.11403
1727100,borg_cluster_agg,0.12604,0.12038
1727400,borg_cluster_agg,0.12754,0.12672
1727700,borg_cluster_agg,0.12904,0.13306
1728000,borg_cluster_agg,0.3136,0.25655
1728300,borg_cluster_agg,0.49816,0.38003
1728600,borg_cluster_agg,0.80788,0.32456
1728900,borg_cluster_agg,0.85,0.2691
1729200,borg_cluster_agg,0.74576,0.34734
1729500,borg_cluster_agg,0.53795,0.27145
1729800,borg_cluster_agg,0.33014,0.19556
1730100,borg_cluster_agg,0.12233,0.11967
1730400,borg_cluster_agg,0.14685,0.13612
1730700,borg_cluster_agg,0.17137,0.15258
1731000,borg_cluster_agg,0.19589,0.16903
1731300,borg_cluster_agg,0.22041,0.18549
1731600,borg_cluster_agg,0.24493,0.20194
1731900,borg_cluster_agg,0.26945,0.21839
1732200,borg_cluster_agg,0.29397,0.23485
1732500,borg_cluster_agg,0.14764,0.22773
1732800,borg_cluster_agg,0.85,0.85
1733100,borg_cluster_agg,0.85,0.85
1733400,borg_cluster_agg,0.35824,0.15403
1733700,borg_cluster_agg,0.36867,0.45199
1734000,borg_cluster_agg,0.3791,0.74994
1734300,borg_cluster_agg,0.38952,0.85
1734600,borg_cluster_agg,0.39995,0.85
1734900,borg_cluster_agg,0.24877,0.72
1735200,borg_cluster_agg,0.1,0.1
1735500,borg_cluster_agg,0.31235,0.37477
1735800,borg_cluster_agg,0.5271,0.65539
1736100,borg_cluster_agg,0.74186,0.85
1736400,borg_cluster_agg,0.85,0.85
1736700,borg_cluster_agg,0.85,0.85
1737000,borg_cluster_agg,0.63672,0.81478
1737300,borg_cluster_agg,0.10208,0.1323
1737600,borg_cluster_agg,0.55603,0.6327
1737900,borg_cluster_agg,0.68679,0.85
1738200,borg_cluster_agg,0.81755,0.85
1738500,borg_cluster_agg,0.85,0.85
1738800,borg_cluster_agg,0.85,0.85
1739100,borg_cluster_agg,0.85,0.85
1739400,borg_cluster_agg,0.85,0.85
1739700,borg_cluster_agg,0.85,0.85
1740000,borg_cluster_agg,0.85,0.85
1740300,borg_cluster_agg,0.85,0.85
1740600,borg_cluster_agg,0.85,0.65326
1740900,borg_cluster_agg,0.71151,0.44214
1741200,borg_cluster_agg,0.18344,0.23103
1741500,borg_cluster_agg,0.11946,0.12296
1741800,borg_cluster_agg,0.12749,0.11267
1742100,borg_cluster_agg,0.12297,0.10994
1742400,borg_cluster_agg,0.11844,0.10721
1742700,borg_cluster_agg,0.11392,0.10447
1743000,borg_cluster_agg,0.11886,0.13692
1743300,borg_cluster_agg,0.1238,0.16936
1743600,borg_cluster_agg,0.17711,0.16366
1743900,borg_cluster_agg,0.23041,0.15796
1744200,borg_cluster_agg,0.20845,0.15351
1744500,borg_cluster_agg,0.18648,0.14905
1744800,borg_cluster_agg,0.16452,0.1446
1745100,borg_cluster_agg,0.14255,0.14014
1745400,borg_cluster_agg,0.18417,0.30056
1745700,borg_cluster_agg,0.19731,0.2076
1746000,borg_cluster_agg,0.21045,0.11464
1746300,borg_cluster_agg,0.18425,0.11179
1746600,borg_cluster_agg,0.15804,0.10895
1746900,borg_cluster_agg,0.13184,0.1061
1747200,borg_cluster_agg,0.10563,0.10326
1747500,borg_cluster_agg,0.13311,0.12015
1747800,borg_cluster_agg,0.1606,0.13705
1748100,borg_cluster_agg,0.18808,0.15394
1748400,borg_cluster_agg,0.21556,0.17083
1748700,borg_cluster_agg,0.24304,0.18773
1749000,borg_cluster_agg,0.27053,0.20462
1749300,borg_cluster_agg,0.22726,0.17682
1749600,borg_cluster_agg,0.18399,0.14901
1749900,borg_cluster_agg,0.14072,0.12121
1750200,borg_cluster_agg,0.1,0.1
1750500,borg_cluster_agg,0.1,0.12249
1750800,borg_cluster_agg,0.10132,0.15156
1751100,borg_cluster_agg,0.10325,0.18064
1751400,borg_cluster_agg,0.22287,0.23919
1751700,borg_cluster_agg,0.34249,0.29774
1752000,borg_cluster_agg,0.48424,0.33823
1752300,borg_cluster_agg,0.52722,0.32327
1752600,borg_cluster_agg,0.57019,0.3083
1752900,borg_cluster_agg,0.61317,0.29334
1753200,borg_cluster_agg,0.56226,0.27399
1753500,borg_cluster_agg,0.51135,0.25464
1753800,borg_cluster_agg,0.46044,0.23529
1754100,borg_cluster_agg,0.40953,0.21594
1754400,borg_cluster_agg,0.35862,0.19659
1754700,borg_cluster_agg,0.30771,0.17724
1755000,borg_cluster_agg,0.2568,0.15789
1755300,borg_cluster_agg,0.20589,0.13854
1755600,borg_cluster_agg,0.15498,0.11919
1755900,borg_cluster_agg,0.10407,0.1
1756200,borg_cluster_agg,0.45275,0.52983
1756500,borg_cluster_agg,0.80143,0.85
1756800,borg_cluster_agg,0.56825,0.67296
1757100,borg_cluster_agg,0.33506,0.38611
1757400,borg_cluster_agg,0.10188,0.1
1757700,borg_cluster_agg,0.17347,0.16993
1758000,borg_cluster_agg,0.24506,0.2406
1758300,borg_cluster_agg,0.35366,0.1985
1758600,borg_cluster_agg,0.46226,0.15639
1758900,borg_cluster_agg,0.38175,0.18294
1759200,borg_cluster_agg,0.30124,0.20948
1759500,borg_cluster_agg,0.22073,0.23603
1759800,borg_cluster_agg,0.14022,0.26258
1760100,borg_cluster_agg,0.27382,0.13959
1760400,borg_cluster_agg,0.44483,0.41414
1760700,borg_cluster_agg,0.61584,0.68869
1761000,borg_cluster_agg,0.78685,0.85
1761300,borg_cluster_agg,0.85,0.85
1761600,borg_cluster_agg,0.85,0.85
1761900,borg_cluster_agg,0.85,0.85
1762200,borg_cluster_agg,0.57779,0.60334
1762500,borg_cluster_agg,0.30224,0.14884
1762800,borg_cluster_agg,0.1,0.12052
1763100,borg_cluster_agg,0.39178,0.31092
1763400,borg_cluster_agg,0.36483,0.27982
1763700,borg_cluster_agg,0.33787,0.24872
1764000,borg_cluster_agg,0.31091,0.21763
1764300,borg_cluster_agg,0.28396,0.18653
1764600,borg_cluster_agg,0.257,0.15543
1764900,borg_cluster_agg,0.23005,0.12433
1765200,borg_cluster_agg,0.21526,0.12647
1765500,borg_cluster_agg,0.20047,0.12862
1765800,borg_cluster_agg,0.18567,0.13076
1766100,borg_cluster_agg,0.17088,0.1329
1766400,borg_cluster_agg,0.15609,0.13505
1766700,borg_cluster_agg,0.1413,0.13719
1767000,borg_cluster_agg,0.12651,0.13933
1767300,borg_cluster_agg,0.11172,0.14148
1767600,borg_cluster_agg,0.11912,0.13935
1767900,borg_cluster_agg,0.12653,0.13722
1768200,borg_cluster_agg,0.13393,0.13509
1768500,borg_cluster_agg,0.14133,0.13296
1768800,borg_cluster_agg,0.12746,0.13103
1769100,borg_cluster_agg,0.11359,0.12909
1769400,borg_cluster_agg,0.1,0.12715
1769700,borg_cluster_agg,0.13268,0.16947
1770000,borg_cluster_agg,0.16564,0.21179
1770300,borg_cluster_agg,0.19859,0.2541
1770600,borg_cluster_agg,0.23155,0.29642
1770900,borg_cluster_agg,0.2645,0.33874
1771200,borg_cluster_agg,0.29746,0.38105
1771500,borg_cluster_agg,0.33041,0.42337
1771800,borg_cluster_agg,0.36337,0.46569
1772100,borg_cluster_agg,0.38608,0.45439
1772400,borg_cluster_agg,0.40879,0.44308
1772700,borg_cluster_agg,0.3531,0.37891
1773000,borg_cluster_agg,0.29741,0.31474
1773300,borg_cluster_agg,0.24171,0.25056
1773600,borg_cluster_agg,0.18602,0.18639
1773900,borg_cluster_agg,0.13033,0.12221
1774200,borg_cluster_agg,0.11744,0.11232
1774500,borg_cluster_agg,0.10455,0.10243
1774800,borg_cluster_agg,0.10364,0.16791
1775100,borg_cluster_agg,0.10272,0.23338
1775400,borg_cluster_agg,0.10268,0.11978
1775700,borg_cluster_agg,0.11828,0.14617
1776000,borg_cluster_agg,0.13389,0.17255
1776300,borg_cluster_agg,0.1495,0.19894
1776600,borg_cluster_agg,0.1651,0.22533
1776900,borg_cluster_agg,0.18071,0.25172
1777200,borg_cluster_agg,0.19632,0.2781
1777500,borg_cluster_agg,0.21192,0.30449
1777800,borg_cluster_agg,0.22753,0.33088
1778100,borg_cluster_agg,0.24314,0.35727
1778400,borg_cluster_agg,0.25874,0.38365
1778700,borg_cluster_agg,0.27435,0.41004
1779000,borg_cluster_agg,0.28996,0.43643
1779300,borg_cluster_agg,0.30556,0.46282
1779600,borg_cluster_agg,0.33562,0.38348
1779900,borg_cluster_agg,0.36568,0.30414
1780200,borg_cluster_agg,0.39574,0.2248
1780500,borg_cluster_agg,0.4258,0.14547
1780800,borg_cluster_agg,0.14118,0.1
1781100,borg_cluster_agg,0.23865,0.15765
1781400,borg_cluster_agg,0.20384,0.1417
1781700,borg_cluster_agg,0.16903,0.12576
1782000,borg_cluster_agg,0.13422,0.10982
1782300,borg_cluster_agg,0.1,0.1
1782600,borg_cluster_agg,0.40638,0.20901
1782900,borg_cluster_agg,0.35139,0.21776
1783200,borg_cluster_agg,0.2964,0.22651
1783500,borg_cluster_agg,0.2414,0.23526
1783800,borg_cluster_agg,0.12566,0.19116
1784100,borg_cluster_agg,0.22872,0.14765
1784400,borg_cluster_agg,0.39853,0.30352
1784700,borg_cluster_agg,0.56833,0.45939
1785000,borg_cluster_agg,0.73814,0.61526
1785300,borg_cluster_agg,0.85,0.77113
1785600,borg_cluster_agg,0.85,0.85
1785900,borg_cluster_agg,0.85,0.85
1786200,borg_cluster_agg,0.22096,0.18639
1786500,borg_cluster_agg,0.3348,0.19288
1786800,borg_cluster_agg,0.27929,0.18788
1787100,borg_cluster_agg,0.22379,0.18288
1787400,borg_cluster_agg,0.16828,0.17787
1787700,borg_cluster_agg,0.11277,0.17287
1788000,borg_cluster_agg,0.10041,0.11742
1788300,borg_cluster_agg,0.13336,0.11949
1788600,borg_cluster_agg,0.16631,0.12155
1788900,borg_cluster_agg,0.11012,0.10082
1789200,borg_cluster_agg,0.52473,0.82691
1789500,borg_cluster_agg,0.31772,0.51547
1789800,borg_cluster_agg,0.11071,0.20404
1790100,borg_cluster_agg,0.10325,0.13889
1790400,borg_cluster_agg,0.4798,0.3307
1790700,borg_cluster_agg,0.85,0.52251
1791000,borg_cluster_agg,0.85,0.71432
1791300,borg_cluster_agg,0.85,0.57103
1791600,borg_cluster_agg,0.79154,0.42774
1791900,borg_cluster_agg,0.57086,0.28445
1792200,borg_cluster_agg,0.35018,0.14116
1792500,borg_cluster_agg,0.26845,0.12824
1792800,borg_cluster_agg,0.18671,0.11532
1793100,borg_cluster_agg,0.10497,0.10239
1793400,borg_cluster_agg,0.10027,0.1
1793700,borg_cluster_agg,0.15277,0.11466
1794000,borg_cluster_agg,0.20527,0.13587
1794300,borg_cluster_agg,0.25776,0.15708
1794600,borg_cluster_agg,0.31026,0.17829
1794900,borg_cluster_agg,0.10105,0.11315
1795200,borg_cluster_agg,0.1222,0.18951
1795500,borg_cluster_agg,0.14334,0.26587
1795800,borg_cluster_agg,0.16449,0.34224
1796100,borg_cluster_agg,0.18564,0.4186
1796400,borg_cluster_agg,0.29074,0.34409
1796700,borg_cluster_agg,0.39584,0.26959
1797000,borg_cluster_agg,0.50094,0.19509
1797300,borg_cluster_agg,0.42091,0.17483
1797600,borg_cluster_agg,0.34089,0.15457
1797900,borg_cluster_agg,0.26086,0.13431
1798200,borg_cluster_agg,0.18083,0.11406
1798500,borg_cluster_agg,0.1008,0.1
1798800,borg_cluster_agg,0.10032,0.1
1799100,borg_cluster_agg,0.1,0.1
1799400,borg_cluster_agg,0.1,0.1
1799700,borg_cluster_agg,0.1,0.1
1800000,borg_cluster_agg,0.1,0.1
1800300,borg_cluster_agg,0.1,0.1
1800600,borg_cluster_agg,0.1,0.1
1800900,borg_cluster_agg,0.1,0.1
1801200,borg_cluster_agg,0.10072,0.1
1801500,borg_cluster_agg,0.10236,0.1007
1801800,borg_cluster_agg,0.10399,0.10313
1802100,borg_cluster_agg,0.10563,0.10556
1802400,borg_cluster_agg,0.10726,0.10799
1802700,borg_cluster_agg,0.10889,0.11043
1803000,borg_cluster_agg,0.10774,0.10779
1803300,borg_cluster_agg,0.10658,0.10515
1803600,borg_cluster_agg,0.10542,0.10251
1803900,borg_cluster_agg,0.13388,0.1435
1804200,borg_cluster_agg,0.16235,0.18449
1804500,borg_cluster_agg,0.19081,0.22548
1804800,borg_cluster_agg,0.21927,0.26647
1805100,borg_cluster_agg,0.23041,0.22177
1805400,borg_cluster_agg,0.12419,0.13975
1805700,borg_cluster_agg,0.18329,0.15375
1806000,borg_cluster_agg,0.24238,0.16774
1806300,borg_cluster_agg,0.30147,0.18174
1806600,borg_cluster_agg,0.21952,0.22404
1806900,borg_cluster_agg,0.13756,0.26634
1807200,borg_cluster_agg,0.13143,0.24865
1807500,borg_cluster_agg,0.12529,0.23095
1807800,borg_cluster_agg,0.11916,0.21325
1808100,borg_cluster_agg,0.11302,0.19555
1808400,borg_cluster_agg,0.26782,0.2419
1808700,borg_cluster_agg,0.42261,0.28825
1809000,borg_cluster_agg,0.10091,0.10035
1809300,borg_cluster_agg,0.82514,0.16177
1809600,borg_cluster_agg,0.85,0.22318
1809900,borg_cluster_agg,0.84822,0.21957
1810200,borg_cluster_agg,0.14709,0.21596
1810500,borg_cluster_agg,0.12367,0.18507
1810800,borg_cluster_agg,0.10025,0.15419
1811100,borg_cluster_agg,0.38363,0.16713
1811400,borg_cluster_agg,0.66701,0.18006
1811700,borg_cluster_agg,0.10334,0.13724
1812000,borg_cluster_agg,0.10355,0.1
1812300,borg_cluster_agg,0.19397,0.40133
1812600,borg_cluster_agg,0.11884,0.13826
1812900,borg_cluster_agg,0.11408,0.25583
1813200,borg_cluster_agg,0.10932,0.37339
1813500,borg_cluster_agg,0.12362,0.12325
1813800,borg_cluster_agg,0.1,0.1
1814100,borg_cluster_agg,0.11506,0.85
1814400,borg_cluster_agg,0.11224,0.85
1814700,borg_cluster_agg,0.10942,0.85
1815000,borg_cluster_agg,0.1066,0.58033
1815300,borg_cluster_agg,0.10378,0.12233
1815600,borg_cluster_agg,0.1011,0.14837
1815900,borg_cluster_agg,0.10657,0.1144
1816200,borg_cluster_agg,0.15585,0.15498
1816500,borg_cluster_agg,0.20514,0.19555
1816800,borg_cluster_agg,0.1513,0.1445
1817100,borg_cluster_agg,0.1,0.1
1817400,borg_cluster_agg,0.44981,0.44377
1817700,borg_cluster_agg,0.80216,0.7941
1818000,borg_cluster_agg,0.85,0.85
1818300,borg_cluster_agg,0.85,0.85
1818600,borg_cluster_agg,0.84226,0.84895
1818900,borg_cluster_agg,0.17764,0.20316
1819200,borg_cluster_agg,0.47545,0.64212
1819500,borg_cluster_agg,0.35338,0.46063
1819800,borg_cluster_agg,0.23131,0.27914
1820100,borg_cluster_agg,0.10925,0.1
1820400,borg_cluster_agg,0.85,0.85
1820700,borg_cluster_agg,0.85,0.85
1821000,borg_cluster_agg,0.85,0.85
1821300,borg_cluster_agg,0.85,0.85
1821600,borg_cluster_agg,0.85,0.85
1821900,borg_cluster_agg,0.85,0.85
1822200,borg_cluster_agg,0.85,0.85
1822500,borg_cluster_agg,0.85,0.85
1822800,borg_cluster_agg,0.10188,0.1
1823100,borg_cluster_agg,0.21504,0.16124
1823400,borg_cluster_agg,0.32821,0.22867
1823700,borg_cluster_agg,0.21777,0.17642
1824000,borg_cluster_agg,0.10732,0.12417
1824300,borg_cluster_agg,0.10867,0.12322
1824600,borg_cluster_agg,0.11002,0.12228
1824900,borg_cluster_agg,0.11136,0.12133
1825200,borg_cluster_agg,0.11271,0.12038
1825500,borg_cluster_agg,0.11406,0.11943
1825800,borg_cluster_agg,0.1154,0.11848
1826100,borg_cluster_agg,0.23147,0.2189
1826400,borg_cluster_agg,0.34754,0.31933
1826700,borg_cluster_agg,0.10549,0.12303
1827000,borg_cluster_agg,0.11514,0.11322
1827300,borg_cluster_agg,0.12479,0.10341
1827600,borg_cluster_agg,0.12323,0.13269
1827900,borg_cluster_agg,0.12167,0.16196
1828200,borg_cluster_agg,0.1201,0.19124
1828500,borg_cluster_agg,0.11854,0.22051
1828800,borg_cluster_agg,0.15593,0.22161
1829100,borg_cluster_agg,0.19332,0.22271
1829400,borg_cluster_agg,0.23072,0.22381
1829700,borg_cluster_agg,0.26811,0.2249
1830000,borg_cluster_agg,0.3055,0.226
1830300,borg_cluster_agg,0.25573,0.23789
1830600,borg_cluster_agg,0.20595,0.24978
1830900,borg_cluster_agg,0.15618,0.26167
1831200,borg_cluster_agg,0.10641,0.27356
1831500,borg_cluster_agg,0.2306,0.22286
1831800,borg_cluster_agg,0.10027,0.1
1832100,borg_cluster_agg,0.13326,0.18221
1832400,borg_cluster_agg,0.12552,0.17658
1832700,borg_cluster_agg,0.11777,0.17095
1833000,borg_cluster_agg,0.11003,0.16532
1833300,borg_cluster_agg,0.10229,0.15969
1833600,borg_cluster_agg,0.34344,0.1744
1833900,borg_cluster_agg,0.5846,0.18912
1834200,borg_cluster_agg,0.45384,0.16475
1834500,borg_cluster_agg,0.32308,0.14038
1834800,borg_cluster_agg,0.28325,0.1287
1835100,borg_cluster_agg,0.24342,0.11702
1835400,borg_cluster_agg,0.20359,0.10535
1835700,borg_cluster_agg,0.4879,0.15804
1836000,borg_cluster_agg,0.42283,0.14791
1836300,borg_cluster_agg,0.35775,0.13778
1836600,borg_cluster_agg,0.29268,0.12765
1836900,borg_cluster_agg,0.22761,0.11751
1837200,borg_cluster_agg,0.16253,0.10738
1837500,borg_cluster_agg,0.1,0.1
1837800,borg_cluster_agg,0.56121,0.22835
1838100,borg_cluster_agg,0.85,0.35945
1838400,borg_cluster_agg,0.85,0.49054
1838700,borg_cluster_agg,0.85,0.41372
1839000,borg_cluster_agg,0.85,0.3369
1839300,borg_cluster_agg,0.68476,0.26008
1839600,borg_cluster_agg,0.41677,0.18326
1839900,borg_cluster_agg,0.14878,0.10644
1840200,borg_cluster_agg,0.2189,0.11974
1840500,borg_cluster_agg,0.28902,0.13304
1840800,borg_cluster_agg,0.85,0.80913
1841100,borg_cluster_agg,0.54651,0.31751
1841400,borg_cluster_agg,0.46343,0.27427
1841700,borg_cluster_agg,0.38035,0.23103
1842000,borg_cluster_agg,0.29727,0.18778
1842300,borg_cluster_agg,0.21419,0.14454
1842600,borg_cluster_agg,0.13111,0.10129
1842900,borg_cluster_agg,0.50915,0.30841
1843200,borg_cluster_agg,0.39441,0.29507
1843500,borg_cluster_agg,0.27968,0.28173
1843800,borg_cluster_agg,0.1951,0.34152
1844100,borg_cluster_agg,0.11051,0.40131
1844400,borg_cluster_agg,0.10206,0.11142
1844700,borg_cluster_agg,0.16299,0.13893
1845000,borg_cluster_agg,0.22392,0.16644
1845300,borg_cluster_agg,0.28486,0.19394
1845600,borg_cluster_agg,0.34579,0.22145
1845900,borg_cluster_agg,0.27308,0.14791
1846200,borg_cluster_agg,0.2724,0.20605
1846500,borg_cluster_agg,0.27172,0.26418
1846800,borg_cluster_agg,0.27104,0.32231
1847100,borg_cluster_agg,0.27036,0.38044
1847400,borg_cluster_agg,0.26968,0.43858
1847700,borg_cluster_agg,0.269,0.49671
1848000,borg_cluster_agg,0.26832,0.55484
1848300,borg_cluster_agg,0.30828,0.55334
1848600,borg_cluster_agg,0.34824,0.55183
1848900,borg_cluster_agg,0.3882,0.55032
1849200,borg_cluster_agg,0.42816,0.54882
1849500,borg_cluster_agg,0.46812,0.54731
1849800,borg_cluster_agg,0.18316,0.22789
1850100,borg_cluster_agg,0.16174,0.19427
1850400,borg_cluster_agg,0.14031,0.16065
1850700,borg_cluster_agg,0.11888,0.12703
1851000,borg_cluster_agg,0.1,0.1
1851300,borg_cluster_agg,0.10405,0.42174
1851600,borg_cluster_agg,0.1464,0.23649
1851900,borg_cluster_agg,0.13864,0.53097
1852200,borg_cluster_agg,0.13088,0.82545
1852500,borg_cluster_agg,0.12989,0.77048
1852800,borg_cluster_agg,0.12891,0.71551
1853100,borg_cluster_agg,0.12792,0.66054
1853400,borg_cluster_agg,0.12693,0.60557
1853700,borg_cluster_agg,0.12595,0.5506
1854000,borg_cluster_agg,0.12496,0.49563
1854300,borg_cluster_agg,0.12398,0.44066
1854600,borg_cluster_agg,0.12299,0.38569
1854900,borg_cluster_agg,0.122,0.33072
1855200,borg_cluster_agg,0.12102,0.27575
1855500,borg_cluster_agg,0.12003,0.22078
1855800,borg_cluster_agg,0.11904,0.16581
1856100,borg_cluster_agg,0.16563,0.21899
1856400,borg_cluster_agg,0.21221,0.27218
1856700,borg_cluster_agg,0.2588,0.32536
1857000,borg_cluster_agg,0.28783,0.30525
1857300,borg_cluster_agg,0.31686,0.28515
1857600,borg_cluster_agg,0.34589,0.26504
1857900,borg_cluster_agg,0.37492,0.24493
1858200,borg_cluster_agg,0.40395,0.22482
1858500,borg_cluster_agg,0.43298,0.20472
1858800,borg_cluster_agg,0.46201,0.18461
1859100,borg_cluster_agg,0.49105,0.1645
1859400,borg_cluster_agg,0.52008,0.14439
1859700,borg_cluster_agg,0.38036,0.13285
1860000,borg_cluster_agg,0.24063,0.12131
1860300,borg_cluster_agg,0.10091,0.10977
1860600,borg_cluster_agg,0.1,0.11633
1860900,borg_cluster_agg,0.59632,0.15419
1861200,borg_cluster_agg,0.51318,0.14406
1861500,borg_cluster_agg,0.43003,0.13393
1861800,borg_cluster_agg,0.34689,0.1238
1862100,borg_cluster_agg,0.26374,0.11367
1862400,borg_cluster_agg,0.1806,0.10354
1862700,borg_cluster_agg,0.1,0.1
1863000,borg_cluster_agg,0.13637,0.1176
1863300,borg_cluster_agg,0.17529,0.14179
1863600,borg_cluster_agg,0.85,0.66849
1863900,borg_cluster_agg,0.72365,0.5603
1864200,borg_cluster_agg,0.5748,0.45211
1864500,borg_cluster_agg,0.42596,0.34392
1864800,borg_cluster_agg,0.27711,0.23573
1865100,borg_cluster_agg,0.26578,0.22634
1865400,borg_cluster_agg,0.25445,0.21694
1865700,borg_cluster_agg,0.24312,0.20754
1866000,borg_cluster_agg,0.23179,0.19814
1866300,borg_cluster_agg,0.22046,0.18874
1866600,borg_cluster_agg,0.20912,0.17935
1866900,borg_cluster_agg,0.19779,0.16995
1867200,borg_cluster_agg,0.18646,0.16055
1867500,borg_cluster_agg,0.17513,0.15115
1867800,borg_cluster_agg,0.1638,0.14175
1868100,borg_cluster_agg,0.15247,0.13235
1868400,borg_cluster_agg,0.14113,0.12296
1868700,borg_cluster_agg,0.13117,0.12107
1869000,borg_cluster_agg,0.1212,0.11919
1869300,borg_cluster_agg,0.11123,0.11731
1869600,borg_cluster_agg,0.10126,0.11542
1869900,borg_cluster_agg,0.20722,0.22902
1870200,borg_cluster_agg,0.31319,0.34263
1870500,borg_cluster_agg,0.32568,0.2783
1870800,borg_cluster_agg,0.33817,0.21398
1871100,borg_cluster_agg,0.35066,0.14966
1871400,borg_cluster_agg,0.3407,0.18422
1871700,borg_cluster_agg,0.33073,0.21878
1872000,borg_cluster_agg,0.32076,0.25334
1872300,borg_cluster_agg,0.3108,0.2879
1872600,borg_cluster_agg,0.30083,0.32246
1872900,borg_cluster_agg,0.57421,0.35515
1873200,borg_cluster_agg,0.84758,0.38783
1873500,borg_cluster_agg,0.7117,0.32895
1873800,borg_cluster_agg,0.57581,0.27007
1874100,borg_cluster_agg,0.43992,0.21119
1874400,borg_cluster_agg,0.30403,0.15231
1874700,borg_cluster_agg,0.11859,0.12849
1875000,borg_cluster_agg,0.6871,0.12422
1875300,borg_cluster_agg,0.56849,0.1245
1875600,borg_cluster_agg,0.44988,0.12479
1875900,borg_cluster_agg,0.33126,0.12507
1876200,borg_cluster_agg,0.21265,0.12535
1876500,borg_cluster_agg,0.16471,0.13518
1876800,borg_cluster_agg,0.11678,0.14501
1877100,borg_cluster_agg,0.38629,0.13646
1877400,borg_cluster_agg,0.24832,0.13134
1877700,borg_cluster_agg,0.11035,0.12621
1878000,borg_cluster_agg,0.14653,0.19284
1878300,borg_cluster_agg,0.18272,0.25946
1878600,borg_cluster_agg,0.21891,0.32609
1878900,borg_cluster_agg,0.2551,0.39271
1879200,borg_cluster_agg,0.29129,0.45934
1879500,borg_cluster_agg,0.32748,0.52596
1879800,borg_cluster_agg,0.21339,0.32715
1880100,borg_cluster_agg,0.1,0.12833
1880400,borg_cluster_agg,0.15964,0.13318
1880700,borg_cluster_agg,0.21998,0.13802
1881000,borg_cluster_agg,0.1654,0.11878
1881300,borg_cluster_agg,0.11083,0.1
1881600,borg_cluster_agg,0.10816,0.1038
1881900,borg_cluster_agg,0.1055,0.10806
1882200,borg_cluster_agg,0.10284,0.11233
1882500,borg_cluster_agg,0.10018,0.1166
1882800,borg_cluster_agg,0.1,0.1
1883100,borg_cluster_agg,0.1,0.10465
1883400,borg_cluster_agg,0.10062,0.11554
1883700,borg_cluster_agg,0.10143,0.12644
1884000,borg_cluster_agg,0.10225,0.13733
1884300,borg_cluster_agg,0.10306,0.14822
1884600,borg_cluster_agg,0.10387,0.15911
1884900,borg_cluster_agg,0.10469,0.17
1885200,borg_cluster_agg,0.1055,0.18089
1885500,borg_cluster_agg,0.10632,0.19178
1885800,borg_cluster_agg,0.24159,0.13379
1886100,borg_cluster_agg,0.34689,0.39071
1886400,borg_cluster_agg,0.45219,0.64764
1886700,borg_cluster_agg,0.55749,0.85
1887000,borg_cluster_agg,0.5292,0.71791
1887300,borg_cluster_agg,0.50091,0.53126
1887600,borg_cluster_agg,0.47261,0.34461
1887900,borg_cluster_agg,0.44432,0.15796
1888200,borg_cluster_agg,0.32064,0.20552
1888500,borg_cluster_agg,0.19697,0.25308
1888800,borg_cluster_agg,0.23852,0.39385
1889100,borg_cluster_agg,0.28007,0.53462
1889400,borg_cluster_agg,0.32162,0.67539
1889700,borg_cluster_agg,0.23188,0.19412
1890000,borg_cluster_agg,0.13798,0.1279
1890300,borg_cluster_agg,0.1,0.1
1890600,borg_cluster_agg,0.33786,0.48771
1890900,borg_cluster_agg,0.57801,0.85
1891200,borg_cluster_agg,0.37559,0.50128
1891500,borg_cluster_agg,0.17318,0.1206
1891800,borg_cluster_agg,0.14886,0.29836
1892100,borg_cluster_agg,0.12454,0.47612
1892400,borg_cluster_agg,0.11257,0.28782
1892700,borg_cluster_agg,0.10059,0.1
1893000,borg_cluster_agg,0.1065,0.10334
1893300,borg_cluster_agg,0.1124,0.10714
1893600,borg_cluster_agg,0.1183,0.11095
1893900,borg_cluster_agg,0.1242,0.11475
1894200,borg_cluster_agg,0.1301,0.11856
1894500,borg_cluster_agg,0.13601,0.12237
1894800,borg_cluster_agg,0.11925,0.14022
1895100,borg_cluster_agg,0.16668,0.13873
1895400,borg_cluster_agg,0.21411,0.13724
1895700,borg_cluster_agg,0.12488,0.26383
1896000,borg_cluster_agg,0.11915,0.21364
1896300,borg_cluster_agg,0.11341,0.16345
1896600,borg_cluster_agg,0.10929,0.20854
1896900,borg_cluster_agg,0.10517,0.25363
1897200,borg_cluster_agg,0.12229,0.12069
1897500,borg_cluster_agg,0.85,0.85
1897800,borg_cluster_agg,0.85,0.85
1898100,borg_cluster_agg,0.55193,0.67699
1898400,borg_cluster_agg,0.10419,0.12903
1898700,borg_cluster_agg,0.10496,0.13271
1899000,borg_cluster_agg,0.10573,0.1364
1899300,borg_cluster_agg,0.1065,0.14009
1899600,borg_cluster_agg,0.10727,0.14377
1899900,borg_cluster_agg,0.10805,0.14746
1900200,borg_cluster_agg,0.10882,0.15115
1900500,borg_cluster_agg,0.10959,0.15483
1900800,borg_cluster_agg,0.11036,0.15852
1901100,borg_cluster_agg,0.11113,0.16221
1901400,borg_cluster_agg,0.1119,0.16589
1901700,borg_cluster_agg,0.11268,0.16958
1902000,borg_cluster_agg,0.11345,0.17327
1902300,borg_cluster_agg,0.11422,0.17695
1902600,borg_cluster_agg,0.11499,0.18064
1902900,borg_cluster_agg,0.10706,0.10249
1903200,borg_cluster_agg,0.14909,0.12644
1903500,borg_cluster_agg,0.19112,0.15039
1903800,borg_cluster_agg,0.23316,0.17434
1904100,borg_cluster_agg,0.27519,0.19829
1904400,borg_cluster_agg,0.31722,0.22224
1904700,borg_cluster_agg,0.70587,0.19658
1905000,borg_cluster_agg,0.85,0.17092
1905300,borg_cluster_agg,0.85,0.18226
1905600,borg_cluster_agg,0.63344,0.1936
1905900,borg_cluster_agg,0.4029,0.20493
1906200,borg_cluster_agg,0.17236,0.21627
1906500,borg_cluster_agg,0.23637,0.17075
1906800,borg_cluster_agg,0.30037,0.12523
1907100,borg_cluster_agg,0.24525,0.1673
1907400,borg_cluster_agg,0.19012,0.20936
1907700,borg_cluster_agg,0.14614,0.15437
1908000,borg_cluster_agg,0.10215,0.1
1908300,borg_cluster_agg,0.10303,0.11179
1908600,borg_cluster_agg,0.10391,0.12421
1908900,borg_cluster_agg,0.12416,0.12535
1909200,borg_cluster_agg,0.14442,0.12649
1909500,borg_cluster_agg,0.16467,0.12763
1909800,borg_cluster_agg,0.1068,0.14988
1910100,borg_cluster_agg,0.85,0.85
1910400,borg_cluster_agg,0.85,0.85
1910700,borg_cluster_agg,0.84445,0.85
1911000,borg_cluster_agg,0.72201,0.85
1911300,borg_cluster_agg,0.59957,0.85
1911600,borg_cluster_agg,0.47713,0.85
1911900,borg_cluster_agg,0.35469,0.64588
1912200,borg_cluster_agg,0.23226,0.39474
1912500,borg_cluster_agg,0.10982,0.1436
1912800,borg_cluster_agg,0.47344,0.16426
1913100,borg_cluster_agg,0.83705,0.18493
1913400,borg_cluster_agg,0.85,0.2056
1913700,borg_cluster_agg,0.11133,0.1575
1914000,borg_cluster_agg,0.11025,0.13328
1914300,borg_cluster_agg,0.10468,0.11387
1914600,borg_cluster_agg,0.1,0.1
1914900,borg_cluster_agg,0.10024,0.1
1915200,borg_cluster_agg,0.10137,0.1
1915500,borg_cluster_agg,0.1025,0.1
1915800,borg_cluster_agg,0.10363,0.1009
1916100,borg_cluster_agg,0.10476,0.10251
1916400,borg_cluster_agg,0.10708,0.20185
1916700,borg_cluster_agg,0.10941,0.30119
1917000,borg_cluster_agg,0.85,0.85
1917300,borg_cluster_agg,0.85,0.85
1917600,borg_cluster_agg,0.28719,0.14352
1917900,borg_cluster_agg,0.22526,0.21402
1918200,borg_cluster_agg,0.16334,0.28452
1918500,borg_cluster_agg,0.10142,0.35503
1918800,borg_cluster_agg,0.18179,0.38972
1919100,borg_cluster_agg,0.33338,0.41828
1919400,borg_cluster_agg,0.48497,0.44685
1919700,borg_cluster_agg,0.4003,0.37214
1920000,borg_cluster_agg,0.31562,0.29742
1920300,borg_cluster_agg,0.23094,0.22271
1920600,borg_cluster_agg,0.14626,0.14799
1920900,borg_cluster_agg,0.185,0.14667
1921200,borg_cluster_agg,0.22373,0.14535
1921500,borg_cluster_agg,0.26246,0.14404
1921800,borg_cluster_agg,0.3012,0.14272
1922100,borg_cluster_agg,0.33993,0.1414
1922400,borg_cluster_agg,0.3101,0.18623
1922700,borg_cluster_agg,0.28026,0.23106
1923000,borg_cluster_agg,0.25043,0.27589
1923300,borg_cluster_agg,0.2206,0.32072
1923600,borg_cluster_agg,0.19076,0.36554
1923900,borg_cluster_agg,0.17004,0.3712
1924200,borg_cluster_agg,0.14932,0.37685
1924500,borg_cluster_agg,0.1286,0.3825
1924800,borg_cluster_agg,0.10787,0.38815
1925100,borg_cluster_agg,0.1046,0.10283
1925400,borg_cluster_agg,0.15887,0.10739
1925700,borg_cluster_agg,0.21314,0.11196
1926000,borg_cluster_agg,0.26741,0.11652
1926300,borg_cluster_agg,0.61477,0.25034
1926600,borg_cluster_agg,0.10657,0.25912
1926900,borg_cluster_agg,0.12157,0.25923
1927200,borg_cluster_agg,0.13657,0.25933
1927500,borg_cluster_agg,0.15157,0.25944
1927800,borg_cluster_agg,0.18804,0.23238
1928100,borg_cluster_agg,0.22451,0.20532
1928400,borg_cluster_agg,0.26097,0.17827
1928700,borg_cluster_agg,0.29744,0.15121
1929000,borg_cluster_agg,0.31099,0.15003
1929300,borg_cluster_agg,0.32455,0.14886
1929600,borg_cluster_agg,0.3381,0.14768
1929900,borg_cluster_agg,0.35165,0.1465
1930200,borg_cluster_agg,0.3652,0.14532
1930500,borg_cluster_agg,0.32978,0.14755
1930800,borg_cluster_agg,0.29436,0.14977
1931100,borg_cluster_agg,0.25894,0.15199
1931400,borg_cluster_agg,0.22352,0.15422
1931700,borg_cluster_agg,0.18809,0.15644
1932000,borg_cluster_agg,0.15267,0.15867
1932300,borg_cluster_agg,0.12506,0.12629
1932600,borg_cluster_agg,0.1,0.1
1932900,borg_cluster_agg,0.10028,0.1
1933200,borg_cluster_agg,0.10059,0.11056
1933500,borg_cluster_agg,0.10089,0.12675
1933800,borg_cluster_agg,0.1012,0.14293
1934100,borg_cluster_agg,0.1015,0.15912
1934400,borg_cluster_agg,0.10181,0.1753
1934700,borg_cluster_agg,0.1016,0.15434
1935000,borg_cluster_agg,0.10139,0.13337
1935300,borg_cluster_agg,0.10119,0.1124
1935600,borg_cluster_agg,0.12658,0.12511
1935900,borg_cluster_agg,0.33956,0.12978
1936200,borg_cluster_agg,0.26127,0.12753
1936500,borg_cluster_agg,0.18298,0.12528
1936800,borg_cluster_agg,0.10469,0.12303
1937100,borg_cluster_agg,0.13653,0.13071
1937400,borg_cluster_agg,0.16838,0.13838
1937700,borg_cluster_agg,0.20022,0.14605
1938000,borg_cluster_agg,0.23206,0.15372
1938300,borg_cluster_agg,0.18598,0.32885
1938600,borg_cluster_agg,0.1399,0.50399
1938900,borg_cluster_agg,0.10542,0.15152
1939200,borg_cluster_agg,0.85,0.85
1939500,borg_cluster_agg,0.85,0.85
1939800,borg_cluster_agg,0.77301,0.85
1940100,borg_cluster_agg,0.60679,0.85
1940400,borg_cluster_agg,0.44057,0.61174
1940700,borg_cluster_agg,0.27436,0.36399
1941000,borg_cluster_agg,0.10814,0.11625
1941300,borg_cluster_agg,0.11287,0.12477
1941600,borg_cluster_agg,0.1176,0.13329
1941900,borg_cluster_agg,0.12233,0.14181
1942200,borg_cluster_agg,0.12705,0.15033
1942500,borg_cluster_agg,0.13178,0.15886
1942800,borg_cluster_agg,0.13651,0.16738
1943100,borg_cluster_agg,0.67046,0.85
1943400,borg_cluster_agg,0.85,0.85
1943700,borg_cluster_agg,0.85,0.85
1944000,borg_cluster_agg,0.19379,0.21815
1944300,borg_cluster_agg,0.17452,0.19321
1944600,borg_cluster_agg,0.15525,0.16826
1944900,borg_cluster_agg,0.13599,0.14331
1945200,borg_cluster_agg,0.11672,0.11836
1945500,borg_cluster_agg,0.1,0.1
1945800,borg_cluster_agg,0.19058,0.20311
1946100,borg_cluster_agg,0.28371,0.3128
1946400,borg_cluster_agg,0.1,0.10129
1946700,borg_cluster_agg,0.12481,0.1165
1947000,borg_cluster_agg,0.15001,0.13171
1947300,borg_cluster_agg,0.17521,0.14692
1947600,borg_cluster_agg,0.20041,0.16213
1947900,borg_cluster_agg,0.22562,0.17733
1948200,borg_cluster_agg,0.22483,0.17367
1948500,borg_cluster_agg,0.22404,0.17001
1948800,borg_cluster_agg,0.22325,0.16635
1949100,borg_cluster_agg,0.22247,0.16269
1949400,borg_cluster_agg,0.22168,0.15903
1949700,borg_cluster_agg,0.22089,0.15537
1950000,borg_cluster_agg,0.26027,0.13779
1950300,borg_cluster_agg,0.27141,0.13559
1950600,borg_cluster_agg,0.28255,0.13339
1950900,borg_cluster_agg,0.29369,0.1312
1951200,borg_cluster_agg,0.30483,0.129
1951500,borg_cluster_agg,0.31597,0.1268
1951800,borg_cluster_agg,0.32711,0.1246
1952100,borg_cluster_agg,0.19214,0.14564
1952400,borg_cluster_agg,0.15196,0.12228
1952700,borg_cluster_agg,0.15188,0.11587
1953000,borg_cluster_agg,0.15181,0.10945
1953300,borg_cluster_agg,0.15174,0.10304
1953600,borg_cluster_agg,0.15167,0.1
1953900,borg_cluster_agg,0.12788,0.1
1954200,borg_cluster_agg,0.10409,0.10195
1954500,borg_cluster_agg,0.10412,0.10523
1954800,borg_cluster_agg,0.10415,0.10851
1955100,borg_cluster_agg,0.10418,0.11179
1955400,borg_cluster_agg,0.1042,0.11507
1955700,borg_cluster_agg,0.10423,0.11834
1956000,borg_cluster_agg,0.10426,0.12162
1956300,borg_cluster_agg,0.10429,0.1249
1956600,borg_cluster_agg,0.10432,0.12818
1956900,borg_cluster_agg,0.11282,0.46802
1957200,borg_cluster_agg,0.12131,0.80787
1957500,borg_cluster_agg,0.42181,0.85
1957800,borg_cluster_agg,0.72232,0.85
1958100,borg_cluster_agg,0.46767,0.85
1958400,borg_cluster_agg,0.21302,0.22773
1958700,borg_cluster_agg,0.11602,0.10098
1959000,borg_cluster_agg,0.10677,0.1
1959300,borg_cluster_agg,0.1,0.1
1959600,borg_cluster_agg,0.12738,0.1
1959900,borg_cluster_agg,0.15724,0.1
1960200,borg_cluster_agg,0.1871,0.1
1960500,borg_cluster_agg,0.26413,0.24096
1960800,borg_cluster_agg,0.34117,0.38515
1961100,borg_cluster_agg,0.4182,0.52933
1961400,borg_cluster_agg,0.49523,0.67351
1961700,borg_cluster_agg,0.43076,0.40832
1962000,borg_cluster_agg,0.3663,0.14313
1962300,borg_cluster_agg,0.37784,0.15686
1962600,borg_cluster_agg,0.38938,0.17059
1962900,borg_cluster_agg,0.12882,0.23401
1963200,borg_cluster_agg,0.12822,0.10035
1963500,borg_cluster_agg,0.11941,0.25849
1963800,borg_cluster_agg,0.3435,0.26885
1964100,borg_cluster_agg,0.56759,0.2792
1964400,borg_cluster_agg,0.51587,0.26153
1964700,borg_cluster_agg,0.46415,0.24385
1965000,borg_cluster_agg,0.41243,0.22618
1965300,borg_cluster_agg,0.36071,0.2085
1965600,borg_cluster_agg,0.30899,0.19083
1965900,borg_cluster_agg,0.25727,0.17315
1966200,borg_cluster_agg,0.20555,0.15548
1966500,borg_cluster_agg,0.15382,0.13781
1966800,borg_cluster_agg,0.1021,0.12013
1967100,borg_cluster_agg,0.16131,0.13771
1967400,borg_cluster_agg,0.22052,0.15529
1967700,borg_cluster_agg,0.1,0.13077
1968000,borg_cluster_agg,0.10768,0.1357
1968300,borg_cluster_agg,0.11625,0.14063
1968600,borg_cluster_agg,0.12482,0.14557
1968900,borg_cluster_agg,0.1334,0.1505
1969200,borg_cluster_agg,0.12271,0.13469
1969500,borg_cluster_agg,0.11203,0.11888
1969800,borg_cluster_agg,0.10134,0.10307
1970100,borg_cluster_agg,0.85,0.39788
1970400,borg_cluster_agg,0.57771,0.26952
1970700,borg_cluster_agg,0.10126,0.14116
1971000,borg_cluster_agg,0.85,0.85
1971300,borg_cluster_agg,0.6455,0.53478
1971600,borg_cluster_agg,0.40604,0.32712
1971900,borg_cluster_agg,0.16659,0.11946
1972200,borg_cluster_agg,0.1103,0.12511
1972500,borg_cluster_agg,0.10733,0.13385
1972800,borg_cluster_agg,0.10437,0.14258
1973100,borg_cluster_agg,0.10851,0.15686
1973400,borg_cluster_agg,0.2158,0.16385
1973700,borg_cluster_agg,0.32308,0.17083
1974000,borg_cluster_agg,0.1,0.46694
1974300,borg_cluster_agg,0.10129,0.3462
1974600,borg_cluster_agg,0.1032,0.22545
1974900,borg_cluster_agg,0.10511,0.1047
1975200,borg_cluster_agg,0.10485,0.1385
1975500,borg_cluster_agg,0.10459,0.17229
1975800,borg_cluster_agg,0.10433,0.20608
1976100,borg_cluster_agg,0.10407,0.23988
1976400,borg_cluster_agg,0.10381,0.27367
1976700,borg_cluster_agg,0.10355,0.30747
1977000,borg_cluster_agg,0.115,0.24931
1977300,borg_cluster_agg,0.12646,0.19114
1977600,borg_cluster_agg,0.13791,0.13298
1977900,borg_cluster_agg,0.10361,0.13128
1978200,borg_cluster_agg,0.35063,0.19691
1978500,borg_cluster_agg,0.59764,0.26255
1978800,borg_cluster_agg,0.84465,0.32819
1979100,borg_cluster_agg,0.59735,0.25118
1979400,borg_cluster_agg,0.35005,0.17418
1979700,borg_cluster_agg,0.10275,0.1
1980000,borg_cluster_agg,0.10142,0.1
1980300,borg_cluster_agg,0.1001,0.1
1980600,borg_cluster_agg,0.1,0.1
1980900,borg_cluster_agg,0.1,0.1
1981200,borg_cluster_agg,0.1,0.10835
1981500,borg_cluster_agg,0.10018,0.12329
1981800,borg_cluster_agg,0.10154,0.13823
1982100,borg_cluster_agg,0.10291,0.15317
1982400,borg_cluster_agg,0.13466,0.15124
1982700,borg_cluster_agg,0.16642,0.1493
1983000,borg_cluster_agg,0.19818,0.14736
1983300,borg_cluster_agg,0.22474,0.14548
1983600,borg_cluster_agg,0.36621,0.57776
1983900,borg_cluster_agg,0.50768,0.85
1984200,borg_cluster_agg,0.43197,0.85
1984500,borg_cluster_agg,0.35626,0.71143
1984800,borg_cluster_agg,0.28056,0.56213
1985100,borg_cluster_agg,0.20485,0.41282
1985400,borg_cluster_agg,0.12914,0.26352
1985700,borg_cluster_agg,0.10101,0.12099
1986000,borg_cluster_agg,0.10155,0.14328
1986300,borg_cluster_agg,0.1021,0.16557
1986600,borg_cluster_agg,0.10265,0.18786
1986900,borg_cluster_agg,0.1032,0.21015
1987200,borg_cluster_agg,0.10375,0.23244
1987500,borg_cluster_agg,0.44139,0.20764
1987800,borg_cluster_agg,0.37086,0.21933
1988100,borg_cluster_agg,0.30033,0.23103
1988400,borg_cluster_agg,0.2298,0.24272
1988700,borg_cluster_agg,0.15927,0.25441
1989000,borg_cluster_agg,0.15125,0.76668
1989300,borg_cluster_agg,0.14324,0.85
1989600,borg_cluster_agg,0.13523,0.85
1989900,borg_cluster_agg,0.12722,0.85
1990200,borg_cluster_agg,0.1192,0.85
1990500,borg_cluster_agg,0.12868,0.17224
1990800,borg_cluster_agg,0.22449,0.22056
1991100,borg_cluster_agg,0.3203,0.26888
1991400,borg_cluster_agg,0.41611,0.3172
1991700,borg_cluster_agg,0.34938,0.28706
1992000,borg_cluster_agg,0.28265,0.25693
1992300,borg_cluster_agg,0.21592,0.22679
1992600,borg_cluster_agg,0.14919,0.19665
1992900,borg_cluster_agg,0.16104,0.18989
1993200,borg_cluster_agg,0.17289,0.18312
1993500,borg_cluster_agg,0.18474,0.17636
1993800,borg_cluster_agg,0.19659,0.16959
1994100,borg_cluster_agg,0.20844,0.16282
1994400,borg_cluster_agg,0.22377,0.18338
1994700,borg_cluster_agg,0.2391,0.20393
1995000,borg_cluster_agg,0.25444,0.22448
1995300,borg_cluster_agg,0.26977,0.24503
1995600,borg_cluster_agg,0.23147,0.21364
1995900,borg_cluster_agg,0.19318,0.18225
1996200,borg_cluster_agg,0.15489,0.15086
1996500,borg_cluster_agg,0.11659,0.11946
1996800,borg_cluster_agg,0.11414,0.1272
1997100,borg_cluster_agg,0.11168,0.13494
1997400,borg_cluster_agg,0.10922,0.14267
1997700,borg_cluster_agg,0.10677,0.15041
1998000,borg_cluster_agg,0.10431,0.15815
1998300,borg_cluster_agg,0.10185,0.16589
1998600,borg_cluster_agg,0.11356,0.14732
1998900,borg_cluster_agg,0.12526,0.12875
1999200,borg_cluster_agg,0.13697,0.11018
1999500,borg_cluster_agg,0.3399,0.37246
1999800,borg_cluster_agg,0.54283,0.63474
2000100,borg_cluster_agg,0.74576,0.85
2000400,borg_cluster_agg,0.63075,0.14823
2000700,borg_cluster_agg,0.10128,0.12146
2001000,borg_cluster_agg,0.27484,0.27011
2001300,borg_cluster_agg,0.4484,0.41876
2001600,borg_cluster_agg,0.62196,0.5674
2001900,borg_cluster_agg,0.39901,0.22379
2002200,borg_cluster_agg,0.85,0.18817
2002500,borg_cluster_agg,0.66159,0.21635
2002800,borg_cluster_agg,0.34213,0.24452
2003100,borg_cluster_agg,0.85,0.85
2003400,borg_cluster_agg,0.22236,0.14399
2003700,borg_cluster_agg,0.18341,0.15327
2004000,borg_cluster_agg,0.14446,0.16255
2004300,borg_cluster_agg,0.10551,0.17182
2004600,borg_cluster_agg,0.10353,0.17068
2004900,borg_cluster_agg,0.10155,0.16954
2005200,borg_cluster_agg,0.1,0.1684
2005500,borg_cluster_agg,0.10533,0.11731
2005800,borg_cluster_agg,0.22977,0.1631
2006100,borg_cluster_agg,0.28029,0.15948
2006400,borg_cluster_agg,0.33082,0.15586
2006700,borg_cluster_agg,0.38134,0.15224
2007000,borg_cluster_agg,0.43186,0.14862
2007300,borg_cluster_agg,0.18619,0.12064
2007600,borg_cluster_agg,0.15576,0.12863
2007900,borg_cluster_agg,0.12534,0.13661
2008200,borg_cluster_agg,0.11574,0.15776
2008500,borg_cluster_agg,0.10613,0.17891
2008800,borg_cluster_agg,0.11389,0.11228
2009100,borg_cluster_agg,0.1279,0.1166
2009400,borg_cluster_agg,0.1419,0.12092
2009700,borg_cluster_agg,0.1559,0.12523
2010000,borg_cluster_agg,0.16991,0.12955
2010300,borg_cluster_agg,0.18391,0.13387
2010600,borg_cluster_agg,0.19791,0.13818
2010900,borg_cluster_agg,0.21192,0.1425
2011200,borg_cluster_agg,0.19761,0.15899
2011500,borg_cluster_agg,0.18331,0.17548
2011800,borg_cluster_agg,0.27345,0.17577
2012100,borg_cluster_agg,0.21114,0.17766
2012400,borg_cluster_agg,0.14883,0.17954
2012700,borg_cluster_agg,0.21352,0.15274
2013000,borg_cluster_agg,0.27821,0.12594
2013300,borg_cluster_agg,0.1,0.1
2013600,borg_cluster_agg,0.1,0.1056
2013900,borg_cluster_agg,0.1018,0.11449
2014200,borg_cluster_agg,0.10397,0.12338
2014500,borg_cluster_agg,0.2606,0.42779
2014800,borg_cluster_agg,0.41724,0.7322
2015100,borg_cluster_agg,0.57387,0.85
2015400,borg_cluster_agg,0.73051,0.85
2015700,borg_cluster_agg,0.85,0.85
2016000,borg_cluster_agg,0.85,0.85
2016300,borg_cluster_agg,0.85,0.49251
2016600,borg_cluster_agg,0.73706,0.34701
2016900,borg_cluster_agg,0.24598,0.20152
2017200,borg_cluster_agg,0.85,0.31312
2017500,borg_cluster_agg,0.10384,0.12131
2017800,borg_cluster_agg,0.19272,0.13594
2018100,borg_cluster_agg,0.28159,0.15058
2018400,borg_cluster_agg,0.37046,0.16522
2018700,borg_cluster_agg,0.45933,0.17986
2019000,borg_cluster_agg,0.5636,0.27783
2019300,borg_cluster_agg,0.66787,0.3758
2019600,borg_cluster_agg,0.77213,0.47377
2019900,borg_cluster_agg,0.85,0.57174
2020200,borg_cluster_agg,0.85,0.66972
2020500,borg_cluster_agg,0.85,0.76769
2020800,borg_cluster_agg,0.85,0.67728
2021100,borg_cluster_agg,0.80672,0.58686
2021400,borg_cluster_agg,0.66762,0.49645
2021700,borg_cluster_agg,0.52852,0.40604
2022000,borg_cluster_agg,0.38942,0.31563
2022300,borg_cluster_agg,0.25032,0.22522
2022600,borg_cluster_agg,0.11122,0.13481
2022900,borg_cluster_agg,0.16723,0.17405
2023200,borg_cluster_agg,0.10178,0.12723
2023500,borg_cluster_agg,0.1013,0.12348
2023800,borg_cluster_agg,0.10082,0.11973
2024100,borg_cluster_agg,0.10034,0.11597
2024400,borg_cluster_agg,0.1,0.11222
2024700,borg_cluster_agg,0.1,0.10846
2025000,borg_cluster_agg,0.1,0.10471
2025300,borg_cluster_agg,0.1,0.10095
2025600,borg_cluster_agg,0.1,0.1
2025900,borg_cluster_agg,0.1,0.1
2026200,borg_cluster_agg,0.135,0.10938
2026500,borg_cluster_agg,0.17254,0.12531
2026800,borg_cluster_agg,0.21009,0.14124
2027100,borg_cluster_agg,0.14004,0.13967
2027400,borg_cluster_agg,0.19153,0.13928
2027700,borg_cluster_agg,0.24302,0.13889
2028000,borg_cluster_agg,0.29451,0.1385
2028300,borg_cluster_agg,0.33242,0.21796
2028600,borg_cluster_agg,0.37033,0.29742
2028900,borg_cluster_agg,0.23939,0.2446
2029200,borg_cluster_agg,0.10845,0.19178
2029500,borg_cluster_agg,0.10742,0.16449
2029800,borg_cluster_agg,0.10638,0.13719
2030100,borg_cluster_agg,0.10535,0.10989
2030400,borg_cluster_agg,0.85,0.21203
2030700,borg_cluster_agg,0.85,0.37988
2031000,borg_cluster_agg,0.85,0.54772
2031300,borg_cluster_agg,0.85,0.71557
2031600,borg_cluster_agg,0.50552,0.42026
2031900,borg_cluster_agg,0.1,0.12496
2032200,borg_cluster_agg,0.10625,0.12493
2032500,borg_cluster_agg,0.11419,0.12491
2032800,borg_cluster_agg,0.12213,0.12489
2033100,borg_cluster_agg,0.13008,0.12486
2033400,borg_cluster_agg,0.13802,0.12484
2033700,borg_cluster_agg,0.14938,0.16445
2034000,borg_cluster_agg,0.16073,0.20407
2034300,borg_cluster_agg,0.17208,0.24368
2034600,borg_cluster_agg,0.18344,0.2833
2034900,borg_cluster_agg,0.55334,0.30428
2035200,borg_cluster_agg,0.85,0.32526
2035500,borg_cluster_agg,0.85,0.34624
2035800,borg_cluster_agg,0.18088,0.25912
2036100,borg_cluster_agg,0.24173,0.36977
2036400,borg_cluster_agg,0.23627,0.15333
2036700,borg_cluster_agg,0.34286,0.22177
2037000,borg_cluster_agg,0.44944,0.2902
2037300,borg_cluster_agg,0.27484,0.19926
2037600,borg_cluster_agg,0.10023,0.10832
2037900,borg_cluster_agg,0.1,0.1
2038200,borg_cluster_agg,0.14654,0.17601
2038500,borg_cluster_agg,0.19543,0.25861
2038800,borg_cluster_agg,0.24433,0.34122
2039100,borg_cluster_agg,0.64705,0.59777
2039400,borg_cluster_agg,0.85,0.85
2039700,borg_cluster_agg,0.85,0.72854
2040000,borg_cluster_agg,0.73331,0.60276
2040300,borg_cluster_agg,0.57508,0.47697
2040600,borg_cluster_agg,0.41685,0.35118
2040900,borg_cluster_agg,0.25862,0.22539
2041200,borg_cluster_agg,0.10039,0.1
2041500,borg_cluster_agg,0.10155,0.10126
2041800,borg_cluster_agg,0.10271,0.10292
2042100,borg_cluster_agg,0.10387,0.10457
2042400,borg_cluster_agg,0.10503,0.10623
2042700,borg_cluster_agg,0.10619,0.10788
2043000,borg_cluster_agg,0.10735,0.10954
2043300,borg_cluster_agg,0.31981,0.12112
2043600,borg_cluster_agg,0.53228,0.1327
2043900,borg_cluster_agg,0.74475,0.14429
2044200,borg_cluster_agg,0.85,0.15587
2044500,borg_cluster_agg,0.85,0.16745
2044800,borg_cluster_agg,0.11919,0.16473
2045100,borg_cluster_agg,0.17346,0.19814
2045400,borg_cluster_agg,0.22773,0.23155
2045700,borg_cluster_agg,0.282,0.26496
2046000,borg_cluster_agg,0.33627,0.29836
2046300,borg_cluster_agg,0.16064,0.12876
2046600,borg_cluster_agg,0.11779,0.13371
2046900,borg_cluster_agg,0.16595,0.28683
2047200,borg_cluster_agg,0.21411,0.43995
2047500,borg_cluster_agg,0.23713,0.34571
2047800,borg_cluster_agg,0.26014,0.25148
2048100,borg_cluster_agg,0.28316,0.15725
2048400,borg_cluster_agg,0.25655,0.2315
2048700,borg_cluster_agg,0.22995,0.30574
2049000,borg_cluster_agg,0.20334,0.37999
2049300,borg_cluster_agg,0.17674,0.45423
2049600,borg_cluster_agg,0.15013,0.52848
2049900,borg_cluster_agg,0.14574,0.43806
2050200,borg_cluster_agg,0.14136,0.34765
2050500,borg_cluster_agg,0.13697,0.25724
2050800,borg_cluster_agg,0.1,0.46694
2051100,borg_cluster_agg,0.10475,0.31139
2051400,borg_cluster_agg,0.11057,0.15584
2051700,borg_cluster_agg,0.85,0.41677
2052000,borg_cluster_agg,0.13974,0.14647
2052300,borg_cluster_agg,0.2293,0.25225
2052600,borg_cluster_agg,0.31886,0.35803
2052900,borg_cluster_agg,0.40842,0.4638
2053200,borg_cluster_agg,0.85,0.27019
2053500,borg_cluster_agg,0.45494,0.40761
2053800,borg_cluster_agg,0.1,0.1
2054100,borg_cluster_agg,0.1,0.10083
2054400,borg_cluster_agg,0.1,0.10825
2054700,borg_cluster_agg,0.10109,0.11568
2055000,borg_cluster_agg,0.10229,0.1231
2055300,borg_cluster_agg,0.1035,0.13052
2055600,borg_cluster_agg,0.10471,0.13795
2055900,borg_cluster_agg,0.85,0.85
2056200,borg_cluster_agg,0.50747,0.85
2056500,borg_cluster_agg,0.10485,0.10153
2056800,borg_cluster_agg,0.22014,0.18077
2057100,borg_cluster_agg,0.33543,0.26
2057400,borg_cluster_agg,0.45072,0.33924
2057700,borg_cluster_agg,0.56601,0.41847
2058000,borg_cluster_agg,0.68129,0.49771
2058300,borg_cluster_agg,0.11309,0.19053
2058600,borg_cluster_agg,0.1,0.11871
2058900,borg_cluster_agg,0.1,0.11931
2059200,borg_cluster_agg,0.10042,0.11992
2059500,borg_cluster_agg,0.10188,0.12052
2059800,borg_cluster_agg,0.85,0.3989
2060100,borg_cluster_agg,0.1,0.1
2060400,borg_cluster_agg,0.15847,0.10659
2060700,borg_cluster_agg,0.21885,0.11641
2061000,borg_cluster_agg,0.27923,0.12623
2061300,borg_cluster_agg,0.33962,0.13605
2061600,borg_cluster_agg,0.4,0.14587
2061900,borg_cluster_agg,0.34957,0.15329
2062200,borg_cluster_agg,0.29915,0.16071
2062500,borg_cluster_agg,0.24873,0.16812
2062800,borg_cluster_agg,0.1983,0.17554
2063100,borg_cluster_agg,0.14788,0.18296
2063400,borg_cluster_agg,0.1,0.19037
2063700,borg_cluster_agg,0.12964,0.29946
2064000,borg_cluster_agg,0.16183,0.40855
2064300,borg_cluster_agg,0.14148,0.27243
2064600,borg_cluster_agg,0.12113,0.1363
2064900,borg_cluster_agg,0.20896,0.14242
2065200,borg_cluster_agg,0.29679,0.14854
2065500,borg_cluster_agg,0.38461,0.15466
2065800,borg_cluster_agg,0.31818,0.15095
2066100,borg_cluster_agg,0.25175,0.14725
2066400,borg_cluster_agg,0.18532,0.14354
2066700,borg_cluster_agg,0.11888,0.13983
2067000,borg_cluster_agg,0.1176,0.16392
2067300,borg_cluster_agg,0.11632,0.18802
2067600,borg_cluster_agg,0.11291,0.17088
2067900,borg_cluster_agg,0.1095,0.15374
2068200,borg_cluster_agg,0.10609,0.13661
2068500,borg_cluster_agg,0.10268,0.11947
2068800,borg_cluster_agg,0.29341,0.12296
2069100,borg_cluster_agg,0.1,0.1
2069400,borg_cluster_agg,0.10819,0.10728
2069700,borg_cluster_agg,0.11734,0.11558
2070000,borg_cluster_agg,0.12649,0.12388
2070300,borg_cluster_agg,0.13564,0.13218
2070600,borg_cluster_agg,0.20079,0.20648
2070900,borg_cluster_agg,0.26594,0.28078
2071200,borg_cluster_agg,0.18344,0.21019
2071500,borg_cluster_agg,0.10094,0.13959
2071800,borg_cluster_agg,0.108,0.13736
2072100,borg_cluster_agg,0.11506,0.13512
2072400,borg_cluster_agg,0.13218,0.13553
2072700,borg_cluster_agg,0.1493,0.13594
2073000,borg_cluster_agg,0.16641,0.13636
2073300,borg_cluster_agg,0.18353,0.13677
2073600,borg_cluster_agg,0.16403,0.13454
2073900,borg_cluster_agg,0.14453,0.13232
2074200,borg_cluster_agg,0.12504,0.13009
2074500,borg_cluster_agg,0.10554,0.12786
2074800,borg_cluster_agg,0.10831,0.11515
2075100,borg_cluster_agg,0.11108,0.10243
2075400,borg_cluster_agg,0.10318,0.12382
2075700,borg_cluster_agg,0.24803,0.22124
2076000,borg_cluster_agg,0.39287,0.31866
2076300,borg_cluster_agg,0.53772,0.41609
2076600,borg_cluster_agg,0.23847,0.85
2076900,borg_cluster_agg,0.16796,0.72941
2077200,borg_cluster_agg,0.1,0.1
2077500,borg_cluster_agg,0.16073,0.20089
2077800,borg_cluster_agg,0.12909,0.14717
2078100,borg_cluster_agg,0.1,0.1
2078400,borg_cluster_agg,0.10305,0.1
2078700,borg_cluster_agg,0.10864,0.10652
2079000,borg_cluster_agg,0.11423,0.11306
2079300,borg_cluster_agg,0.11983,0.11959
2079600,borg_cluster_agg,0.12542,0.12613
2079900,borg_cluster_agg,0.13101,0.13267
2080200,borg_cluster_agg,0.1366,0.1392
2080500,borg_cluster_agg,0.39979,0.18354
2080800,borg_cluster_agg,0.66298,0.22789
2081100,borg_cluster_agg,0.11625,0.10318
2081400,borg_cluster_agg,0.1,0.1
2081700,borg_cluster_agg,0.10375,0.10295
2082000,borg_cluster_agg,0.11005,0.11053
2082300,borg_cluster_agg,0.11634,0.11811
2082600,borg_cluster_agg,0.12264,0.12569
2082900,borg_cluster_agg,0.12893,0.13327
2083200,borg_cluster_agg,0.13523,0.14085
2083500,borg_cluster_agg,0.19497,0.21
2083800,borg_cluster_agg,0.25471,0.27916
2084100,borg_cluster_agg,0.45966,0.22875
2084400,borg_cluster_agg,0.66461,0.17835
2084700,borg_cluster_agg,0.85,0.12794
2085000,borg_cluster_agg,0.76378,0.13243
2085300,borg_cluster_agg,0.658,0.13692
2085600,borg_cluster_agg,0.55222,0.14141
2085900,borg_cluster_agg,0.44644,0.1459
2086200,borg_cluster_agg,0.34066,0.15039
2086500,borg_cluster_agg,0.23487,0.15488
2086800,borg_cluster_agg,0.12909,0.15937
2087100,borg_cluster_agg,0.14774,0.15723
2087400,borg_cluster_agg,0.16638,0.15509
2087700,borg_cluster_agg,0.18503,0.15296
2088000,borg_cluster_agg,0.20368,0.15082
2088300,borg_cluster_agg,0.72891,0.26477
2088600,borg_cluster_agg,0.42703,0.2178
2088900,borg_cluster_agg,0.12516,0.17083
2089200,borg_cluster_agg,0.85,0.85
2089500,borg_cluster_agg,0.85,0.85
2089800,borg_cluster_agg,0.85,0.85
2090100,borg_cluster_agg,0.85,0.85
2090400,borg_cluster_agg,0.85,0.85
2090700,borg_cluster_agg,0.85,0.85
2091000,borg_cluster_agg,0.85,0.85
2091300,borg_cluster_agg,0.8484,0.85
2091600,borg_cluster_agg,0.59891,0.6402
2091900,borg_cluster_agg,0.34942,0.38435
2092200,borg_cluster_agg,0.1,0.12849
2092500,borg_cluster_agg,0.25591,0.45398
2092800,borg_cluster_agg,0.41188,0.77947
2093100,borg_cluster_agg,0.56786,0.85
2093400,borg_cluster_agg,0.72384,0.85
2093700,borg_cluster_agg,0.85,0.85
2094000,borg_cluster_agg,0.25386,0.12559
2094300,borg_cluster_agg,0.1,0.1
2094600,borg_cluster_agg,0.1,0.1
2094900,borg_cluster_agg,0.1,0.1
2095200,borg_cluster_agg,0.10004,0.10239
2095500,borg_cluster_agg,0.13642,0.12064
2095800,borg_cluster_agg,0.1728,0.13889
2096100,borg_cluster_agg,0.20918,0.15714
2096400,borg_cluster_agg,0.24556,0.17538
2096700,borg_cluster_agg,0.28194,0.19363
2097000,borg_cluster_agg,0.31832,0.21188
2097300,borg_cluster_agg,0.15254,0.19824
2097600,borg_cluster_agg,0.37729,0.54229
2097900,borg_cluster_agg,0.47325,0.6779
2098200,borg_cluster_agg,0.13848,0.21659
2098500,borg_cluster_agg,0.12505,0.17679
2098800,borg_cluster_agg,0.11163,0.137
2099100,borg_cluster_agg,0.10828,0.13591
2099400,borg_cluster_agg,0.10382,0.11725
2099700,borg_cluster_agg,0.1,0.1
2100000,borg_cluster_agg,0.15483,0.18832
2100300,borg_cluster_agg,0.2103,0.27806
2100600,borg_cluster_agg,0.26578,0.36779
2100900,borg_cluster_agg,0.32125,0.45753
2101200,borg_cluster_agg,0.39011,0.26289
2101500,borg_cluster_agg,0.38718,0.24925
2101800,borg_cluster_agg,0.38425,0.2356
2102100,borg_cluster_agg,0.38132,0.22196
2102400,borg_cluster_agg,0.37839,0.20831
2102700,borg_cluster_agg,0.37546,0.19467
2103000,borg_cluster_agg,0.37253,0.18102
2103300,borg_cluster_agg,0.3696,0.16738
2103600,borg_cluster_agg,0.11335,0.12243
2103900,borg_cluster_agg,0.1236,0.1557
2104200,borg_cluster_agg,0.13386,0.18896
2104500,borg_cluster_agg,0.11725,0.16851
2104800,borg_cluster_agg,0.10064,0.14807
2105100,borg_cluster_agg,0.14274,0.16306
2105400,borg_cluster_agg,0.18484,0.17806
2105700,borg_cluster_agg,0.22695,0.19305
2106000,borg_cluster_agg,0.26905,0.20804
2106300,borg_cluster_agg,0.75024,0.85
2106600,borg_cluster_agg,0.85,0.85
2106900,borg_cluster_agg,0.74191,0.85
2107200,borg_cluster_agg,0.25239,0.19194
2107500,borg_cluster_agg,0.31869,0.25567
2107800,borg_cluster_agg,0.28267,0.24241
2108100,borg_cluster_agg,0.24666,0.22915
2108400,borg_cluster_agg,0.13825,0.12704
2108700,borg_cluster_agg,0.29378,0.16298
2109000,borg_cluster_agg,0.1,0.1
2109300,borg_cluster_agg,0.23713,0.12612
2109600,borg_cluster_agg,0.3768,0.15887
2109900,borg_cluster_agg,0.51647,0.19163
2110200,borg_cluster_agg,0.1009,0.31658
2110500,borg_cluster_agg,0.13427,0.10279
2110800,borg_cluster_agg,0.11235,0.11409
2111100,borg_cluster_agg,0.1,0.11785
2111400,borg_cluster_agg,0.24728,0.12934
2111700,borg_cluster_agg,0.39506,0.14082
2112000,borg_cluster_agg,0.54284,0.15231
2112300,borg_cluster_agg,0.40339,0.2687
2112600,borg_cluster_agg,0.26393,0.38509
2112900,borg_cluster_agg,0.12447,0.50148
2113200,borg_cluster_agg,0.12914,0.12666
2113500,borg_cluster_agg,0.2773,0.21156
2113800,borg_cluster_agg,0.28168,0.21218
2114100,borg_cluster_agg,0.28606,0.21281
2114400,borg_cluster_agg,0.29044,0.21343
2114700,borg_cluster_agg,0.29482,0.21405
2115000,borg_cluster_agg,0.2992,0.21467
2115300,borg_cluster_agg,0.25201,0.18993
2115600,borg_cluster_agg,0.20481,0.1652
2115900,borg_cluster_agg,0.15762,0.14046
2116200,borg_cluster_agg,0.11204,0.13567
2116500,borg_cluster_agg,0.1,0.1
2116800,borg_cluster_agg,0.10395,0.1
2117100,borg_cluster_agg,0.11044,0.10542
2117400,borg_cluster_agg,0.11694,0.11142
2117700,borg_cluster_agg,0.11662,0.81513
2118000,borg_cluster_agg,0.11631,0.85
2118300,borg_cluster_agg,0.11599,0.85
2118600,borg_cluster_agg,0.11568,0.85
2118900,borg_cluster_agg,0.16378,0.85
2119200,borg_cluster_agg,0.21187,0.85
2119500,borg_cluster_agg,0.25997,0.83296
2119800,borg_cluster_agg,0.30806,0.1352
2120100,borg_cluster_agg,0.27513,0.14015
2120400,borg_cluster_agg,0.24219,0.14511
2120700,borg_cluster_agg,0.20925,0.15006
2121000,borg_cluster_agg,0.17632,0.15502
2121300,borg_cluster_agg,0.4923,0.27074
2121600,borg_cluster_agg,0.49303,0.21784
2121900,borg_cluster_agg,0.38432,0.21267
2122200,borg_cluster_agg,0.27561,0.2075
2122500,borg_cluster_agg,0.1669,0.20233
2122800,borg_cluster_agg,0.25753,0.30723
2123100,borg_cluster_agg,0.34816,0.41212
2123400,borg_cluster_agg,0.4388,0.51702
2123700,borg_cluster_agg,0.27841,0.33945
2124000,borg_cluster_agg,0.11801,0.16188
2124300,borg_cluster_agg,0.15292,0.21804
2124600,borg_cluster_agg,0.18783,0.27419
2124900,borg_cluster_agg,0.1469,0.18786
2125200,borg_cluster_agg,0.1401,0.17788
2125500,borg_cluster_agg,0.1333,0.16789
2125800,borg_cluster_agg,0.12649,0.15791
2126100,borg_cluster_agg,0.11969,0.14793
2126400,borg_cluster_agg,0.11289,0.13795
2126700,borg_cluster_agg,0.11524,0.12955
2127000,borg_cluster_agg,0.1176,0.12115
2127300,borg_cluster_agg,0.11996,0.11275
2127600,borg_cluster_agg,0.12232,0.10436
2127900,borg_cluster_agg,0.1247,0.13779
2128200,borg_cluster_agg,0.13267,0.1386
2128500,borg_cluster_agg,0.14064,0.13942
2128800,borg_cluster_agg,0.14861,0.14023
2129100,borg_cluster_agg,0.15659,0.14105
2129400,borg_cluster_agg,0.16456,0.14186
2129700,borg_cluster_agg,0.17253,0.14267
2130000,borg_cluster_agg,0.1805,0.14349
2130300,borg_cluster_agg,0.18848,0.1443
2130600,borg_cluster_agg,0.17284,0.14226
2130900,borg_cluster_agg,0.1572,0.14023
2131200,borg_cluster_agg,0.14156,0.13819
2131500,borg_cluster_agg,0.12592,0.13615
2131800,borg_cluster_agg,0.11028,0.13411
2132100,borg_cluster_agg,0.10946,0.13108
2132400,borg_cluster_agg,0.10864,0.12805
2132700,borg_cluster_agg,0.10782,0.12501
2133000,borg_cluster_agg,0.107,0.12198
2133300,borg_cluster_agg,0.10619,0.11895
2133600,borg_cluster_agg,0.10537,0.11591
2133900,borg_cluster_agg,0.10455,0.11288
2134200,borg_cluster_agg,0.10373,0.10985
2134500,borg_cluster_agg,0.17904,0.15466
2134800,borg_cluster_agg,0.28975,0.16628
2135100,borg_cluster_agg,0.12191,0.36994
2135400,borg_cluster_agg,0.11281,0.25435
2135700,borg_cluster_agg,0.10371,0.13876
2136000,borg_cluster_agg,0.10162,0.12364
2136300,borg_cluster_agg,0.1,0.10852
2136600,borg_cluster_agg,0.1,0.1
2136900,borg_cluster_agg,0.83,0.84179
2137200,borg_cluster_agg,0.85,0.85
2137500,borg_cluster_agg,0.39643,0.43374
2137800,borg_cluster_agg,0.34152,0.34963
2138100,borg_cluster_agg,0.28661,0.26553
2138400,borg_cluster_agg,0.2317,0.18143
2138700,borg_cluster_agg,0.16917,0.16051
2139000,borg_cluster_agg,0.10664,0.13959
2139300,borg_cluster_agg,0.10883,0.13412
2139600,borg_cluster_agg,0.11101,0.12865
2139900,borg_cluster_agg,0.1132,0.12317
2140200,borg_cluster_agg,0.24379,0.28161
2140500,borg_cluster_agg,0.37437,0.44004
2140800,borg_cluster_agg,0.50496,0.59848
2141100,borg_cluster_agg,0.44298,0.53941
2141400,borg_cluster_agg,0.381,0.48034
2141700,borg_cluster_agg,0.31902,0.42127
2142000,borg_cluster_agg,0.25704,0.3622
2142300,borg_cluster_agg,0.19506,0.30313
2142600,borg_cluster_agg,0.13308,0.24405
2142900,borg_cluster_agg,0.27173,0.26446
2143200,borg_cluster_agg,0.41038,0.28486
2143500,borg_cluster_agg,0.54903,0.30527
2143800,borg_cluster_agg,0.68769,0.32568
2144100,borg_cluster_agg,0.82634,0.34608
2144400,borg_cluster_agg,0.53918,0.24413
2144700,borg_cluster_agg,0.4945,0.27125
2145000,borg_cluster_agg,0.44981,0.29836
2145300,borg_cluster_agg,0.41785,0.27175
2145600,borg_cluster_agg,0.38589,0.24514
2145900,borg_cluster_agg,0.35393,0.21853
2146200,borg_cluster_agg,0.32196,0.19192
2146500,borg_cluster_agg,0.29,0.1653
2146800,borg_cluster_agg,0.4806,0.15403
2147100,borg_cluster_agg,0.16824,0.26195
2147400,borg_cluster_agg,0.14571,0.20797
2147700,borg_cluster_agg,0.12319,0.15398
2148000,borg_cluster_agg,0.10066,0.1
2148300,borg_cluster_agg,0.35421,0.6779
2148600,borg_cluster_agg,0.26008,0.85
2148900,borg_cluster_agg,0.16595,0.85
2149200,borg_cluster_agg,0.11708,0.11546
2149500,borg_cluster_agg,0.20901,0.19343
2149800,borg_cluster_agg,0.1,0.1
2150100,borg_cluster_agg,0.12465,0.1
2150400,borg_cluster_agg,0.17811,0.15101
2150700,borg_cluster_agg,0.23157,0.20339
2151000,borg_cluster_agg,0.28503,0.25576
2151300,borg_cluster_agg,0.33849,0.30814
2151600,borg_cluster_agg,0.39196,0.36052
2151900,borg_cluster_agg,0.44542,0.4129
2152200,borg_cluster_agg,0.85,0.85
2152500,borg_cluster_agg,0.1,0.1
2152800,borg_cluster_agg,0.1,0.1
2153100,borg_cluster_agg,0.1,0.1
2153400,borg_cluster_agg,0.1,0.1
2153700,borg_cluster_agg,0.1,0.1
2154000,borg_cluster_agg,0.1,0.1
2154300,borg_cluster_agg,0.1,0.1
2154600,borg_cluster_agg,0.1,0.1
2154900,borg_cluster_agg,0.12941,0.10683
2155200,borg_cluster_agg,0.30756,0.17795
2155500,borg_cluster_agg,0.48571,0.24908
2155800,borg_cluster_agg,0.10048,0.1239
2156100,borg_cluster_agg,0.11461,0.11683
2156400,borg_cluster_agg,0.12873,0.10977
2156700,borg_cluster_agg,0.14286,0.1027
2157000,borg_cluster_agg,0.12773,0.1008
2157300,borg_cluster_agg,0.11259,0.1
2157600,borg_cluster_agg,0.1,0.1
2157900,borg_cluster_agg,0.85,0.55359
2158200,borg_cluster_agg,0.85,0.59471
2158500,borg_cluster_agg,0.85,0.63584
2158800,borg_cluster_agg,0.12924,0.11058
2159100,borg_cluster_agg,0.24199,0.15479
2159400,borg_cluster_agg,0.35475,0.199
2159700,borg_cluster_agg,0.4675,0.24322
2160000,borg_cluster_agg,0.58026,0.28743
2160300,borg_cluster_agg,0.69302,0.33164
2160600,borg_cluster_agg,0.55994,0.276
2160900,borg_cluster_agg,0.42686,0.22035
2161200,borg_cluster_agg,0.29378,0.16471
2161500,borg_cluster_agg,0.35769,0.36424
2161800,borg_cluster_agg,0.42161,0.56377
2162100,borg_cluster_agg,0.48552,0.7633
2162400,borg_cluster_agg,0.54944,0.85
2162700,borg_cluster_agg,0.61335,0.85
2163000,borg_cluster_agg,0.67727,0.85
2163300,borg_cluster_agg,0.74118,0.85
2163600,borg_cluster_agg,0.8051,0.85
2163900,borg_cluster_agg,0.74454,0.85
2164200,borg_cluster_agg,0.68398,0.85
2164500,borg_cluster_agg,0.62342,0.85
2164800,borg_cluster_agg,0.56287,0.85
2165100,borg_cluster_agg,0.50231,0.85
2165400,borg_cluster_agg,0.44175,0.85
2165700,borg_cluster_agg,0.85,0.71401
2166000,borg_cluster_agg,0.85,0.50838
2166300,borg_cluster_agg,0.85,0.43
2166600,borg_cluster_agg,0.85,0.35162
2166900,borg_cluster_agg,0.71538,0.27324
2167200,borg_cluster_agg,0.42322,0.19486
2167500,borg_cluster_agg,0.13106,0.11648
2167800,borg_cluster_agg,0.11769,0.11891
2168100,borg_cluster_agg,0.10432,0.12133
2168400,borg_cluster_agg,0.1524,0.1624
2168700,borg_cluster_agg,0.20048,0.20346
2169000,borg_cluster_agg,0.24855,0.24452
2169300,borg_cluster_agg,0.29663,0.28558
2169600,borg_cluster_agg,0.34471,0.32664
2169900,borg_cluster_agg,0.30641,0.30272
2170200,borg_cluster_agg,0.26811,0.27879
2170500,borg_cluster_agg,0.22982,0.25486
2170800,borg_cluster_agg,0.19152,0.23094
2171100,borg_cluster_agg,0.15322,0.20701
2171400,borg_cluster_agg,0.16101,0.33729
2171700,borg_cluster_agg,0.16879,0.46757
2172000,borg_cluster_agg,0.17657,0.59785
2172300,borg_cluster_agg,0.18436,0.72813
2172600,borg_cluster_agg,0.1559,0.51656
2172900,borg_cluster_agg,0.12745,0.30498
2173200,borg_cluster_agg,0.1,0.1
2173500,borg_cluster_agg,0.24012,0.12802
2173800,borg_cluster_agg,0.36039,0.1898
2174100,borg_cluster_agg,0.48066,0.25158
2174400,borg_cluster_agg,0.60092,0.31337
2174700,borg_cluster_agg,0.72119,0.37515
2175000,borg_cluster_agg,0.84146,0.43693
2175300,borg_cluster_agg,0.85,0.49871
2175600,borg_cluster_agg,0.85,0.56049
2175900,borg_cluster_agg,0.85,0.84052
2176200,borg_cluster_agg,0.85,0.65683
2176500,borg_cluster_agg,0.85,0.47314
2176800,borg_cluster_agg,0.57105,0.28946
2177100,borg_cluster_agg,0.24983,0.10577
2177400,borg_cluster_agg,0.35775,0.13499
2177700,borg_cluster_agg,0.46568,0.16421
2178000,borg_cluster_agg,0.57361,0.19343
2178300,borg_cluster_agg,0.68154,0.22265
2178600,borg_cluster_agg,0.78947,0.25188
2178900,borg_cluster_agg,0.85,0.2811
2179200,borg_cluster_agg,0.5018,0.21227
2179500,borg_cluster_agg,0.1062,0.14344
2179800,borg_cluster_agg,0.85,0.85
2180100,borg_cluster_agg,0.85,0.81038
2180400,borg_cluster_agg,0.67064,0.57937
2180700,borg_cluster_agg,0.42777,0.34836
2181000,borg_cluster_agg,0.1849,0.11735
2181300,borg_cluster_agg,0.15575,0.10937
2181600,borg_cluster_agg,0.1266,0.10139
2181900,borg_cluster_agg,0.1,0.1
2182200,borg_cluster_agg,0.10113,0.11145
2182500,borg_cluster_agg,0.1048,0.12948
2182800,borg_cluster_agg,0.10847,0.14752
2183100,borg_cluster_agg,0.1547,0.14572
2183400,borg_cluster_agg,0.20094,0.14391
2183700,borg_cluster_agg,0.24718,0.14211
2184000,borg_cluster_agg,0.29341,0.1403
2184300,borg_cluster_agg,0.21508,0.13449
2184600,borg_cluster_agg,0.13674,0.12867
2184900,borg_cluster_agg,0.1,0.1
2185200,borg_cluster_agg,0.21521,0.15694
2185500,borg_cluster_agg,0.27823,0.14494
2185800,borg_cluster_agg,0.34124,0.13294
2186100,borg_cluster_agg,0.40426,0.12094
2186400,borg_cluster_agg,0.33258,0.11495
2186700,borg_cluster_agg,0.26091,0.10896
2187000,borg_cluster_agg,0.18923,0.10297
2187300,borg_cluster_agg,0.11756,0.1
2187600,borg_cluster_agg,0.10091,0.11381
2187900,borg_cluster_agg,0.10378,0.11199
2188200,borg_cluster_agg,0.10665,0.11016
2188500,borg_cluster_agg,0.10952,0.10834
2188800,borg_cluster_agg,0.11239,0.10651
2189100,borg_cluster_agg,0.11526,0.10469
2189400,borg_cluster_agg,0.11813,0.10286
2189700,borg_cluster_agg,0.121,0.10104
2190000,borg_cluster_agg,0.12387,0.1
2190300,borg_cluster_agg,0.12729,0.11326
2190600,borg_cluster_agg,0.1307,0.12731
2190900,borg_cluster_agg,0.10378,0.13355
2191200,borg_cluster_agg,0.22455,0.16345
2191500,borg_cluster_agg,0.46202,0.46365
2191800,borg_cluster_agg,0.69949,0.76384
2192100,borg_cluster_agg,0.85,0.85
2192400,borg_cluster_agg,0.72773,0.8266
2192700,borg_cluster_agg,0.51851,0.58916
2193000,borg_cluster_agg,0.30929,0.35172
2193300,borg_cluster_agg,0.10007,0.11428
2193600,borg_cluster_agg,0.1098,0.1
2193900,borg_cluster_agg,0.1095,0.10146
2194200,borg_cluster_agg,0.10921,0.10326
2194500,borg_cluster_agg,0.10892,0.10507
2194800,borg_cluster_agg,0.10863,0.10688
2195100,borg_cluster_agg,0.10834,0.10869
2195400,borg_cluster_agg,0.10805,0.1105
2195700,borg_cluster_agg,0.10776,0.11231
2196000,borg_cluster_agg,0.10746,0.11412
2196300,borg_cluster_agg,0.10717,0.11592
2196600,borg_cluster_agg,0.10688,0.11773
2196900,borg_cluster_agg,0.10659,0.11954
2197200,borg_cluster_agg,0.13596,0.12617
2197500,borg_cluster_agg,0.16533,0.13281
2197800,borg_cluster_agg,0.1947,0.13944
2198100,borg_cluster_agg,0.11009,0.12327
2198400,borg_cluster_agg,0.47692,0.3307
2198700,borg_cluster_agg,0.11591,0.20356
2199000,borg_cluster_agg,0.45687,0.1537
2199300,borg_cluster_agg,0.15093,0.36084
2199600,borg_cluster_agg,0.22531,0.36089
2199900,borg_cluster_agg,0.29969,0.36094
2200200,borg_cluster_agg,0.37406,0.361
2200500,borg_cluster_agg,0.44844,0.36105
2200800,borg_cluster_agg,0.52282,0.3611
2201100,borg_cluster_agg,0.5972,0.36116
2201400,borg_cluster_agg,0.67157,0.36121
2201700,borg_cluster_agg,0.32674,0.63458
2202000,borg_cluster_agg,0.31517,0.53872
2202300,borg_cluster_agg,0.3036,0.44287
2202600,borg_cluster_agg,0.29202,0.34701
2202900,borg_cluster_agg,0.28045,0.25115
2203200,borg_cluster_agg,0.26887,0.15529
2203500,borg_cluster_agg,0.2403,0.14823
2203800,borg_cluster_agg,0.21173,0.14116
2204100,borg_cluster_agg,0.18316,0.1341
2204400,borg_cluster_agg,0.1546,0.12704
2204700,borg_cluster_agg,0.12603,0.11997
2205000,borg_cluster_agg,0.1,0.11291
2205300,borg_cluster_agg,0.13097,0.1165
2205600,borg_cluster_agg,0.16448,0.1201
2205900,borg_cluster_agg,0.198,0.12369
2206200,borg_cluster_agg,0.23151,0.12729
2206500,borg_cluster_agg,0.26503,0.13088
2206800,borg_cluster_agg,0.29854,0.13448
2207100,borg_cluster_agg,0.33205,0.13807
2207400,borg_cluster_agg,0.36557,0.14167
2207700,borg_cluster_agg,0.39908,0.14526
2208000,borg_cluster_agg,0.4326,0.14886
2208300,borg_cluster_agg,0.40403,0.35299
2208600,borg_cluster_agg,0.1,0.1
2208900,borg_cluster_agg,0.11025,0.13202
2209200,borg_cluster_agg,0.10345,0.10157
2209500,borg_cluster_agg,0.12325,0.13037
2209800,borg_cluster_agg,0.14304,0.15917
2210100,borg_cluster_agg,0.16284,0.18797
2210400,borg_cluster_agg,0.40073,0.15105
2210700,borg_cluster_agg,0.3261,0.17885
2211000,borg_cluster_agg,0.25146,0.20666
2211300,borg_cluster_agg,0.17683,0.23446
2211600,borg_cluster_agg,0.1022,0.26226
2211900,borg_cluster_agg,0.26997,0.12139
2212200,borg_cluster_agg,0.10224,0.1268
2212500,borg_cluster_agg,0.52893,0.15694
2212800,borg_cluster_agg,0.42558,0.15362
2213100,borg_cluster_agg,0.32223,0.15031
2213400,borg_cluster_agg,0.21889,0.14699
2213700,borg_cluster_agg,0.11554,0.14368
2214000,borg_cluster_agg,0.72583,0.81839
2214300,borg_cluster_agg,0.85,0.85
2214600,borg_cluster_agg,0.85,0.85
2214900,borg_cluster_agg,0.85,0.85
2215200,borg_cluster_agg,0.1524,0.12578
2215500,borg_cluster_agg,0.4564,0.15231
2215800,borg_cluster_agg,0.31795,0.14124
2216100,borg_cluster_agg,0.37534,0.27958
2216400,borg_cluster_agg,0.38617,0.28381
2216700,borg_cluster_agg,0.39701,0.28803
2217000,borg_cluster_agg,0.40784,0.29226
2217300,borg_cluster_agg,0.41868,0.29648
2217600,borg_cluster_agg,0.68862,0.33855
2217900,borg_cluster_agg,0.58094,0.15192
2218200,borg_cluster_agg,0.46788,0.31753
2218500,borg_cluster_agg,0.35483,0.48313
2218800,borg_cluster_agg,0.23897,0.31828
2219100,borg_cluster_agg,0.1231,0.15342
2219400,borg_cluster_agg,0.2086,0.15575
2219700,borg_cluster_agg,0.2941,0.15808
2220000,borg_cluster_agg,0.3796,0.16041
2220300,borg_cluster_agg,0.46509,0.16274
2220600,borg_cluster_agg,0.55059,0.16507
2220900,borg_cluster_agg,0.63609,0.1674
2221200,borg_cluster_agg,0.72158,0.16973
2221500,borg_cluster_agg,0.44065,0.84303
2221800,borg_cluster_agg,0.34268,0.60456
2222100,borg_cluster_agg,0.2447,0.36609
2222400,borg_cluster_agg,0.14672,0.12763
2222700,borg_cluster_agg,0.83733,0.85
2223000,borg_cluster_agg,0.67031,0.46129
2223300,borg_cluster_agg,0.1,0.10581
2223600,borg_cluster_agg,0.1,0.10572
2223900,borg_cluster_agg,0.10136,0.10563
2224200,borg_cluster_agg,0.10331,0.10554
2224500,borg_cluster_agg,0.10526,0.10545
2224800,borg_cluster_agg,0.10722,0.10536
2225100,borg_cluster_agg,0.10917,0.10527
2225400,borg_cluster_agg,0.1059,0.1055
2225700,borg_cluster_agg,0.10263,0.10573
2226000,borg_cluster_agg,0.1,0.10596
2226300,borg_cluster_agg,0.15199,0.11581
2226600,borg_cluster_agg,0.20462,0.12565
2226900,borg_cluster_agg,0.25725,0.13549
2227200,borg_cluster_agg,0.30988,0.14533
2227500,borg_cluster_agg,0.36251,0.15517
2227800,borg_cluster_agg,0.10176,0.10852
2228100,borg_cluster_agg,0.11343,0.11316
2228400,borg_cluster_agg,0.12509,0.1178
2228700,borg_cluster_agg,0.13675,0.12245
2229000,borg_cluster_agg,0.14842,0.12709
2229300,borg_cluster_agg,0.16008,0.13173
2229600,borg_cluster_agg,0.17175,0.13638
2229900,borg_cluster_agg,0.18341,0.14102
2230200,borg_cluster_agg,0.19508,0.14566
2230500,borg_cluster_agg,0.20674,0.15031
2230800,borg_cluster_agg,0.21841,0.15495
2231100,borg_cluster_agg,0.23007,0.15959
2231400,borg_cluster_agg,0.24174,0.16424
2231700,borg_cluster_agg,0.2534,0.16888
2232000,borg_cluster_agg,0.26507,0.17352
2232300,borg_cluster_agg,0.27673,0.17817
2232600,borg_cluster_agg,0.2884,0.18281
2232900,borg_cluster_agg,0.30006,0.18746
2233200,borg_cluster_agg,0.31173,0.1921
2233500,borg_cluster_agg,0.29585,0.18527
2233800,borg_cluster_agg,0.27998,0.17844
2234100,borg_cluster_agg,0.2641,0.17161
2234400,borg_cluster_agg,0.24823,0.16477
2234700,borg_cluster_agg,0.23235,0.15794
2235000,borg_cluster_agg,0.21648,0.15111
2235300,borg_cluster_agg,0.2006,0.14428
2235600,borg_cluster_agg,0.18473,0.13745
2235900,borg_cluster_agg,0.16885,0.13062
2236200,borg_cluster_agg,0.15298,0.12379
2236500,borg_cluster_agg,0.1371,0.11696
2236800,borg_cluster_agg,0.12123,0.11013
2237100,borg_cluster_agg,0.10535,0.1033
2237400,borg_cluster_agg,0.10501,0.10389
2237700,borg_cluster_agg,0.10466,0.10449
2238000,borg_cluster_agg,0.10431,0.10508
2238300,borg_cluster_agg,0.10396,0.10568
2238600,borg_cluster_agg,0.10361,0.10627
2238900,borg_cluster_agg,0.10326,0.10687
2239200,borg_cluster_agg,0.10291,0.10746
2239500,borg_cluster_agg,0.1,0.1
2239800,borg_cluster_agg,0.12752,0.19583
2240100,borg_cluster_agg,0.12517,0.18396
2240400,borg_cluster_agg,0.12282,0.1721
2240700,borg_cluster_agg,0.12047,0.16023
2241000,borg_cluster_agg,0.11812,0.14837
2241300,borg_cluster_agg,0.11577,0.1365
2241600,borg_cluster_agg,0.11342,0.12463
2241900,borg_cluster_agg,0.11107,0.11277
2242200,borg_cluster_agg,0.10872,0.1009
2242500,borg_cluster_agg,0.85,0.84429
2242800,borg_cluster_agg,0.85,0.85
2243100,borg_cluster_agg,0.85,0.85
2243400,borg_cluster_agg,0.83366,0.85
2243700,borg_cluster_agg,0.84307,0.85
2244000,borg_cluster_agg,0.85,0.85
2244300,borg_cluster_agg,0.85,0.85
2244600,borg_cluster_agg,0.85,0.72799
2244900,borg_cluster_agg,0.85,0.47164
2245200,borg_cluster_agg,0.85,0.21528
2245500,borg_cluster_agg,0.10348,0.10145
2245800,borg_cluster_agg,0.59119,0.85
2246100,borg_cluster_agg,0.37541,0.81635
2246400,borg_cluster_agg,0.15963,0.26226
2246700,borg_cluster_agg,0.15249,0.23974
2247000,borg_cluster_agg,0.14535,0.21723
2247300,borg_cluster_agg,0.13822,0.19471
2247600,borg_cluster_agg,0.13108,0.17219
2247900,borg_cluster_agg,0.12394,0.14967
2248200,borg_cluster_agg,0.1168,0.12715
2248500,borg_cluster_agg,0.10966,0.10463
2248800,borg_cluster_agg,0.10596,0.11293
2249100,borg_cluster_agg,0.10226,0.12123
2249400,borg_cluster_agg,0.1752,0.14446
2249700,borg_cluster_agg,0.15542,0.47511
2250000,borg_cluster_agg,0.1863,0.39906
2250300,borg_cluster_agg,0.21718,0.32301
2250600,borg_cluster_agg,0.24806,0.24696
2250900,borg_cluster_agg,0.27894,0.17091
2251200,borg_cluster_agg,0.32215,0.2049
2251500,borg_cluster_agg,0.27721,0.1826
2251800,borg_cluster_agg,0.23227,0.1603
2252100,borg_cluster_agg,0.18733,0.13801
2252400,borg_cluster_agg,0.1424,0.11571
2252700,borg_cluster_agg,0.1,0.1
2253000,borg_cluster_agg,0.1035,0.1
2253300,borg_cluster_agg,0.12702,0.1
2253600,borg_cluster_agg,0.15053,0.102
2253900,borg_cluster_agg,0.17404,0.10404
2254200,borg_cluster_agg,0.19756,0.10608
2254500,borg_cluster_agg,0.22107,0.10812
2254800,borg_cluster_agg,0.25769,0.11181
2255100,borg_cluster_agg,0.29431,0.11549
2255400,borg_cluster_agg,0.33093,0.11918
2255700,borg_cluster_agg,0.36754,0.12286
2256000,borg_cluster_agg,0.40416,0.12654
2256300,borg_cluster_agg,0.44078,0.13023
2256600,borg_cluster_agg,0.47985,0.85
2256900,borg_cluster_agg,0.41514,0.85
2257200,borg_cluster_agg,0.35043,0.63437
2257500,borg_cluster_agg,0.28572,0.20167
2257800,borg_cluster_agg,0.28178,0.1888
2258100,borg_cluster_agg,0.27785,0.17593
2258400,borg_cluster_agg,0.27391,0.16306
2258700,borg_cluster_agg,0.26997,0.15019
2259000,borg_cluster_agg,0.18732,0.14458
2259300,borg_cluster_agg,0.10467,0.13897
2259600,borg_cluster_agg,0.1,0.1199
2259900,borg_cluster_agg,0.37839,0.13418
2260200,borg_cluster_agg,0.50841,0.18692
2260500,borg_cluster_agg,0.75138,0.62956
2260800,borg_cluster_agg,0.85,0.85
2261100,borg_cluster_agg,0.85,0.85
2261400,borg_cluster_agg,0.85,0.85
2261700,borg_cluster_agg,0.85,0.85
2262000,borg_cluster_agg,0.68503,0.68421
2262300,borg_cluster_agg,0.50094,0.40733
2262600,borg_cluster_agg,0.31685,0.13045
2262900,borg_cluster_agg,0.238,0.22112
2263200,borg_cluster_agg,0.15915,0.31179
2263500,borg_cluster_agg,0.13806,0.20572
2263800,borg_cluster_agg,0.11696,0.1
2264100,borg_cluster_agg,0.13742,0.10638
2264400,borg_cluster_agg,0.15788,0.11311
2264700,borg_cluster_agg,0.17834,0.11984
2265000,borg_cluster_agg,0.1988,0.12657
2265300,borg_cluster_agg,0.21926,0.13331
2265600,borg_cluster_agg,0.23972,0.14004
2265900,borg_cluster_agg,0.26018,0.14677
2266200,borg_cluster_agg,0.28064,0.1535
2266500,borg_cluster_agg,0.3011,0.16024
2266800,borg_cluster_agg,0.1361,0.15223
2267100,borg_cluster_agg,0.12636,0.15133
2267400,borg_cluster_agg,0.11662,0.15042
2267700,borg_cluster_agg,0.10843,0.13908
2268000,borg_cluster_agg,0.10025,0.12774
2268300,borg_cluster_agg,0.10606,0.12869
2268600,borg_cluster_agg,0.11186,0.12964
2268900,borg_cluster_agg,0.11767,0.13059
2269200,borg_cluster_agg,0.12347,0.13154
2269500,borg_cluster_agg,0.12928,0.13249
2269800,borg_cluster_agg,0.50015,0.13306
2270100,borg_cluster_agg,0.85,0.13363
2270400,borg_cluster_agg,0.7425,0.14101
2270700,borg_cluster_agg,0.61397,0.14838
2271000,borg_cluster_agg,0.48545,0.15576
2271300,borg_cluster_agg,0.35692,0.16314
2271600,borg_cluster_agg,0.2284,0.17052
2271900,borg_cluster_agg,0.1,0.1
2272200,borg_cluster_agg,0.1,0.1
2272500,borg_cluster_agg,0.1,0.1
2272800,borg_cluster_agg,0.1,0.10055
2273100,borg_cluster_agg,0.1,0.10292
2273400,borg_cluster_agg,0.1,0.10528
2273700,borg_cluster_agg,0.10017,0.10765
2274000,borg_cluster_agg,0.10063,0.11002
2274300,borg_cluster_agg,0.10108,0.11239
2274600,borg_cluster_agg,0.10153,0.11475
2274900,borg_cluster_agg,0.13363,0.12154
2275200,borg_cluster_agg,0.16574,0.12832
2275500,borg_cluster_agg,0.19784,0.1351
2275800,borg_cluster_agg,0.22994,0.14188
2276100,borg_cluster_agg,0.26204,0.14867
2276400,borg_cluster_agg,0.29415,0.15545
2276700,borg_cluster_agg,0.1284,0.12073
2277000,borg_cluster_agg,0.12246,0.11709
2277300,borg_cluster_agg,0.11652,0.11346
2277600,borg_cluster_agg,0.11059,0.10982
2277900,borg_cluster_agg,0.10465,0.10619
2278200,borg_cluster_agg,0.1,0.10255
2278500,borg_cluster_agg,0.50329,0.18441
2278800,borg_cluster_agg,0.36557,0.21925
2279100,borg_cluster_agg,0.85,0.42048
2279400,borg_cluster_agg,0.85,0.34629
2279700,borg_cluster_agg,0.67231,0.2721
2280000,borg_cluster_agg,0.42205,0.19792
2280300,borg_cluster_agg,0.17179,0.12373
2280600,borg_cluster_agg,0.14781,0.11395
2280900,borg_cluster_agg,0.12382,0.10417
2281200,borg_cluster_agg,0.1,0.1
2281500,borg_cluster_agg,0.27693,0.13788
2281800,borg_cluster_agg,0.45402,0.18138
2282100,borg_cluster_agg,0.63112,0.22487
2282400,borg_cluster_agg,0.80821,0.26837
2282700,borg_cluster_agg,0.85,0.31186
2283000,borg_cluster_agg,0.55342,0.30119
2283300,borg_cluster_agg,0.12154,0.29052
2283600,borg_cluster_agg,0.16381,0.24884
2283900,borg_cluster_agg,0.20609,0.20717
2284200,borg_cluster_agg,0.24836,0.16549
2284500,borg_cluster_agg,0.25235,0.16881
2284800,borg_cluster_agg,0.25635,0.17212
2285100,borg_cluster_agg,0.26034,0.17543
2285400,borg_cluster_agg,0.26433,0.17874
2285700,borg_cluster_agg,0.26832,0.18205
2286000,borg_cluster_agg,0.10442,0.1195
2286300,borg_cluster_agg,0.36612,0.16522
2286600,borg_cluster_agg,0.62782,0.21093
2286900,borg_cluster_agg,0.3668,0.15641
2287200,borg_cluster_agg,0.10579,0.10188
2287500,borg_cluster_agg,0.13104,0.10592
2287800,borg_cluster_agg,0.15629,0.10995
2288100,borg_cluster_agg,0.18154,0.11398
2288400,borg_cluster_agg,0.20679,0.11801
2288700,borg_cluster_agg,0.1,0.1
2289000,borg_cluster_agg,0.14901,0.85
2289300,borg_cluster_agg,0.1,0.1
2289600,borg_cluster_agg,0.54089,0.12133
2289900,borg_cluster_agg,0.85,0.14926
2290200,borg_cluster_agg,0.85,0.17719
2290500,borg_cluster_agg,0.85,0.18621
2290800,borg_cluster_agg,0.27327,0.19524
2291100,borg_cluster_agg,0.24875,0.18329
2291400,borg_cluster_agg,0.22423,0.17134
2291700,borg_cluster_agg,0.19972,0.15939
2292000,borg_cluster_agg,0.1752,0.14744
2292300,borg_cluster_agg,0.33773,0.10224
2292600,borg_cluster_agg,0.60443,0.24954
2292900,borg_cluster_agg,0.85,0.39685
2293200,borg_cluster_agg,0.70126,0.35555
2293500,borg_cluster_agg,0.5314,0.31424
2293800,borg_cluster_agg,0.36154,0.27294
2294100,borg_cluster_agg,0.232,0.21847
2294400,borg_cluster_agg,0.10247,0.164
2294700,borg_cluster_agg,0.20069,0.26413
2295000,borg_cluster_agg,0.10634,0.1
2295300,borg_cluster_agg,0.18243,0.11542
2295600,borg_cluster_agg,0.14823,0.1558
2295900,borg_cluster_agg,0.11403,0.19618
2296200,borg_cluster_agg,0.15169,0.16196
2296500,borg_cluster_agg,0.18565,0.18488
2296800,borg_cluster_agg,0.21961,0.2078
2297100,borg_cluster_agg,0.16476,0.33195
2297400,borg_cluster_agg,0.13487,0.21694
2297700,borg_cluster_agg,0.10499,0.10192
2298000,borg_cluster_agg,0.1341,0.16318
2298300,borg_cluster_agg,0.1632,0.22443
2298600,borg_cluster_agg,0.13033,0.15892
2298900,borg_cluster_agg,0.1,0.1
2299200,borg_cluster_agg,0.10009,0.10549
2299500,borg_cluster_agg,0.10272,0.11757
2299800,borg_cluster_agg,0.10535,0.12965
2300100,borg_cluster_agg,0.10799,0.14173
2300400,borg_cluster_agg,0.11062,0.15381
2300700,borg_cluster_agg,0.11325,0.16589
2301000,borg_cluster_agg,0.12352,0.15241
2301300,borg_cluster_agg,0.13379,0.13894
2301600,borg_cluster_agg,0.14407,0.12547
2301900,borg_cluster_agg,0.46444,0.21046
2302200,borg_cluster_agg,0.28415,0.16559
2302500,borg_cluster_agg,0.10387,0.12072
2302800,borg_cluster_agg,0.11765,0.12205
2303100,borg_cluster_agg,0.13143,0.12339
2303400,borg_cluster_agg,0.42175,0.28104
2303700,borg_cluster_agg,0.71206,0.43869
2304000,borg_cluster_agg,0.57336,0.39239
2304300,borg_cluster_agg,0.43466,0.34608
2304600,borg_cluster_agg,0.29595,0.29978
2304900,borg_cluster_agg,0.15725,0.25347
2305200,borg_cluster_agg,0.24401,0.85
2305500,borg_cluster_agg,0.33077,0.85
2305800,borg_cluster_agg,0.10329,0.29083
2306100,borg_cluster_agg,0.1407,0.28211
2306400,borg_cluster_agg,0.1781,0.2734
2306700,borg_cluster_agg,0.21551,0.26468
2307000,borg_cluster_agg,0.25291,0.25597
2307300,borg_cluster_agg,0.20236,0.20796
2307600,borg_cluster_agg,0.15181,0.15994
2307900,borg_cluster_agg,0.10126,0.11193
2308200,borg_cluster_agg,0.14899,0.14131
2308500,borg_cluster_agg,0.19673,0.17068
2308800,borg_cluster_agg,0.24446,0.20006
2309100,borg_cluster_agg,0.29219,0.22943
2309400,borg_cluster_agg,0.33993,0.25881
2309700,borg_cluster_agg,0.16357,0.23291
2310000,borg_cluster_agg,0.13222,0.17546
2310300,borg_cluster_agg,0.10087,0.11801
2310600,borg_cluster_agg,0.1044,0.13744
2310900,borg_cluster_agg,0.10794,0.15686
2311200,borg_cluster_agg,0.25974,0.29932
2311500,borg_cluster_agg,0.41154,0.44177
2311800,borg_cluster_agg,0.56334,0.58423
2312100,borg_cluster_agg,0.3035,0.26586
2312400,borg_cluster_agg,0.28057,0.2455
2312700,borg_cluster_agg,0.25764,0.22515
2313000,borg_cluster_agg,0.2347,0.20479
2313300,borg_cluster_agg,0.21177,0.18444
2313600,borg_cluster_agg,0.18884,0.16408
2313900,borg_cluster_agg,0.16591,0.14373
2314200,borg_cluster_agg,0.14298,0.12338
2314500,borg_cluster_agg,0.12005,0.10302
2314800,borg_cluster_agg,0.1,0.10596
2315100,borg_cluster_agg,0.65639,0.76015
2315400,borg_cluster_agg,0.30233,0.10519
2315700,borg_cluster_agg,0.30793,0.30766
2316000,borg_cluster_agg,0.31354,0.51014
2316300,borg_cluster_agg,0.31915,0.71261
2316600,borg_cluster_agg,0.32475,0.85
2316900,borg_cluster_agg,0.1,0.1
2317200,borg_cluster_agg,0.17437,0.12162
2317500,borg_cluster_agg,0.25129,0.1498
2317800,borg_cluster_agg,0.85,0.85
2318100,borg_cluster_agg,0.85,0.85
2318400,borg_cluster_agg,0.4326,0.55673
2318700,borg_cluster_agg,0.20752,0.21706
2319000,borg_cluster_agg,0.23124,0.24452
2319300,borg_cluster_agg,0.25495,0.27199
2319600,borg_cluster_agg,0.20457,0.2147
2319900,borg_cluster_agg,0.15419,0.1574
2320200,borg_cluster_agg,0.10381,0.1001
2320500,borg_cluster_agg,0.13674,0.12525
2320800,borg_cluster_agg,0.16967,0.15041
2321100,borg_cluster_agg,0.2026,0.17556
2321400,borg_cluster_agg,0.57508,0.60193
2321700,borg_cluster_agg,0.66445,0.5651
2322000,borg_cluster_agg,0.75382,0.52826
2322300,borg_cluster_agg,0.84319,0.49143
2322600,borg_cluster_agg,0.69487,0.41433
2322900,borg_cluster_agg,0.54656,0.33723
2323200,borg_cluster_agg,0.39825,0.26013
2323500,borg_cluster_agg,0.24994,0.18303
2323800,borg_cluster_agg,0.10162,0.10593
2324100,borg_cluster_agg,0.10114,0.10343
2324400,borg_cluster_agg,0.10066,0.10094
2324700,borg_cluster_agg,0.73257,0.26854
2325000,borg_cluster_agg,0.18042,0.1494
2325300,borg_cluster_agg,0.15865,0.13991
2325600,borg_cluster_agg,0.13688,0.13041
2325900,borg_cluster_agg,0.13022,0.12828
2326200,borg_cluster_agg,0.12356,0.12616
2326500,borg_cluster_agg,0.11691,0.12403
2326800,borg_cluster_agg,0.11025,0.1219
2327100,borg_cluster_agg,0.10359,0.11978
2327400,borg_cluster_agg,0.10614,0.13324
2327700,borg_cluster_agg,0.10868,0.1467
2328000,borg_cluster_agg,0.11123,0.16017
2328300,borg_cluster_agg,0.11377,0.17363
2328600,borg_cluster_agg,0.11632,0.1871
2328900,borg_cluster_agg,0.11887,0.20056
2329200,borg_cluster_agg,0.12141,0.21402
2329500,borg_cluster_agg,0.12396,0.22749
2329800,borg_cluster_agg,0.1265,0.24095
2330100,borg_cluster_agg,0.12905,0.25441
2330400,borg_cluster_agg,0.11899,0.21116
2330700,borg_cluster_agg,0.10893,0.1679
2331000,borg_cluster_agg,0.1,0.12464
2331300,borg_cluster_agg,0.1,0.1
2331600,borg_cluster_agg,0.39182,0.36954
2331900,borg_cluster_agg,0.25074,0.28173
2332200,borg_cluster_agg,0.21307,0.23682
2332500,borg_cluster_agg,0.1754,0.19192
2332800,borg_cluster_agg,0.13774,0.14702
2333100,borg_cluster_agg,0.10007,0.10212
2333400,borg_cluster_agg,0.10581,0.11523
2333700,borg_cluster_agg,0.1166,0.15937
2334000,borg_cluster_agg,0.12738,0.20352
2334300,borg_cluster_agg,0.13816,0.24766
2334600,borg_cluster_agg,0.18301,0.24353
2334900,borg_cluster_agg,0.22787,0.2394
2335200,borg_cluster_agg,0.27272,0.23526
2335500,borg_cluster_agg,0.12557,0.18472
2335800,borg_cluster_agg,0.63661,0.14061
2336100,borg_cluster_agg,0.17558,0.24019
2336400,borg_cluster_agg,0.20326,0.19921
2336700,borg_cluster_agg,0.23094,0.15823
2337000,borg_cluster_agg,0.26892,0.16867
2337300,borg_cluster_agg,0.30691,0.17912
2337600,borg_cluster_agg,0.3449,0.18957
2337900,borg_cluster_agg,0.38289,0.20002
2338200,borg_cluster_agg,0.42088,0.21046
2338500,borg_cluster_agg,0.26225,0.1561
2338800,borg_cluster_agg,0.10361,0.10173
2339100,borg_cluster_agg,0.25584,0.17854
2339400,borg_cluster_agg,0.40806,0.25536
2339700,borg_cluster_agg,0.34835,0.19167
2340000,borg_cluster_agg,0.28865,0.12798
2340300,borg_cluster_agg,0.27414,0.13118
2340600,borg_cluster_agg,0.25963,0.13439
2340900,borg_cluster_agg,0.24512,0.13759
2341200,borg_cluster_agg,0.2306,0.1408
2341500,borg_cluster_agg,0.21609,0.144
2341800,borg_cluster_agg,0.20158,0.14721
2342100,borg_cluster_agg,0.18707,0.15041
2342400,borg_cluster_agg,0.17256,0.15362
2342700,borg_cluster_agg,0.15805,0.15682
2343000,borg_cluster_agg,0.14353,0.16003
2343300,borg_cluster_agg,0.12902,0.16323
2343600,borg_cluster_agg,0.11451,0.16644
2343900,borg_cluster_agg,0.18849,0.15278
2344200,borg_cluster_agg,0.26246,0.13912
2344500,borg_cluster_agg,0.11737,0.11723
2344800,borg_cluster_agg,0.33483,0.2749
2345100,borg_cluster_agg,0.11117,0.10734
2345400,borg_cluster_agg,0.18196,0.20285
2345700,borg_cluster_agg,0.25276,0.29836
2346000,borg_cluster_agg,0.29231,0.15301
2346300,borg_cluster_agg,0.10444,0.13147
2346600,borg_cluster_agg,0.47069,0.25096
2346900,borg_cluster_agg,0.44598,0.23896
2347200,borg_cluster_agg,0.42128,0.22695
2347500,borg_cluster_agg,0.39657,0.21495
2347800,borg_cluster_agg,0.37187,0.20295
2348100,borg_cluster_agg,0.34716,0.19094
2348400,borg_cluster_agg,0.32246,0.17894
2348700,borg_cluster_agg,0.29775,0.16693
2349000,borg_cluster_agg,0.27305,0.15493
2349300,borg_cluster_agg,0.24834,0.14293
2349600,borg_cluster_agg,0.22364,0.13092
2349900,borg_cluster_agg,0.16384,0.16284
2350200,borg_cluster_agg,0.10405,0.19477
2350500,borg_cluster_agg,0.10201,0.15315
2350800,borg_cluster_agg,0.1,0.11154
2351100,borg_cluster_agg,0.1,0.10249
2351400,borg_cluster_agg,0.1,0.1
2351700,borg_cluster_agg,0.10192,0.13924
2352000,borg_cluster_agg,0.10638,0.18504
2352300,borg_cluster_agg,0.1037,0.16279
2352600,borg_cluster_agg,0.10101,0.14054
2352900,borg_cluster_agg,0.1044,0.12095
2353200,borg_cluster_agg,0.1078,0.10137
2353500,borg_cluster_agg,0.11379,0.15333
2353800,borg_cluster_agg,0.11977,0.20528
2354100,borg_cluster_agg,0.12575,0.25724
2354400,borg_cluster_agg,0.28902,0.21721
2354700,borg_cluster_agg,0.23212,0.18377
2355000,borg_cluster_agg,0.17523,0.15032
2355300,borg_cluster_agg,0.11833,0.11687
2355600,borg_cluster_agg,0.10226,0.10063
2355900,borg_cluster_agg,0.12804,0.85
2356200,borg_cluster_agg,0.14434,0.85
2356500,borg_cluster_agg,0.16064,0.85
2356800,borg_cluster_agg,0.17694,0.52345
2357100,borg_cluster_agg,0.47667,0.67142
2357400,borg_cluster_agg,0.7764,0.81938
2357700,borg_cluster_agg,0.85,0.85
2358000,borg_cluster_agg,0.20349,0.13536
2358300,borg_cluster_agg,0.18018,0.12011
2358600,borg_cluster_agg,0.35492,0.26967
2358900,borg_cluster_agg,0.52966,0.41923
2359200,borg_cluster_agg,0.8457,0.15524
2359500,borg_cluster_agg,0.47628,0.12851
2359800,borg_cluster_agg,0.10687,0.10179
2360100,borg_cluster_agg,0.3146,0.26145
2360400,borg_cluster_agg,0.52233,0.42111
2360700,borg_cluster_agg,0.3033,0.14681
2361000,borg_cluster_agg,0.36062,0.1548
2361300,borg_cluster_agg,0.41795,0.16279
2361600,borg_cluster_agg,0.47527,0.17077
2361900,borg_cluster_agg,0.53259,0.17876
2362200,borg_cluster_agg,0.3158,0.14073
2362500,borg_cluster_agg,0.1,0.10271
2362800,borg_cluster_agg,0.11277,0.1
2363100,borg_cluster_agg,0.12653,0.1
2363400,borg_cluster_agg,0.12195,0.85
2363700,borg_cluster_agg,0.12841,0.85
2364000,borg_cluster_agg,0.13486,0.1
2364300,borg_cluster_agg,0.10123,0.1
2364600,borg_cluster_agg,0.10263,0.10129
2364900,borg_cluster_agg,0.1611,0.17264
2365200,borg_cluster_agg,0.11263,0.1
2365500,borg_cluster_agg,0.17208,0.20874
2365800,borg_cluster_agg,0.1612,0.17428
2366100,borg_cluster_agg,0.15032,0.13983
2366400,borg_cluster_agg,0.13944,0.10538
2366700,borg_cluster_agg,0.18128,0.12582
2367000,borg_cluster_agg,0.22312,0.14627
2367300,borg_cluster_agg,0.26496,0.16671
2367600,borg_cluster_agg,0.3068,0.18715
2367900,borg_cluster_agg,0.34864,0.2076
2368200,borg_cluster_agg,0.39047,0.22804
2368500,borg_cluster_agg,0.11749,0.12205
2368800,borg_cluster_agg,0.37572,0.72884
2369100,borg_cluster_agg,0.15487,0.16016
2369400,borg_cluster_agg,0.14736,0.15815
2369700,borg_cluster_agg,0.13984,0.15614
2370000,borg_cluster_agg,0.13232,0.15414
2370300,borg_cluster_agg,0.12481,0.15213
2370600,borg_cluster_agg,0.11729,0.15012
2370900,borg_cluster_agg,0.10978,0.14812
2371200,borg_cluster_agg,0.10226,0.14611
2371500,borg_cluster_agg,0.17457,0.11898
2371800,borg_cluster_agg,0.16091,0.11593
2372100,borg_cluster_agg,0.14724,0.11288
2372400,borg_cluster_agg,0.13358,0.10983
2372700,borg_cluster_agg,0.11991,0.10678
2373000,borg_cluster_agg,0.10625,0.10373
2373300,borg_cluster_agg,0.1,0.1
2373600,borg_cluster_agg,0.1,0.1
2373900,borg_cluster_agg,0.1,0.1
2374200,borg_cluster_agg,0.15101,0.11373
2374500,borg_cluster_agg,0.20237,0.1302
2374800,borg_cluster_agg,0.25372,0.14668
2375100,borg_cluster_agg,0.28803,0.1544
2375400,borg_cluster_agg,0.32235,0.16212
2375700,borg_cluster_agg,0.21914,0.15388
2376000,borg_cluster_agg,0.11593,0.14564
2376300,borg_cluster_agg,0.11458,0.16934
2376600,borg_cluster_agg,0.11323,0.19304
2376900,borg_cluster_agg,0.16412,0.25881
2377200,borg_cluster_agg,0.14717,0.23575
2377500,borg_cluster_agg,0.13021,0.2127
2377800,borg_cluster_agg,0.11326,0.18965
2378100,borg_cluster_agg,0.41419,0.37592
2378400,borg_cluster_agg,0.71513,0.5622
2378700,borg_cluster_agg,0.40718,0.33028
2379000,borg_cluster_agg,0.1,0.1
2379300,borg_cluster_agg,0.1,0.10071
2379600,borg_cluster_agg,0.22693,0.13218
2379900,borg_cluster_agg,0.19621,0.12169
2380200,borg_cluster_agg,0.16548,0.11121
2380500,borg_cluster_agg,0.1697,0.36774
2380800,borg_cluster_agg,0.16851,0.37659
2381100,borg_cluster_agg,0.16732,0.38545
2381400,borg_cluster_agg,0.16613,0.3943
2381700,borg_cluster_agg,0.16494,0.40315
2382000,borg_cluster_agg,0.16375,0.41201
2382300,borg_cluster_agg,0.13331,0.2743
2382600,borg_cluster_agg,0.10286,0.1366
2382900,borg_cluster_agg,0.31966,0.14553
2383200,borg_cluster_agg,0.53646,0.15447
2383500,borg_cluster_agg,0.24818,0.33038
2383800,borg_cluster_agg,0.25477,0.28408
2384100,borg_cluster_agg,0.26136,0.23778
2384400,borg_cluster_agg,0.26796,0.19147
2384700,borg_cluster_agg,0.27455,0.14517
2385000,borg_cluster_agg,0.10506,0.10224
2385300,borg_cluster_agg,0.26997,0.14933
2385600,borg_cluster_agg,0.18623,0.12559
2385900,borg_cluster_agg,0.10249,0.10184
2386200,borg_cluster_agg,0.10281,0.1
2386500,borg_cluster_agg,0.10313,0.1
2386800,borg_cluster_agg,0.10345,0.1
2387100,borg_cluster_agg,0.19087,0.17859
2387400,borg_cluster_agg,0.27828,0.26326
2387700,borg_cluster_agg,0.26136,0.13897
2388000,borg_cluster_agg,0.33846,0.2056
2388300,borg_cluster_agg,0.10478,0.10208
2388600,borg_cluster_agg,0.14409,0.11127
2388900,borg_cluster_agg,0.1834,0.12045
2389200,borg_cluster_agg,0.62782,0.35958
2389500,borg_cluster_agg,0.84099,0.18817
2389800,borg_cluster_agg,0.10204,0.10098
2390100,borg_cluster_agg,0.10275,0.1055
2390400,borg_cluster_agg,0.10345,0.11003
2390700,borg_cluster_agg,0.10416,0.11455
2391000,borg_cluster_agg,0.10487,0.11907
2391300,borg_cluster_agg,0.10558,0.12359
2391600,borg_cluster_agg,0.10629,0.12812
2391900,borg_cluster_agg,0.107,0.13264
2392200,borg_cluster_agg,0.10771,0.13716
2392500,borg_cluster_agg,0.12344,0.1726
2392800,borg_cluster_agg,0.13917,0.20803
2393100,borg_cluster_agg,0.15489,0.24347
2393400,borg_cluster_agg,0.17062,0.2789
2393700,borg_cluster_agg,0.13691,0.19051
2394000,borg_cluster_agg,0.1032,0.10212
2394300,borg_cluster_agg,0.62782,0.21046
2394600,borg_cluster_agg,0.40146,0.20797
2394900,borg_cluster_agg,0.1751,0.20547
2395200,borg_cluster_agg,0.21326,0.21425
2395500,borg_cluster_agg,0.25142,0.22302
2395800,borg_cluster_agg,0.28958,0.23179
2396100,borg_cluster_agg,0.11109,0.13956
2396400,borg_cluster_agg,0.1,0.14179
2396700,borg_cluster_agg,0.11749,0.17448
2397000,borg_cluster_agg,0.13752,0.20717
2397300,borg_cluster_agg,0.1027,0.12127
2397600,borg_cluster_agg,0.1762,0.1748
2397900,borg_cluster_agg,0.2497,0.22834
2398200,borg_cluster_agg,0.3232,0.28187
2398500,borg_cluster_agg,0.3967,0.33541
2398800,borg_cluster_agg,0.36939,0.39035
2399100,borg_cluster_agg,0.34207,0.44529
2399400,borg_cluster_agg,0.28456,0.35846
2399700,borg_cluster_agg,0.22705,0.27164
2400000,borg_cluster_agg,0.16955,0.18482
2400300,borg_cluster_agg,0.11204,0.1
2400600,borg_cluster_agg,0.10367,0.10108
2400900,borg_cluster_agg,0.85,0.70616
2401200,borg_cluster_agg,0.81892,0.59189
2401500,borg_cluster_agg,0.22327,0.47762
2401800,borg_cluster_agg,0.20778,0.43304
2402100,borg_cluster_agg,0.19229,0.38847
2402400,borg_cluster_agg,0.1768,0.3439
2402700,borg_cluster_agg,0.16131,0.29933
2403000,borg_cluster_agg,0.14582,0.25475
2403300,borg_cluster_agg,0.13034,0.21018
2403600,borg_cluster_agg,0.11485,0.16561
2403900,borg_cluster_agg,0.1,0.12103
2404200,borg_cluster_agg,0.2599,0.18723
2404500,borg_cluster_agg,0.10231,0.44246
2404800,borg_cluster_agg,0.20207,0.43932
2405100,borg_cluster_agg,0.30184,0.43618
2405400,borg_cluster_agg,0.23455,0.33042
2405700,borg_cluster_agg,0.16726,0.22467
2406000,borg_cluster_agg,0.1,0.11891
2406300,borg_cluster_agg,0.12774,0.12101
2406600,borg_cluster_agg,0.15551,0.12311
2406900,borg_cluster_agg,0.18013,0.22775
2407200,borg_cluster_agg,0.20475,0.33239
2407500,borg_cluster_agg,0.22937,0.43703
2407800,borg_cluster_agg,0.25399,0.54167
2408100,borg_cluster_agg,0.2786,0.64631
2408400,borg_cluster_agg,0.30322,0.75095
2408700,borg_cluster_agg,0.32784,0.85
2409000,borg_cluster_agg,0.27128,0.66512
2409300,borg_cluster_agg,0.21471,0.47465
2409600,borg_cluster_agg,0.15814,0.28419
2409900,borg_cluster_agg,0.10158,0.1
2410200,borg_cluster_agg,0.12987,0.20049
2410500,borg_cluster_agg,0.10059,0.1
2410800,borg_cluster_agg,0.10194,0.11848
2411100,borg_cluster_agg,0.10329,0.13889
2411400,borg_cluster_agg,0.68276,0.29742
2411700,borg_cluster_agg,0.77799,0.18692
2412000,borg_cluster_agg,0.56739,0.17439
2412300,borg_cluster_agg,0.35679,0.16186
2412600,borg_cluster_agg,0.14618,0.14933
2412900,borg_cluster_agg,0.1763,0.18876
2413200,borg_cluster_agg,0.20642,0.2282
2413500,borg_cluster_agg,0.20246,0.21643
2413800,borg_cluster_agg,0.19849,0.20466
2414100,borg_cluster_agg,0.19452,0.19288
2414400,borg_cluster_agg,0.10343,0.10196
2414700,borg_cluster_agg,0.12662,0.25033
2415000,borg_cluster_agg,0.13869,0.3081
2415300,borg_cluster_agg,0.15075,0.36586
2415600,borg_cluster_agg,0.33773,0.38909
2415900,borg_cluster_agg,0.3207,0.35346
2416200,borg_cluster_agg,0.30367,0.31783
2416500,borg_cluster_agg,0.2479,0.44544
2416800,borg_cluster_agg,0.19214,0.57305
2417100,borg_cluster_agg,0.10146,0.11413
2417400,borg_cluster_agg,0.1307,0.16149
2417700,borg_cluster_agg,0.12441,0.15179
2418000,borg_cluster_agg,0.11812,0.14209
2418300,borg_cluster_agg,0.11183,0.13238
2418600,borg_cluster_agg,0.10554,0.12268
2418900,borg_cluster_agg,0.12093,0.46402
2419200,borg_cluster_agg,0.13633,0.80536
2419500,borg_cluster_agg,0.21555,0.58477
2419800,borg_cluster_agg,0.29477,0.36418
2420100,borg_cluster_agg,0.37399,0.1436
2420400,borg_cluster_agg,0.85,0.47193
2420700,borg_cluster_agg,0.85,0.80026
2421000,borg_cluster_agg,0.85,0.85
2421300,borg_cluster_agg,0.35797,0.23754
2421600,borg_cluster_agg,0.13656,0.19979
2421900,borg_cluster_agg,0.16018,0.22396
2422200,borg_cluster_agg,0.13065,0.16133
2422500,borg_cluster_agg,0.10112,0.1
2422800,borg_cluster_agg,0.10563,0.10283
2423100,borg_cluster_agg,0.20461,0.12234
2423400,borg_cluster_agg,0.2622,0.14003
2423700,borg_cluster_agg,0.31978,0.15772
2424000,borg_cluster_agg,0.28973,0.15588
2424300,borg_cluster_agg,0.25968,0.15403
2424600,borg_cluster_agg,0.22962,0.15219
2424900,borg_cluster_agg,0.19957,0.15035
2425200,borg_cluster_agg,0.11316,0.33038
2425500,borg_cluster_agg,0.11054,0.29148
2425800,borg_cluster_agg,0.10793,0.25258
2426100,borg_cluster_agg,0.10531,0.21368
2426400,borg_cluster_agg,0.10269,0.17478
2426700,borg_cluster_agg,0.10007,0.13588
2427000,borg_cluster_agg,0.1,0.1
2427300,borg_cluster_agg,0.1,0.1
2427600,borg_cluster_agg,0.1,0.1
2427900,borg_cluster_agg,0.1,0.11872
2428200,borg_cluster_agg,0.17939,0.15136
2428500,borg_cluster_agg,0.2588,0.184
2428800,borg_cluster_agg,0.33821,0.21664
2429100,borg_cluster_agg,0.41762,0.24928
2429400,borg_cluster_agg,0.49704,0.28192
2429700,borg_cluster_agg,0.43044,0.2547
2430000,borg_cluster_agg,0.36384,0.22748
2430300,borg_cluster_agg,0.29725,0.20026
2430600,borg_cluster_agg,0.23065,0.17304
2430900,borg_cluster_agg,0.16405,0.14582
2431200,borg_cluster_agg,0.1,0.1186
2431500,borg_cluster_agg,0.10952,0.1094
2431800,borg_cluster_agg,0.12159,0.1002
2432100,borg_cluster_agg,0.13477,0.14077
2432400,borg_cluster_agg,0.13106,0.13428
2432700,borg_cluster_agg,0.12735,0.12778
2433000,borg_cluster_agg,0.12365,0.12129
2433300,borg_cluster_agg,0.11994,0.11479
2433600,borg_cluster_agg,0.13932,0.12349
2433900,borg_cluster_agg,0.15871,0.13219
2434200,borg_cluster_agg,0.17809,0.14088
2434500,borg_cluster_agg,0.19748,0.14958
2434800,borg_cluster_agg,0.21686,0.15827
2435100,borg_cluster_agg,0.20768,0.15378
2435400,borg_cluster_agg,0.1985,0.14928
2435700,borg_cluster_agg,0.18931,0.14479
2436000,borg_cluster_agg,0.18013,0.14029
2436300,borg_cluster_agg,0.17095,0.13579
2436600,borg_cluster_agg,0.16176,0.1313
2436900,borg_cluster_agg,0.15258,0.1268
2437200,borg_cluster_agg,0.14499,0.1382
2437500,borg_cluster_agg,0.13741,0.14959
2437800,borg_cluster_agg,0.12982,0.16099
2438100,borg_cluster_agg,0.12224,0.17238
2438400,borg_cluster_agg,0.11465,0.18378
2438700,borg_cluster_agg,0.11025,0.10474
2439000,borg_cluster_agg,0.25312,0.14493
2439300,borg_cluster_agg,0.1,0.10098
2439600,borg_cluster_agg,0.2131,0.12404
2439900,borg_cluster_agg,0.32696,0.1471
2440200,borg_cluster_agg,0.33822,0.22786
2440500,borg_cluster_agg,0.34947,0.30862
2440800,borg_cluster_agg,0.2584,0.2144
2441100,borg_cluster_agg,0.16732,0.12017
2441400,borg_cluster_agg,0.14508,0.11859
2441700,borg_cluster_agg,0.12284,0.117
2442000,borg_cluster_agg,0.10059,0.11542
2442300,borg_cluster_agg,0.1,0.10441
2442600,borg_cluster_agg,0.1,0.1
2442900,borg_cluster_agg,0.1,0.1
2443200,borg_cluster_agg,0.1,0.1
2443500,borg_cluster_agg,0.10173,0.12081
2443800,borg_cluster_agg,0.10434,0.14468
2444100,borg_cluster_agg,0.10694,0.16854
2444400,borg_cluster_agg,0.10954,0.19241
2444700,borg_cluster_agg,0.10981,0.16132
2445000,borg_cluster_agg,0.11008,0.13023
2445300,borg_cluster_agg,0.11035,0.1
2445600,borg_cluster_agg,0.14348,0.1075
2445900,borg_cluster_agg,0.17661,0.11585
2446200,borg_cluster_agg,0.20975,0.12421
2446500,borg_cluster_agg,0.24288,0.13257
2446800,borg_cluster_agg,0.27601,0.14093
2447100,borg_cluster_agg,0.19036,0.12892
2447400,borg_cluster_agg,0.10471,0.11691
2447700,borg_cluster_agg,0.11374,0.11412
2448000,borg_cluster_agg,0.12276,0.11132
2448300,borg_cluster_agg,0.13179,0.10853
2448600,borg_cluster_agg,0.14081,0.10573
2448900,borg_cluster_agg,0.12866,0.11511
2449200,borg_cluster_agg,0.1165,0.12449
2449500,borg_cluster_agg,0.10435,0.13387
2449800,borg_cluster_agg,0.10473,0.12827
2450100,borg_cluster_agg,0.1051,0.12267
2450400,borg_cluster_agg,0.10548,0.11707
2450700,borg_cluster_agg,0.10586,0.11147
2451000,borg_cluster_agg,0.10624,0.10587
2451300,borg_cluster_agg,0.10661,0.10027
2451600,borg_cluster_agg,0.56737,0.35169
2451900,borg_cluster_agg,0.85,0.6031
2452200,borg_cluster_agg,0.56629,0.36208
2452500,borg_cluster_agg,0.10445,0.12106
2452800,borg_cluster_agg,0.20003,0.13586
2453100,borg_cluster_agg,0.29561,0.15066
2453400,borg_cluster_agg,0.25336,0.14968
2453700,borg_cluster_agg,0.21112,0.1487
2454000,borg_cluster_agg,0.16887,0.14772
2454300,borg_cluster_agg,0.12662,0.14674
2454600,borg_cluster_agg,0.1169,0.12896
2454900,borg_cluster_agg,0.10718,0.11118
2455200,borg_cluster_agg,0.1,0.1
2455500,borg_cluster_agg,0.1,0.1
2455800,borg_cluster_agg,0.10027,0.1
2456100,borg_cluster_agg,0.10167,0.1
2456400,borg_cluster_agg,0.156,0.1347
2456700,borg_cluster_agg,0.21033,0.17235
2457000,borg_cluster_agg,0.26466,0.20999
2457300,borg_cluster_agg,0.1741,0.1
2457600,borg_cluster_agg,0.14002,0.1
2457900,borg_cluster_agg,0.10595,0.10314
2458200,borg_cluster_agg,0.17305,0.15187
2458500,borg_cluster_agg,0.24015,0.20059
2458800,borg_cluster_agg,0.30726,0.24932
2459100,borg_cluster_agg,0.37436,0.29805
2459400,borg_cluster_agg,0.24283,0.26313
2459700,borg_cluster_agg,0.11131,0.2282
2460000,borg_cluster_agg,0.10668,0.10726
2460300,borg_cluster_agg,0.10517,0.17066
2460600,borg_cluster_agg,0.10366,0.23406
2460900,borg_cluster_agg,0.10215,0.29745
2461200,borg_cluster_agg,0.10064,0.36085
2461500,borg_cluster_agg,0.1,0.42425
2461800,borg_cluster_agg,0.1,0.10204
2462100,borg_cluster_agg,0.27199,0.2078
2462400,borg_cluster_agg,0.22872,0.18813
2462700,borg_cluster_agg,0.18546,0.16846
2463000,borg_cluster_agg,0.1422,0.14879
2463300,borg_cluster_agg,0.12191,0.12686
2463600,borg_cluster_agg,0.10161,0.10493
2463900,borg_cluster_agg,0.11856,0.10094
2464200,borg_cluster_agg,0.31136,0.69674
2464500,borg_cluster_agg,0.20808,0.39988
2464800,borg_cluster_agg,0.10479,0.10301
2465100,borg_cluster_agg,0.10787,0.85
2465400,borg_cluster_agg,0.10932,0.1031
2465700,borg_cluster_agg,0.16238,0.15929
2466000,borg_cluster_agg,0.21544,0.21549
2466300,borg_cluster_agg,0.26851,0.27168
2466600,borg_cluster_agg,0.19311,0.19365
2466900,borg_cluster_agg,0.11772,0.11562
2467200,borg_cluster_agg,0.11228,0.11027
2467500,borg_cluster_agg,0.10684,0.10492
2467800,borg_cluster_agg,0.1014,0.1
2468100,borg_cluster_agg,0.1032,0.11907
2468400,borg_cluster_agg,0.26204,0.15527
2468700,borg_cluster_agg,0.42088,0.19147
2469000,borg_cluster_agg,0.19324,0.17279
2469300,borg_cluster_agg,0.27354,0.59895
2469600,borg_cluster_agg,0.35385,0.85
2469900,borg_cluster_agg,0.10053,0.12443
2470200,borg_cluster_agg,0.11937,0.13075
2470500,borg_cluster_agg,0.1382,0.13708
2470800,borg_cluster_agg,0.61508,0.71855
2471100,borg_cluster_agg,0.10113,0.1
2471400,borg_cluster_agg,0.25826,0.18631
2471700,borg_cluster_agg,0.41538,0.27262
2472000,borg_cluster_agg,0.28209,0.23453
2472300,borg_cluster_agg,0.1488,0.19644
2472600,borg_cluster_agg,0.21205,0.20101
2472900,borg_cluster_agg,0.27531,0.20557
2473200,borg_cluster_agg,0.33857,0.21014
2473500,borg_cluster_agg,0.40183,0.2147
2473800,borg_cluster_agg,0.30148,0.17601
2474100,borg_cluster_agg,0.20113,0.13732
2474400,borg_cluster_agg,0.10078,0.1
2474700,borg_cluster_agg,0.13588,0.15776
2475000,borg_cluster_agg,0.17099,0.2169
2475300,borg_cluster_agg,0.37363,0.36617
2475600,borg_cluster_agg,0.21576,0.1226
2475900,borg_cluster_agg,0.26594,0.14258
2476200,borg_cluster_agg,0.37216,0.13889
2476500,borg_cluster_agg,0.85,0.85
2476800,borg_cluster_agg,0.85,0.85
2477100,borg_cluster_agg,0.85,0.85
2477400,borg_cluster_agg,0.10066,0.1
2477700,borg_cluster_agg,0.7736,0.29993
2478000,borg_cluster_agg,0.43569,0.20523
2478300,borg_cluster_agg,0.1,0.11052
2478600,borg_cluster_agg,0.25493,0.36376
2478900,borg_cluster_agg,0.41208,0.617
2479200,borg_cluster_agg,0.12506,0.1
2479500,borg_cluster_agg,0.46062,0.14429
2479800,borg_cluster_agg,0.79617,0.19317
2480100,borg_cluster_agg,0.85,0.24204
2480400,borg_cluster_agg,0.85,0.29092
2480700,borg_cluster_agg,0.85,0.3398
2481000,borg_cluster_agg,0.85,0.26038
2481300,borg_cluster_agg,0.66844,0.18095
2481600,borg_cluster_agg,0.10126,0.10153
2481900,borg_cluster_agg,0.10416,0.10443
2482200,borg_cluster_agg,0.10707,0.10734
2482500,borg_cluster_agg,0.11135,0.10306
2482800,borg_cluster_agg,0.21905,0.19004
2483100,borg_cluster_agg,0.32674,0.27702
2483400,borg_cluster_agg,0.27965,0.23116
2483700,borg_cluster_agg,0.23255,0.1853
2484000,borg_cluster_agg,0.18545,0.13944
2484300,borg_cluster_agg,0.14996,0.12892
2484600,borg_cluster_agg,0.11447,0.1184
2484900,borg_cluster_agg,0.10329,0.10279
2485200,borg_cluster_agg,0.32967,0.12692
2485500,borg_cluster_agg,0.30875,0.12453
2485800,borg_cluster_agg,0.28782,0.12215
2486100,borg_cluster_agg,0.26689,0.11976
2486400,borg_cluster_agg,0.24596,0.11737
2486700,borg_cluster_agg,0.22504,0.11499
2487000,borg_cluster_agg,0.20411,0.1126
2487300,borg_cluster_agg,0.18318,0.11021
2487600,borg_cluster_agg,0.16225,0.10783
2487900,borg_cluster_agg,0.14133,0.10544
2488200,borg_cluster_agg,0.1204,0.10305
2488500,borg_cluster_agg,0.1,0.10067
2488800,borg_cluster_agg,0.15038,0.12179
2489100,borg_cluster_agg,0.20128,0.14292
2489400,borg_cluster_agg,0.19945,0.15424
2489700,borg_cluster_agg,0.19763,0.16555
2490000,borg_cluster_agg,0.1958,0.17687
2490300,borg_cluster_agg,0.38132,0.51027
2490600,borg_cluster_agg,0.16439,0.12472
2490900,borg_cluster_agg,0.33407,0.13661
2491200,borg_cluster_agg,0.10687,0.11821
2491500,borg_cluster_agg,0.11561,0.11879
2491800,borg_cluster_agg,0.12435,0.11937
2492100,borg_cluster_agg,0.13309,0.11995
2492400,borg_cluster_agg,0.14183,0.12053
2492700,borg_cluster_agg,0.15058,0.1211
2493000,borg_cluster_agg,0.15932,0.12168
2493300,borg_cluster_agg,0.16806,0.12226
2493600,borg_cluster_agg,0.1768,0.12284
2493900,borg_cluster_agg,0.18555,0.12342
2494200,borg_cluster_agg,0.19222,0.12561
2494500,borg_cluster_agg,0.19889,0.1278
2494800,borg_cluster_agg,0.20556,0.12998
2495100,borg_cluster_agg,0.21223,0.13217
2495400,borg_cluster_agg,0.2189,0.13436
2495700,borg_cluster_agg,0.22557,0.13654
2496000,borg_cluster_agg,0.23225,0.13873
2496300,borg_cluster_agg,0.21477,0.1336
2496600,borg_cluster_agg,0.1973,0.12847
2496900,borg_cluster_agg,0.17983,0.12334
2497200,borg_cluster_agg,0.16235,0.11821
2497500,borg_cluster_agg,0.14488,0.11308
2497800,borg_cluster_agg,0.12741,0.10795
2498100,borg_cluster_agg,0.10993,0.10283
2498400,borg_cluster_agg,0.10542,0.33637
2498700,borg_cluster_agg,0.10091,0.56991
2499000,borg_cluster_agg,0.26796,0.13802
2499300,borg_cluster_agg,0.57196,0.28628
2499600,borg_cluster_agg,0.4879,0.22694
2499900,borg_cluster_agg,0.26592,0.16027
2500200,borg_cluster_agg,0.31943,0.18905
2500500,borg_cluster_agg,0.10293,0.11923
2500800,borg_cluster_agg,0.10906,0.12017
2501100,borg_cluster_agg,0.1152,0.12111
2501400,borg_cluster_agg,0.12916,0.12257
2501700,borg_cluster_agg,0.14313,0.12402
2502000,borg_cluster_agg,0.1571,0.12548
2502300,borg_cluster_agg,0.17106,0.12693
2502600,borg_cluster_agg,0.18503,0.12839
2502900,borg_cluster_agg,0.19899,0.12984
2503200,borg_cluster_agg,0.21296,0.1313
2503500,borg_cluster_agg,0.22693,0.13275
2503800,borg_cluster_agg,0.24089,0.13421
2504100,borg_cluster_agg,0.25486,0.13566
2504400,borg_cluster_agg,0.26882,0.13712
2504700,borg_cluster_agg,0.28279,0.13857
2505000,borg_cluster_agg,0.25283,0.17085
2505300,borg_cluster_agg,0.22287,0.20312
2505600,borg_cluster_agg,0.19291,0.23539
2505900,borg_cluster_agg,0.16295,0.26766
2506200,borg_cluster_agg,0.13299,0.29993
2506500,borg_cluster_agg,0.10808,0.34671
2506800,borg_cluster_agg,0.21906,0.22822
2507100,borg_cluster_agg,0.33004,0.10973
2507400,borg_cluster_agg,0.24667,0.1258
2507700,borg_cluster_agg,0.16329,0.14187
2508000,borg_cluster_agg,0.11103,0.1633
2508300,borg_cluster_agg,0.85,0.20952
2508600,borg_cluster_agg,0.7174,0.19296
2508900,borg_cluster_agg,0.41581,0.1764
2509200,borg_cluster_agg,0.11421,0.15984
2509500,borg_cluster_agg,0.2179,0.13916
2509800,borg_cluster_agg,0.32159,0.11848
2510100,borg_cluster_agg,0.42527,0.1
2510400,borg_cluster_agg,0.32319,0.12767
2510700,borg_cluster_agg,0.2211,0.15754
2511000,borg_cluster_agg,0.11902,0.18741
2511300,borg_cluster_agg,0.85,0.15262
2511600,borg_cluster_agg,0.11925,0.12339
2511900,borg_cluster_agg,0.32614,0.27726
2512200,borg_cluster_agg,0.53302,0.43112
2512500,borg_cluster_agg,0.7399,0.58498
2512800,borg_cluster_agg,0.47289,0.42205
2513100,borg_cluster_agg,0.20587,0.25912
2513400,borg_cluster_agg,0.18133,0.21938
2513700,borg_cluster_agg,0.15679,0.17964
2514000,borg_cluster_agg,0.13225,0.1399
2514300,borg_cluster_agg,0.10771,0.10016
2514600,borg_cluster_agg,0.14277,0.15434
2514900,borg_cluster_agg,0.17782,0.20852
2515200,borg_cluster_agg,0.21288,0.2627
2515500,borg_cluster_agg,0.24793,0.31688
2515800,borg_cluster_agg,0.28299,0.37106
2516100,borg_cluster_agg,0.31804,0.42524
2516400,borg_cluster_agg,0.3531,0.47942
2516700,borg_cluster_agg,0.10302,0.10914
2517000,borg_cluster_agg,0.11059,0.1243
2517300,borg_cluster_agg,0.11817,0.13946
2517600,borg_cluster_agg,0.12574,0.15462
2517900,borg_cluster_agg,0.13331,0.16978
2518200,borg_cluster_agg,0.14089,0.18494
2518500,borg_cluster_agg,0.14846,0.2001
2518800,borg_cluster_agg,0.32271,0.15804
2519100,borg_cluster_agg,0.21619,0.13001
2519400,borg_cluster_agg,0.10966,0.10199
2519700,borg_cluster_agg,0.10495,0.10217
2520000,borg_cluster_agg,0.10025,0.10235
2520300,borg_cluster_agg,0.26752,0.14526
2520600,borg_cluster_agg,0.43479,0.18817
2520900,borg_cluster_agg,0.24268,0.2001
2521200,borg_cluster_agg,0.10155,0.12048
2521500,borg_cluster_agg,0.12517,0.12341
2521800,borg_cluster_agg,0.14879,0.12634
2522100,borg_cluster_agg,0.1724,0.12927
2522400,borg_cluster_agg,0.19602,0.1322
2522700,borg_cluster_agg,0.21963,0.13513
2523000,borg_cluster_agg,0.24325,0.13805
2523300,borg_cluster_agg,0.26687,0.14098
2523600,borg_cluster_agg,0.29048,0.14391
2523900,borg_cluster_agg,0.3033,0.13661
2524200,borg_cluster_agg,0.10032,0.12386
2524500,borg_cluster_agg,0.10122,0.11587
2524800,borg_cluster_agg,0.10212,0.10787
2525100,borg_cluster_agg,0.10302,0.1
2525400,borg_cluster_agg,0.11713,0.19806
2525700,borg_cluster_agg,0.13124,0.29624
2526000,borg_cluster_agg,0.14535,0.39443
2526300,borg_cluster_agg,0.24202,0.39533
2526600,borg_cluster_agg,0.33869,0.39623
2526900,borg_cluster_agg,0.11047,0.11337
2527200,borg_cluster_agg,0.26649,0.14752
2527500,borg_cluster_agg,0.28658,0.14692
2527800,borg_cluster_agg,0.30666,0.14632
2528100,borg_cluster_agg,0.32674,0.14572
2528400,borg_cluster_agg,0.15795,0.14683
2528700,borg_cluster_agg,0.2733,0.17543
2529000,borg_cluster_agg,0.38864,0.20403
2529300,borg_cluster_agg,0.11047,0.10374
2529600,borg_cluster_agg,0.85,0.53806
2529900,borg_cluster_agg,0.85,0.85
2530200,borg_cluster_agg,0.34627,0.14192
2530500,borg_cluster_agg,0.10327,0.10275
2530800,borg_cluster_agg,0.1,0.1
2531100,borg_cluster_agg,0.28538,0.12161
2531400,borg_cluster_agg,0.47215,0.14878
2531700,borg_cluster_agg,0.44981,0.1618
2532000,borg_cluster_agg,0.42747,0.17483
2532300,borg_cluster_agg,0.65877,0.85
2532600,borg_cluster_agg,0.85,0.85
2532900,borg_cluster_agg,0.49596,0.84501
2533200,borg_cluster_agg,0.10185,0.11993
2533500,borg_cluster_agg,0.10068,0.46569
2533800,borg_cluster_agg,0.10542,0.40625
2534100,borg_cluster_agg,0.11015,0.34681
2534400,borg_cluster_agg,0.11488,0.28738
2534700,borg_cluster_agg,0.10151,0.1509
2535000,borg_cluster_agg,0.1046,0.10224
2535300,borg_cluster_agg,0.10307,0.1113
2535600,borg_cluster_agg,0.10153,0.12037
2535900,borg_cluster_agg,0.12033,0.13146
2536200,borg_cluster_agg,0.13913,0.14256
2536500,borg_cluster_agg,0.15793,0.15365
2536800,borg_cluster_agg,0.17673,0.16475
2537100,borg_cluster_agg,0.19553,0.17584
2537400,borg_cluster_agg,0.10256,0.12005
2537700,borg_cluster_agg,0.33105,0.13333
2538000,borg_cluster_agg,0.21913,0.14433
2538300,borg_cluster_agg,0.10722,0.15532
2538600,borg_cluster_agg,0.10842,0.14497
2538900,borg_cluster_agg,0.10963,0.13461
2539200,borg_cluster_agg,0.11084,0.12425
2539500,borg_cluster_agg,0.11204,0.11389
2539800,borg_cluster_agg,0.10703,0.10801
2540100,borg_cluster_agg,0.10201,0.10212
2540400,borg_cluster_agg,0.10158,0.1
2540700,borg_cluster_agg,0.10114,0.1
2541000,borg_cluster_agg,0.10024,0.11222
2541300,borg_cluster_agg,0.1,0.13033
2541600,borg_cluster_agg,0.1,0.12946
2541900,borg_cluster_agg,0.1,0.1286
2542200,borg_cluster_agg,0.1,0.12773
2542500,borg_cluster_agg,0.1,0.12686
2542800,borg_cluster_agg,0.1,0.12599
2543100,borg_cluster_agg,0.1,0.12512
2543400,borg_cluster_agg,0.1,0.12425
2543700,borg_cluster_agg,0.35069,0.23683
2544000,borg_cluster_agg,0.26628,0.18902
2544300,borg_cluster_agg,0.18187,0.14122
2544600,borg_cluster_agg,0.1,0.1
2544900,borg_cluster_agg,0.10936,0.1
2545200,borg_cluster_agg,0.12126,0.1
2545500,borg_cluster_agg,0.13317,0.1
2545800,borg_cluster_agg,0.85,0.33038
2546100,borg_cluster_agg,0.10655,0.17373
2546400,borg_cluster_agg,0.1,0.10746
2546700,borg_cluster_agg,0.16723,0.369
2547000,borg_cluster_agg,0.19716,0.32585
2547300,borg_cluster_agg,0.22708,0.2827
2547600,borg_cluster_agg,0.25701,0.23955
2547900,borg_cluster_agg,0.28693,0.1964
2548200,borg_cluster_agg,0.31685,0.15325
2548500,borg_cluster_agg,0.27922,0.30853
2548800,borg_cluster_agg,0.24159,0.4638
2549100,borg_cluster_agg,0.19558,0.34275
2549400,borg_cluster_agg,0.14957,0.22169
2549700,borg_cluster_agg,0.10356,0.10063
2550000,borg_cluster_agg,0.12631,0.1
2550300,borg_cluster_agg,0.10835,0.11405
2550600,borg_cluster_agg,0.1,0.38532
2550900,borg_cluster_agg,0.10008,0.27682
2551200,borg_cluster_agg,0.10023,0.16832
2551500,borg_cluster_agg,0.10254,0.1002
2551800,borg_cluster_agg,0.1002,0.10118
2552100,borg_cluster_agg,0.14809,0.10938
2552400,borg_cluster_agg,0.65566,0.15176
2552700,borg_cluster_agg,0.54456,0.14488
2553000,borg_cluster_agg,0.43346,0.13799
2553300,borg_cluster_agg,0.32236,0.13111
2553600,borg_cluster_agg,0.21126,0.12423
2553900,borg_cluster_agg,0.10016,0.11734
2554200,borg_cluster_agg,0.15557,0.12551
2554500,borg_cluster_agg,0.21098,0.13368
2554800,borg_cluster_agg,0.19103,0.13362
2555100,borg_cluster_agg,0.17108,0.13355
2555400,borg_cluster_agg,0.10087,0.18912
2555700,borg_cluster_agg,0.10061,0.17235
2556000,borg_cluster_agg,0.10035,0.15559
2556300,borg_cluster_agg,0.1001,0.13882
2556600,borg_cluster_agg,0.1,0.12205
2556900,borg_cluster_agg,0.10032,0.11378
2557200,borg_cluster_agg,0.10081,0.10551
2557500,borg_cluster_agg,0.10129,0.1
2557800,borg_cluster_agg,0.14366,0.12744
2558100,borg_cluster_agg,0.18603,0.15765
2558400,borg_cluster_agg,0.2284,0.18786
2558700,borg_cluster_agg,0.29861,0.22415
2559000,borg_cluster_agg,0.36883,0.26044
2559300,borg_cluster_agg,0.43904,0.29673
2559600,borg_cluster_agg,0.50926,0.33302
2559900,borg_cluster_agg,0.57947,0.36931
2560200,borg_cluster_agg,0.34533,0.25508
2560500,borg_cluster_agg,0.11119,0.14085
2560800,borg_cluster_agg,0.26301,0.14054
2561100,borg_cluster_agg,0.20097,0.13508
2561400,borg_cluster_agg,0.13894,0.12963
2561700,borg_cluster_agg,0.11238,0.17171
2562000,borg_cluster_agg,0.13129,0.16633
2562300,borg_cluster_agg,0.1502,0.16095
2562600,borg_cluster_agg,0.16911,0.15557
2562900,borg_cluster_agg,0.18802,0.15019
2563200,borg_cluster_agg,0.20693,0.14482
2563500,borg_cluster_agg,0.22584,0.13944
2563800,borg_cluster_agg,0.19962,0.16678
2564100,borg_cluster_agg,0.1734,0.19411
2564400,borg_cluster_agg,0.14718,0.22145
2564700,borg_cluster_agg,0.14401,0.19817
2565000,borg_cluster_agg,0.14084,0.17488
2565300,borg_cluster_agg,0.13767,0.15159
2565600,borg_cluster_agg,0.13451,0.12831
2565900,borg_cluster_agg,0.13134,0.10502
2566200,borg_cluster_agg,0.11692,0.11346
2566500,borg_cluster_agg,0.10249,0.1219
2566800,borg_cluster_agg,0.10582,0.12282
2567100,borg_cluster_agg,0.10915,0.12374
2567400,borg_cluster_agg,0.10828,0.12935
2567700,borg_cluster_agg,0.21892,0.19498
2568000,borg_cluster_agg,0.32956,0.26061
2568300,borg_cluster_agg,0.4402,0.32624
2568600,borg_cluster_agg,0.55083,0.39186
2568900,borg_cluster_agg,0.66147,0.45749
2569200,borg_cluster_agg,0.77211,0.52312
2569500,borg_cluster_agg,0.85,0.58875
2569800,borg_cluster_agg,0.76931,0.52637
2570100,borg_cluster_agg,0.65587,0.46399
2570400,borg_cluster_agg,0.54243,0.40162
2570700,borg_cluster_agg,0.42899,0.33924
2571000,borg_cluster_agg,0.31555,0.27686
2571300,borg_cluster_agg,0.20212,0.21449
2571600,borg_cluster_agg,0.16783,0.17556
2571900,borg_cluster_agg,0.13355,0.13663
2572200,borg_cluster_agg,0.1,0.1
2572500,borg_cluster_agg,0.15016,0.11247
2572800,borg_cluster_agg,0.20104,0.12725
2573100,borg_cluster_agg,0.27458,0.16844
2573400,borg_cluster_agg,0.34811,0.20964
2573700,borg_cluster_agg,0.25332,0.20071
2574000,borg_cluster_agg,0.15853,0.19178
2574300,borg_cluster_agg,0.20958,0.16102
2574600,borg_cluster_agg,0.26063,0.13025
2574900,borg_cluster_agg,0.23419,0.15502
2575200,borg_cluster_agg,0.20775,0.17978
2575500,borg_cluster_agg,0.18131,0.20454
2575800,borg_cluster_agg,0.15487,0.2293
2576100,borg_cluster_agg,0.2483,0.20126
2576400,borg_cluster_agg,0.34173,0.17321
2576700,borg_cluster_agg,0.43516,0.14517
2577000,borg_cluster_agg,0.26631,0.12111
2577300,borg_cluster_agg,0.1,0.1
2577600,borg_cluster_agg,0.1,0.1
2577900,borg_cluster_agg,0.1,0.1
2578200,borg_cluster_agg,0.135,0.28706
2578500,borg_cluster_agg,0.12909,0.23182
2578800,borg_cluster_agg,0.12317,0.17659
2579100,borg_cluster_agg,0.11726,0.12135
2579400,borg_cluster_agg,0.28903,0.29258
2579700,borg_cluster_agg,0.4608,0.4638
2580000,borg_cluster_agg,0.4986,0.42626
2580300,borg_cluster_agg,0.5364,0.38871
2580600,borg_cluster_agg,0.5742,0.35117
2580900,borg_cluster_agg,0.612,0.31362
2581200,borg_cluster_agg,0.6498,0.27607
2581500,borg_cluster_agg,0.74283,0.29758
2581800,borg_cluster_agg,0.83586,0.31908
2582100,borg_cluster_agg,0.85,0.34059
2582400,borg_cluster_agg,0.85,0.36209
2582700,borg_cluster_agg,0.85,0.3836
2583000,borg_cluster_agg,0.85,0.4051
2583300,borg_cluster_agg,0.10568,0.10247
2583600,borg_cluster_agg,0.10907,0.11365
2583900,borg_cluster_agg,0.11246,0.12482
2584200,borg_cluster_agg,0.11585,0.136
2584500,borg_cluster_agg,0.11925,0.14718
2584800,borg_cluster_agg,0.12264,0.15835
2585100,borg_cluster_agg,0.1022,0.11962
2585400,borg_cluster_agg,0.15761,0.14087
2585700,borg_cluster_agg,0.21302,0.16212
2586000,borg_cluster_agg,0.19871,0.16546
2586300,borg_cluster_agg,0.1844,0.1688
2586600,borg_cluster_agg,0.17009,0.17214
2586900,borg_cluster_agg,0.15579,0.17548
2587200,borg_cluster_agg,0.14148,0.17882
2587500,borg_cluster_agg,0.12717,0.18217
2587800,borg_cluster_agg,0.11286,0.18551
2588100,borg_cluster_agg,0.12786,0.1888
2588400,borg_cluster_agg,0.11389,0.18794
2588700,borg_cluster_agg,0.1,0.18708
2589000,borg_cluster_agg,0.29213,0.15552
2589300,borg_cluster_agg,0.10295,0.11848
2589600,borg_cluster_agg,0.41355,0.1943
2589900,borg_cluster_agg,0.29372,0.21301
2590200,borg_cluster_agg,0.17389,0.23173
2590500,borg_cluster_agg,0.35888,0.24241
2590800,borg_cluster_agg,0.1,0.1
2591100,borg_cluster_agg,0.1,0.1
2591400,borg_cluster_agg,0.1,0.1
2591700,borg_cluster_agg,0.10075,0.10012
2592000,borg_cluster_agg,0.10185,0.10235
2592300,borg_cluster_agg,0.25458,0.11979
2592600,borg_cluster_agg,0.4073,0.13722
2592900,borg_cluster_agg,0.41424,0.38004
2593200,borg_cluster_agg,0.42118,0.62286
2593500,borg_cluster_agg,0.34682,0.49252
2593800,borg_cluster_agg,0.27246,0.36217
2594100,borg_cluster_agg,0.1981,0.23183
2594400,borg_cluster_agg,0.12375,0.10148
2594700,borg_cluster_agg,0.1,0.11891
2595000,borg_cluster_agg,0.85,0.85
2595300,borg_cluster_agg,0.21362,0.15218
2595600,borg_cluster_agg,0.17556,0.14104
2595900,borg_cluster_agg,0.13749,0.1299
2596200,borg_cluster_agg,0.1,0.11876
2596500,borg_cluster_agg,0.10802,0.14368
2596800,borg_cluster_agg,0.11661,0.16859
2597100,borg_cluster_agg,0.1252,0.19351
2597400,borg_cluster_agg,0.22877,0.4186
2597700,borg_cluster_agg,0.10394,0.12025
2598000,borg_cluster_agg,0.11293,0.12743
2598300,borg_cluster_agg,0.17318,0.13335
2598600,borg_cluster_agg,0.45494,0.29648
2598900,borg_cluster_agg,0.36557,0.24571
2599200,borg_cluster_agg,0.2762,0.19494
2599500,borg_cluster_agg,0.18683,0.14418
2599800,borg_cluster_agg,0.1,0.1
2600100,borg_cluster_agg,0.10604,0.1
2600400,borg_cluster_agg,0.11462,0.1
2600700,borg_cluster_agg,0.31764,0.14882
2601000,borg_cluster_agg,0.52066,0.2016
2601300,borg_cluster_agg,0.72368,0.25438
2601600,borg_cluster_agg,0.85,0.30715
2601900,borg_cluster_agg,0.51369,0.20364
2602200,borg_cluster_agg,0.10068,0.10012
2602500,borg_cluster_agg,0.20621,0.16259
2602800,borg_cluster_agg,0.31173,0.22506
2603100,borg_cluster_agg,0.31337,0.20254
2603400,borg_cluster_agg,0.31502,0.18001
2603700,borg_cluster_agg,0.25849,0.16162
2604000,borg_cluster_agg,0.20197,0.14323
2604300,borg_cluster_agg,0.14544,0.12484
2604600,borg_cluster_agg,0.53929,0.47949
2604900,borg_cluster_agg,0.10794,0.18127
2605200,borg_cluster_agg,0.40513,0.63765
2605500,borg_cluster_agg,0.11023,0.10137
2605800,borg_cluster_agg,0.11265,0.10664
2606100,borg_cluster_agg,0.11507,0.11191
2606400,borg_cluster_agg,0.11749,0.11717
2606700,borg_cluster_agg,0.11991,0.12244
2607000,borg_cluster_agg,0.12233,0.1277
2607300,borg_cluster_agg,0.12475,0.13297
2607600,borg_cluster_agg,0.12717,0.13823
2607900,borg_cluster_agg,0.12959,0.1435
2608200,borg_cluster_agg,0.13201,0.14877
2608500,borg_cluster_agg,0.13443,0.15403
2608800,borg_cluster_agg,0.13685,0.1593
2609100,borg_cluster_agg,0.13926,0.16456
2609400,borg_cluster_agg,0.14168,0.16983
2609700,borg_cluster_agg,0.31832,0.137
2610000,borg_cluster_agg,0.28288,0.17648
2610300,borg_cluster_agg,0.24745,0.21596
2610600,borg_cluster_agg,0.10485,0.12272
2610900,borg_cluster_agg,0.38795,0.19092
2611200,borg_cluster_agg,0.67104,0.25912
2611500,borg_cluster_agg,0.14017,0.12876
2611800,borg_cluster_agg,0.13277,0.11863
2612100,borg_cluster_agg,0.12537,0.10849
2612400,borg_cluster_agg,0.11797,0.1
2612700,borg_cluster_agg,0.1187,0.10175
2613000,borg_cluster_agg,0.11943,0.10514
2613300,borg_cluster_agg,0.75528,0.36052
2613600,borg_cluster_agg,0.65529,0.32421
2613900,borg_cluster_agg,0.5553,0.2879
2614200,borg_cluster_agg,0.4553,0.25159
2614500,borg_cluster_agg,0.35348,0.19779
2614800,borg_cluster_agg,0.25166,0.14399
2615100,borg_cluster_agg,0.21699,0.13327
2615400,borg_cluster_agg,0.18233,0.12254
2615700,borg_cluster_agg,0.14766,0.11182
2616000,borg_cluster_agg,0.113,0.1011
2616300,borg_cluster_agg,0.1,0.10228
2616600,borg_cluster_agg,0.28133,0.10887
2616900,borg_cluster_agg,0.23129,0.16074
2617200,borg_cluster_agg,0.10581,0.1029
2617500,borg_cluster_agg,0.43677,0.15001
2617800,borg_cluster_agg,0.76774,0.19712
2618100,borg_cluster_agg,0.60236,0.24963
2618400,borg_cluster_agg,0.43699,0.30213
2618700,borg_cluster_agg,0.10139,0.11974
2619000,borg_cluster_agg,0.1,0.1
2619300,borg_cluster_agg,0.11312,0.35236
2619600,borg_cluster_agg,0.10542,0.22585
2619900,borg_cluster_agg,0.85,0.49457
2620200,borg_cluster_agg,0.85,0.85
2620500,borg_cluster_agg,0.85,0.85
2620800,borg_cluster_agg,0.68813,0.70344
2621100,borg_cluster_agg,0.44285,0.29774
2621400,borg_cluster_agg,0.48398,0.36071
2621700,borg_cluster_agg,0.5251,0.42369
2622000,borg_cluster_agg,0.56622,0.48667
2622300,borg_cluster_agg,0.74942,0.26885
2622600,borg_cluster_agg,0.60365,0.21999
2622900,borg_cluster_agg,0.45787,0.17112
2623200,borg_cluster_agg,0.31209,0.12225
2623500,borg_cluster_agg,0.30678,0.16879
2623800,borg_cluster_agg,0.30147,0.21533
2624100,borg_cluster_agg,0.29158,0.17389
2624400,borg_cluster_agg,0.1,0.11581
2624700,borg_cluster_agg,0.1,0.11389
2625000,borg_cluster_agg,0.1,0.11197
2625300,borg_cluster_agg,0.1,0.11005
2625600,borg_cluster_agg,0.1,0.10812
2625900,borg_cluster_agg,0.1,0.1062
2626200,borg_cluster_agg,0.1,0.10428
2626500,borg_cluster_agg,0.1,0.10235
2626800,borg_cluster_agg,0.1,0.10043
2627100,borg_cluster_agg,0.1,0.1
2627400,borg_cluster_agg,0.1,0.1
2627700,borg_cluster_agg,0.13001,0.13651
2628000,borg_cluster_agg,0.16256,0.17644
2628300,borg_cluster_agg,0.19511,0.21637
2628600,borg_cluster_agg,0.22767,0.2563
2628900,borg_cluster_agg,0.25399,0.22889
2629200,borg_cluster_agg,0.28032,0.20148
2629500,borg_cluster_agg,0.30664,0.17407
2629800,borg_cluster_agg,0.33297,0.14666
2630100,borg_cluster_agg,0.27766,0.12923
2630400,borg_cluster_agg,0.22236,0.11181
2630700,borg_cluster_agg,0.16705,0.1
2631000,borg_cluster_agg,0.10025,0.1
2631300,borg_cluster_agg,0.1483,0.64555
2631600,borg_cluster_agg,0.19635,0.85
2631900,borg_cluster_agg,0.19409,0.85
2632200,borg_cluster_agg,0.19183,0.85
2632500,borg_cluster_agg,0.18957,0.71589
2632800,borg_cluster_agg,0.18732,0.55715
2633100,borg_cluster_agg,0.18506,0.3984
2633400,borg_cluster_agg,0.1828,0.23966
2633700,borg_cluster_agg,0.17309,0.2134
2634000,borg_cluster_agg,0.16339,0.18714
2634300,borg_cluster_agg,0.15368,0.16088
2634600,borg_cluster_agg,0.14397,0.13462
2634900,borg_cluster_agg,0.13427,0.10836
2635200,borg_cluster_agg,0.1,0.10718
2635500,borg_cluster_agg,0.10337,0.12201
2635800,borg_cluster_agg,0.84319,0.27356
2636100,borg_cluster_agg,0.10295,0.13159
2636400,borg_cluster_agg,0.155,0.42286
2636700,borg_cluster_agg,0.19303,0.33138
2637000,borg_cluster_agg,0.23105,0.23991
2637300,borg_cluster_agg,0.26907,0.14844
2637600,borg_cluster_agg,0.21739,0.13236
2637900,borg_cluster_agg,0.16571,0.11628
2638200,borg_cluster_agg,0.11403,0.1002
2638500,borg_cluster_agg,0.1,0.10041
2638800,borg_cluster_agg,0.13157,0.14195
2639100,borg_cluster_agg,0.62516,0.20821
2639400,borg_cluster_agg,0.85,0.27448
2639700,borg_cluster_agg,0.85,0.34074
2640000,borg_cluster_agg,0.85,0.28571
2640300,borg_cluster_agg,0.85,0.23067
2640600,borg_cluster_agg,0.4877,0.17564
2640900,borg_cluster_agg,0.11282,0.1206
2641200,borg_cluster_agg,0.18364,0.24296
2641500,borg_cluster_agg,0.25446,0.36531
2641800,borg_cluster_agg,0.32528,0.48766
2642100,borg_cluster_agg,0.3641,0.18299
2642400,borg_cluster_agg,0.41538,0.27835
2642700,borg_cluster_agg,0.46666,0.37371
2643000,borg_cluster_agg,0.51794,0.46906
2643300,borg_cluster_agg,0.56922,0.56442
2643600,borg_cluster_agg,0.62049,0.65977
2643900,borg_cluster_agg,0.67177,0.75513
2644200,borg_cluster_agg,0.10219,0.14005
2644500,borg_cluster_agg,0.22271,0.21418
2644800,borg_cluster_agg,0.34323,0.28832
2645100,borg_cluster_agg,0.103,0.10118
2645400,borg_cluster_agg,0.10295,0.45062
2645700,borg_cluster_agg,0.10409,0.36539
2646000,borg_cluster_agg,0.10523,0.28016
2646300,borg_cluster_agg,0.10637,0.19492
2646600,borg_cluster_agg,0.10751,0.10969
2646900,borg_cluster_agg,0.17859,0.60444
2647200,borg_cluster_agg,0.1,0.42613
2647500,borg_cluster_agg,0.1008,0.32019
2647800,borg_cluster_agg,0.10192,0.21426
2648100,borg_cluster_agg,0.10304,0.10832
2648400,borg_cluster_agg,0.10525,0.11048
2648700,borg_cluster_agg,0.10745,0.11264
2649000,borg_cluster_agg,0.10965,0.11479
2649300,borg_cluster_agg,0.11186,0.11695
2649600,borg_cluster_agg,0.13359,0.20213
2649900,borg_cluster_agg,0.15532,0.28732
2650200,borg_cluster_agg,0.12268,0.1219
2650500,borg_cluster_agg,0.11527,0.12086
2650800,borg_cluster_agg,0.10787,0.11983
2651100,borg_cluster_agg,0.10046,0.1188
2651400,borg_cluster_agg,0.12062,0.85
2651700,borg_cluster_agg,0.14079,0.85
2652000,borg_cluster_agg,0.16096,0.85
2652300,borg_cluster_agg,0.18113,0.85
2652600,borg_cluster_agg,0.2013,0.85
2652900,borg_cluster_agg,0.55814,0.85
2653200,borg_cluster_agg,0.85,0.29209
2653500,borg_cluster_agg,0.10423,0.13543
2653800,borg_cluster_agg,0.35605,0.2833
2654100,borg_cluster_agg,0.34925,0.26683
2654400,borg_cluster_agg,0.34246,0.25037
2654700,borg_cluster_agg,0.33566,0.23391
2655000,borg_cluster_agg,0.32887,0.21745
2655300,borg_cluster_agg,0.32207,0.20099
2655600,borg_cluster_agg,0.30039,0.19461
2655900,borg_cluster_agg,0.2787,0.18822
2656200,borg_cluster_agg,0.25702,0.18184
2656500,borg_cluster_agg,0.23533,0.17546
2656800,borg_cluster_agg,0.21365,0.16907
2657100,borg_cluster_agg,0.19196,0.16269
2657400,borg_cluster_agg,0.17027,0.15631
2657700,borg_cluster_agg,0.14859,0.14993
2658000,borg_cluster_agg,0.1269,0.14354
2658300,borg_cluster_agg,0.10522,0.13716
2658600,borg_cluster_agg,0.19781,0.18824
2658900,borg_cluster_agg,0.2904,0.23932
2659200,borg_cluster_agg,0.38299,0.29041
2659500,borg_cluster_agg,0.47558,0.34149
2659800,borg_cluster_agg,0.56818,0.39257
2660100,borg_cluster_agg,0.33711,0.22776
2660400,borg_cluster_agg,0.22528,0.17644
2660700,borg_cluster_agg,0.11344,0.12511
2661000,borg_cluster_agg,0.13388,0.23262
2661300,borg_cluster_agg,0.15432,0.34012
2661600,borg_cluster_agg,0.10398,0.10286
2661900,borg_cluster_agg,0.44908,0.41358
2662200,borg_cluster_agg,0.11268,0.13206
2662500,borg_cluster_agg,0.17915,0.14184
2662800,borg_cluster_agg,0.24562,0.15163
2663100,borg_cluster_agg,0.31209,0.16141
2663400,borg_cluster_agg,0.39791,0.18908
2663700,borg_cluster_agg,0.48373,0.21675
2664000,borg_cluster_agg,0.56954,0.24442
2664300,borg_cluster_agg,0.65536,0.27208
2664600,borg_cluster_agg,0.74118,0.29975
2664900,borg_cluster_agg,0.13088,0.2158
2665200,borg_cluster_agg,0.35568,0.36868
2665500,borg_cluster_agg,0.40677,0.3329
2665800,borg_cluster_agg,0.45787,0.29711
2666100,borg_cluster_agg,0.10922,0.10078
2666400,borg_cluster_agg,0.10609,0.25096
2666700,borg_cluster_agg,0.12189,0.23885
2667000,borg_cluster_agg,0.13769,0.22674
2667300,borg_cluster_agg,0.15349,0.21463
2667600,borg_cluster_agg,0.16929,0.20252
2667900,borg_cluster_agg,0.18509,0.19041
2668200,borg_cluster_agg,0.1535,0.17958
2668500,borg_cluster_agg,0.12919,0.14315
2668800,borg_cluster_agg,0.10487,0.10671
2669100,borg_cluster_agg,0.18344,0.1215
2669400,borg_cluster_agg,0.38042,0.14801
2669700,borg_cluster_agg,0.85,0.85
2670000,borg_cluster_agg,0.85,0.85
2670300,borg_cluster_agg,0.85,0.85
2670600,borg_cluster_agg,0.35727,0.68841
2670900,borg_cluster_agg,0.32239,0.55142
2671200,borg_cluster_agg,0.28752,0.41443
2671500,borg_cluster_agg,0.25265,0.27744
2671800,borg_cluster_agg,0.21778,0.14046
2672100,borg_cluster_agg,0.18477,0.16628
2672400,borg_cluster_agg,0.15176,0.1921
2672700,borg_cluster_agg,0.14271,0.17564
2673000,borg_cluster_agg,0.13366,0.15919
2673300,borg_cluster_agg,0.12461,0.14273
2673600,borg_cluster_agg,0.11556,0.12628
2673900,borg_cluster_agg,0.10651,0.10982
2674200,borg_cluster_agg,0.1,0.1
2674500,borg_cluster_agg,0.10091,0.12284
2674800,borg_cluster_agg,0.20987,0.2188
2675100,borg_cluster_agg,0.31884,0.31476
2675400,borg_cluster_agg,0.27518,0.2716
2675700,borg_cluster_agg,0.23152,0.22843
2676000,borg_cluster_agg,0.18786,0.18527
2676300,borg_cluster_agg,0.14421,0.1421
2676600,borg_cluster_agg,0.10055,0.1
2676900,borg_cluster_agg,0.21258,0.1556
2677200,borg_cluster_agg,0.32462,0.21227
2677500,borg_cluster_agg,0.43665,0.26893
2677800,borg_cluster_agg,0.41099,0.43429
2678100,borg_cluster_agg,0.47838,0.44685
2678400,borg_cluster_agg,0.85,0.14124
